id,nome,cpf,data_nascimento
1,Gabriela Silva,433.218.196-43,1952-11-07
2,Antonio Souza,338.908.386-34,1969-10-11
3,Igor Rocha,402.654.235-11,1959-03-04
4,Eduarda Ferreira,155.940.781-69,1983-12-17
5,Eduarda Cardoso,495.931.034-06,1957-02-27
6,Patricia Oliveira,647.525.534-30,1956-05-28
7,Vinicius Costa,832.764.835-72,1955-01-07
8,Patricia Santos,564.139.537-48,1985-06-30
9,Joao Pereira,423.884.969-85,1985-10-31
10,Daniel Almeida,287.101.226-13,2003-07-05
11,Daniela Ferreira,697.848.018-50,1973-12-09
12,Bruno Oliveira,462.704.828-95,1959-07-19
13,Valter Mendes,932.528.809-54,1979-01-30
14,Marcos Silva,154.303.911-15,1993-08-07
15,Daniela Cardoso,227.824.896-07,1969-01-01
16,Rafael Rodrigues,465.787.133-10,1955-09-30
17,Bruno Silva,983.930.103-90,1956-01-18
18,Beatriz Gomes,183.473.829-64,2001-09-11
19,Lucas Almeida,763.116.566-12,1991-11-25
20,Camila Oliveira,065.133.387-35,1962-07-30
21,Henrique Costa,473.178.108-60,1951-04-29
22,Eduarda Almeida,267.736.026-88,1950-03-12
23,Eduardo Carvalho,746.872.343-56,1955-04-01
24,Thiago Cardoso,050.097.882-41,1955-02-07
25,Nicolas Souza,219.136.193-54,2001-12-09
26,Vinicius Santos,916.998.543-00,1978-03-10
27,Rafaela Carvalho,624.751.079-95,2000-07-05
28,Fernanda Souza,838.425.135-50,1975-07-27
29,Julia Araujo,849.808.412-10,1973-09-23
30,Gabriela Oliveira,824.493.534-02,1995-05-06
31,Marcos Carvalho,016.400.524-29,1964-06-30
32,Igor Cardoso,680.112.805-11,2002-04-05
33,Samuel Pereira,620.450.533-50,1959-03-23
34,Carlos Cardoso,692.322.602-39,1979-10-21
35,Gabriel Almeida,421.607.337-92,1981-05-15
36,Valter Almeida,303.654.145-49,1995-09-14
37,Felipe Cardoso,501.429.401-43,2003-07-10
38,Henrique Ribeiro,569.816.934-96,1953-12-25
39,Henrique Silva,883.561.595-04,1961-03-07
40,Valter Mendes,465.648.236-65,1984-01-06
41,Larissa Dias,946.804.436-00,2002-01-12
42,Vinicius Gomes,777.387.214-72,1996-03-30
43,William Gomes,134.332.003-86,1992-08-17
44,William Souza,769.367.632-51,1950-07-01
45,Fernanda Martins,328.708.317-14,1961-12-18
46,Joao Mendes,895.798.687-19,1964-04-12
47,Lucas Araujo,434.873.471-21,1975-08-20
48,Rafaela Carvalho,558.122.362-91,1969-03-12
49,Daniela Martins,658.760.366-17,2002-05-27
50,Antonio Rocha,670.546.688-04,2004-02-14
51,Patricia Nascimento,346.706.562-79,1991-12-07
52,Helena Dias,806.990.162-40,1991-06-03
53,Larissa Santos,465.375.564-73,1987-10-27
54,Sofia Souza,708.053.100-45,1972-03-08
55,Mariana Silva,923.271.937-10,1972-12-27
56,Daniel Costa,991.241.904-97,2001-08-28
57,Eduardo Ferreira,319.314.919-50,1953-09-07
58,Carlos Cardoso,651.850.671-79,1988-11-22
59,Daniel Araujo,262.849.877-49,1989-01-28
60,Thiago Carvalho,531.473.799-06,1984-01-01
61,Bruno Silva,752.735.454-20,2003-06-26
62,Taina Cardoso,083.136.783-05,1992-09-17
63,Marcos Araujo,014.363.495-08,1992-06-16
64,Samuel Mendes,568.557.444-43,1970-09-07
65,Gabriela Rodrigues,518.233.749-30,1997-01-25
66,Vinicius Lima,134.352.408-30,1961-05-10
67,Taina Santos,084.271.094-90,1992-02-11
68,Lucas Araujo,520.471.167-83,1956-08-24
69,Tiago Santos,229.413.186-07,2004-05-24
70,Vinicius Dias,386.774.964-75,2001-01-05
71,William Santos,913.341.232-41,1999-07-10
72,Daniela Costa,067.974.034-13,1975-05-14
73,Joao Souza,349.361.832-88,1973-10-31
74,Isabela Souza,024.994.717-00,1977-04-13
75,Felipe Carvalho,887.719.065-50,2004-02-29
76,Sofia Silva,139.904.902-06,1992-03-18
77,Paulo Araujo,429.671.756-17,1979-11-26
78,Andre Oliveira,256.746.807-28,1957-11-25
79,Andre Carvalho,516.808.760-40,1966-10-30
80,Paulo Ribeiro,977.034.824-47,1989-04-22
81,Marcos Oliveira,093.248.086-13,1958-05-13
82,Patricia Oliveira,712.748.467-81,1992-05-13
83,Rafaela Araujo,826.398.214-66,1987-03-24
84,Bruno Mendes,404.499.727-63,1998-04-27
85,Lucas Ribeiro,588.675.339-75,1984-05-11
86,Patricia Martins,057.662.702-08,1995-01-24
87,Thiago Gomes,171.870.262-00,1956-09-17
88,Lucas Carvalho,596.158.657-02,1998-07-16
89,Beatriz Dias,134.316.117-70,1964-12-04
90,Valter Silva,050.455.623-12,1997-08-27
91,Gabriel Rocha,222.196.937-59,2002-04-26
92,Isabela Almeida,747.407.482-66,1956-08-17
93,Igor Ribeiro,946.474.367-05,1959-07-27
94,Rafaela Ferreira,959.440.640-21,2000-10-09
95,Camila Dias,743.953.394-17,1962-04-09
96,Fernanda Santos,470.952.145-06,1987-04-12
97,Larissa Rodrigues,285.884.247-70,1976-06-24
98,Bruno Oliveira,712.368.516-41,1951-04-02
99,Sofia Cardoso,175.496.513-02,1992-04-19
100,Antonio Dias,859.317.461-29,1962-07-17
101,Beatriz Santos,471.138.267-41,1983-04-15
102,Rafael Martins,926.179.640-00,1983-03-30
103,Natalia Araujo,735.158.506-78,1974-10-02
104,Mariana Oliveira,713.900.532-02,2000-08-26
105,Natalia Souza,839.335.290-85,1974-11-16
106,Isabela Pereira,842.102.053-62,2002-10-30
107,Andre Silva,240.268.117-94,1990-03-21
108,Daniel Mendes,917.839.084-24,1991-02-04
109,Antonio Santos,766.177.115-21,2004-07-28
110,Isabela Souza,249.985.698-05,1976-06-16
111,Joao Mendes,961.183.673-29,1987-02-15
112,Bruno Araujo,661.565.452-04,1992-07-19
113,Daniela Souza,116.152.809-10,2000-05-20
114,Samuel Gomes,165.604.945-78,1959-04-18
115,Tiago Mendes,327.315.851-45,1974-12-29
116,Tiago Almeida,689.980.940-02,1966-03-09
117,Taina Lima,550.229.612-10,1952-10-01
118,Eduarda Mendes,366.752.545-10,2000-12-02
119,Vinicius Souza,022.901.476-30,1993-07-28
120,Vinicius Araujo,643.815.614-06,2003-03-19
121,Marcos Mendes,403.690.034-03,1968-12-13
122,Helena Carvalho,451.076.226-74,1997-10-12
123,Patricia Mendes,851.606.071-37,1978-02-01
124,Tiago Martins,966.416.052-05,2005-06-15
125,Joao Ribeiro,161.369.681-77,1985-07-04
126,Valter Gomes,352.181.883-79,1981-05-06
127,Carlos Pereira,312.432.921-05,1965-11-22
128,Marcos Araujo,997.995.527-96,1956-02-16
129,Lucas Araujo,449.058.147-58,1990-07-18
130,Beatriz Santos,541.199.867-05,2002-01-24
131,Samuel Santos,793.597.820-41,1990-06-02
132,Fernanda Gomes,182.037.788-10,2004-09-16
133,Julia Ribeiro,546.659.051-77,1979-07-31
134,Fernanda Cardoso,644.925.192-11,1981-05-20
135,Valter Ferreira,291.486.528-73,1958-05-21
136,Henrique Mendes,505.423.573-64,1970-04-29
137,Helena Pereira,141.888.059-00,1961-10-04
138,Vinicius Ferreira,222.927.065-63,1971-04-24
139,Igor Dias,473.834.735-74,2001-03-05
140,Igor Araujo,468.862.392-52,1972-06-06
141,Camila Nascimento,581.814.124-19,1990-04-24
142,Nicolas Pereira,613.750.606-19,1995-01-14
143,Daniel Almeida,615.305.152-97,1962-05-06
144,Beatriz Lima,727.790.104-52,1969-05-07
145,Isabela Cardoso,986.143.410-08,1971-05-24
146,Gabriel Dias,711.798.089-32,1971-09-15
147,Isabela Lima,609.539.621-21,1996-12-18
148,Daniel Souza,888.880.670-94,1984-09-16
149,Daniel Carvalho,051.531.952-01,1953-12-23
150,Carlos Cardoso,527.722.170-00,1976-04-29
151,Mariana Santos,305.486.874-55,1953-04-14
152,Mariana Lima,505.415.667-41,1984-09-08
153,Bruno Costa,775.841.616-00,2004-01-19
154,Larissa Cardoso,451.154.479-40,1988-03-24
155,Julia Araujo,570.596.401-34,1986-06-11
156,Daniel Mendes,202.970.213-70,1982-11-12
157,Daniel Ferreira,909.275.571-00,2001-06-28
158,Helena Mendes,565.431.027-56,1996-06-13
159,Eduardo Cardoso,144.739.473-94,1961-01-01
160,Helena Souza,727.155.188-38,1976-01-19
161,Valter Costa,258.313.237-73,1952-05-11
162,Daniel Cardoso,957.829.114-09,1985-09-20
163,Lucas Mendes,669.125.177-65,1996-05-31
164,Carlos Pereira,892.268.018-00,1963-09-24
165,Valter Costa,253.584.143-63,1999-06-02
166,Taina Pereira,498.182.992-21,1965-05-11
167,William Dias,590.010.943-76,2001-04-30
168,Gabriel Dias,078.447.364-10,1990-09-09
169,Daniela Santos,276.773.592-99,1978-01-16
170,Andre Ribeiro,625.881.537-55,1960-12-28
171,Taina Araujo,321.046.963-64,1964-04-30
172,Andre Rocha,532.787.747-79,1952-01-30
173,Eduarda Ferreira,873.395.004-05,1994-05-26
174,Vinicius Nascimento,480.162.456-17,1982-10-31
175,Beatriz Ferreira,098.358.416-83,1995-03-29
176,Igor Cardoso,499.121.655-94,2000-01-18
177,Daniel Pereira,398.680.002-62,1979-11-18
178,Lucas Mendes,729.825.952-06,1985-04-03
179,William Lima,958.887.947-75,1951-06-30
180,Daniel Gomes,169.409.749-89,2001-10-27
181,Patricia Santos,972.896.230-45,2001-05-14
182,Gabriela Rodrigues,075.626.368-93,2004-11-09
183,Lucas Santos,283.857.865-03,1965-07-15
184,Joao Cardoso,585.497.334-07,2000-01-26
185,Valter Almeida,443.757.584-90,1975-10-27
186,Gabriela Rocha,866.524.041-17,1981-01-27
187,Igor Carvalho,733.848.421-03,2005-03-27
188,Thiago Almeida,308.330.165-04,1992-05-19
189,Fernanda Pereira,082.677.345-11,1975-08-10
190,Camila Souza,938.026.206-07,1994-06-11
191,Larissa Lima,004.991.547-97,1998-09-28
192,Paulo Nascimento,287.431.527-32,1973-01-30
193,Larissa Silva,549.329.668-30,1979-06-03
194,Eduarda Ferreira,122.753.046-30,1971-02-17
195,Igor Carvalho,549.904.530-50,1960-08-09
196,Joao Lima,268.414.593-85,1969-08-29
197,Helena Nascimento,279.568.783-65,1972-03-14
198,Vinicius Souza,878.519.108-62,1995-05-08
199,Mariana Rocha,822.587.139-19,1993-11-08
200,Eduarda Mendes,707.286.790-27,2000-02-18
201,Joao Lima,064.039.106-04,1980-11-28
202,Daniela Cardoso,017.046.226-97,1983-08-06
203,Eduardo Araujo,661.825.128-14,1985-04-06
204,Paulo Pereira,300.478.686-94,1970-08-09
205,Rafaela Araujo,524.310.690-95,1971-08-05
206,Natalia Souza,190.790.306-27,1989-05-19
207,Patricia Cardoso,302.843.959-00,2003-08-23
208,Andre Almeida,428.364.408-05,2003-01-30
209,Larissa Martins,870.568.566-40,1963-05-22
210,Valter Ferreira,287.334.270-62,2000-06-15
211,Gabriel Martins,882.634.351-96,1990-05-09
212,Daniel Souza,830.469.901-03,1966-11-18
213,Thiago Cardoso,373.540.331-03,1992-12-19
214,Rafaela Dias,363.854.678-05,1982-03-26
215,Valter Carvalho,587.717.535-16,1978-01-27
216,Gabriel Santos,932.048.996-32,1976-06-25
217,Isabela Rodrigues,536.937.854-14,1993-11-02
218,Marcos Araujo,252.287.280-07,1997-01-02
219,Beatriz Souza,006.231.203-05,1995-05-16
220,Joao Ribeiro,099.770.088-25,1986-11-26
221,Ana Silva,848.408.621-68,1958-08-23
222,Paulo Pereira,339.845.461-57,1983-06-21
223,Felipe Araujo,933.410.166-00,1983-11-03
224,Samuel Nascimento,002.176.591-01,1997-05-20
225,Beatriz Almeida,397.401.489-64,1952-12-14
226,Larissa Gomes,039.261.429-44,1971-07-29
227,Tiago Ferreira,856.218.501-90,1989-03-19
228,Patricia Souza,599.965.047-00,1994-01-06
229,Patricia Ribeiro,866.296.194-04,1972-02-10
230,Daniela Souza,426.265.511-39,1950-06-20
231,Valter Araujo,541.212.678-26,1999-10-08
232,Nicolas Martins,101.581.995-88,1984-07-24
233,Ana Lima,661.839.826-60,1965-03-17
234,Helena Carvalho,447.212.646-07,1976-11-22
235,Lucas Souza,543.799.371-43,1962-02-26
236,Valter Silva,659.657.569-17,1962-03-19
237,Valter Gomes,937.526.547-16,2001-08-31
238,Rafaela Gomes,646.519.398-13,1966-02-21
239,Samuel Silva,737.416.724-59,1971-09-18
240,Sofia Pereira,661.797.968-07,1995-06-14
241,Gabriel Cardoso,058.911.352-64,2004-12-19
242,Beatriz Rocha,656.101.438-37,1996-07-17
243,Samuel Rocha,937.567.982-91,1980-12-12
244,Antonio Nascimento,146.112.545-69,1990-11-07
245,Natalia Mendes,757.177.514-00,1954-01-04
246,Gabriela Silva,512.382.825-71,2000-03-24
247,Henrique Araujo,362.266.093-70,1990-05-02
248,Thiago Martins,603.341.918-90,1966-10-10
249,Daniel Gomes,371.478.596-50,2004-11-04
250,Felipe Rocha,155.792.499-69,1957-08-09
251,Helena Gomes,134.125.286-84,1987-07-10
252,Vinicius Pereira,966.278.282-60,1993-12-05
253,Valentina Pereira,257.905.072-80,1967-07-04
254,Eduardo Cardoso,876.767.721-50,2000-09-21
255,Antonio Almeida,404.384.279-12,1994-06-09
256,Samuel Mendes,191.485.807-75,1999-01-06
257,Natalia Martins,134.074.517-84,1960-07-13
258,Rafaela Rodrigues,959.629.233-16,1955-04-30
259,Tiago Ribeiro,849.825.449-30,1973-12-26
260,Nicolas Oliveira,260.422.325-25,1972-03-17
261,Felipe Nascimento,294.667.116-01,1996-04-04
262,Taina Ribeiro,775.901.751-02,1997-12-12
263,Felipe Rodrigues,637.454.589-31,1961-09-19
264,Tiago Nascimento,500.170.127-91,1990-12-16
265,Ana Martins,324.241.541-80,1983-05-12
266,Julia Santos,643.611.037-20,1956-12-28
267,Helena Rocha,387.005.162-01,1992-11-09
268,Daniela Almeida,611.155.426-30,1961-12-11
269,Isabela Souza,890.927.532-46,1986-12-08
270,William Araujo,311.219.656-28,1978-03-20
271,Helena Almeida,413.899.940-07,1977-01-23
272,Natalia Mendes,983.640.376-09,1960-02-12
273,Rafaela Nascimento,918.055.269-28,1987-10-04
274,Daniel Cardoso,271.091.043-89,1953-07-29
275,Camila Ferreira,848.666.188-92,2005-04-08
276,Isabela Carvalho,141.832.856-15,2002-08-12
277,Daniela Lima,630.316.179-08,2004-08-15
278,Camila Lima,210.202.758-98,1996-05-27
279,Sofia Costa,524.105.648-36,1955-09-24
280,Sofia Rocha,177.850.792-18,1982-12-27
281,Julia Carvalho,191.380.003-26,1954-02-15
282,Lucas Ribeiro,622.086.353-45,1987-05-06
283,Andre Carvalho,195.180.238-16,1954-02-13
284,Felipe Souza,744.518.705-77,1968-01-02
285,Valentina Rocha,493.759.738-83,1971-12-29
286,Isabela Silva,603.850.506-74,1977-08-03
287,Fernanda Rodrigues,836.702.410-94,1970-10-07
288,Paulo Martins,571.918.261-69,2003-02-07
289,Tiago Santos,623.445.655-31,1990-08-14
290,Taina Almeida,132.912.127-97,1991-10-24
291,Andre Martins,185.374.741-69,1958-02-10
292,Julia Lima,903.521.356-46,1996-01-25
293,Camila Lima,420.678.831-60,1991-06-15
294,Fernanda Pereira,100.323.651-01,2002-03-30
295,Thiago Carvalho,101.372.151-93,1953-10-31
296,Joao Santos,296.670.662-74,1981-10-03
297,Natalia Costa,447.209.993-44,1976-06-23
298,Marcos Martins,870.146.263-61,1997-03-04
299,Rafaela Cardoso,065.787.598-83,1978-11-08
300,Eduardo Carvalho,205.930.407-59,1997-07-01
301,Carlos Rocha,321.334.803-15,2001-08-25
302,Eduardo Ribeiro,223.955.905-50,2000-12-04
303,Tiago Pereira,937.842.701-40,1955-01-15
304,Patricia Dias,308.705.932-34,1980-07-27
305,Larissa Gomes,002.921.851-97,1983-07-08
306,Felipe Rocha,154.522.675-06,1965-08-18
307,Samuel Dias,539.264.422-80,1950-02-28
308,Tiago Ferreira,902.959.391-17,1994-07-07
309,Isabela Gomes,135.521.570-69,1973-10-17
310,Natalia Almeida,154.100.676-30,1964-12-03
311,Gabriel Nascimento,658.617.932-71,1990-06-27
312,Daniela Santos,405.411.526-88,1964-06-08
313,Daniela Cardoso,159.970.629-61,1988-12-14
314,Julia Santos,153.368.844-30,1976-09-06
315,Rafaela Oliveira,069.872.050-43,1988-05-12
316,Eduarda Lima,973.103.241-02,1992-06-26
317,Gabriela Lima,677.418.625-45,1984-03-22
318,Daniel Costa,704.774.349-91,1955-07-13
319,Isabela Oliveira,158.693.806-18,1996-11-18
320,Gabriel Cardoso,793.741.608-46,2001-03-31
321,Paulo Rocha,921.722.332-85,1953-10-30
322,Henrique Souza,632.945.116-80,1999-11-30
323,Felipe Cardoso,548.709.986-37,1960-02-05
324,Gabriel Pereira,299.911.914-37,1998-01-20
325,Carlos Martins,467.997.024-34,1986-02-25
326,Isabela Dias,960.653.074-40,1983-06-01
327,Antonio Gomes,444.713.247-80,1978-10-15
328,Taina Martins,913.736.785-42,1955-01-16
329,Nicolas Costa,148.628.902-96,1967-04-18
330,Mariana Santos,307.053.457-00,1995-04-26
331,Felipe Oliveira,035.797.279-15,1999-06-19
332,Carlos Ribeiro,241.406.029-88,1969-03-24
333,Patricia Almeida,346.800.722-10,2003-12-07
334,Ana Almeida,494.466.574-15,1969-07-30
335,Joao Lima,896.910.858-01,2003-04-09
336,Vinicius Lima,417.154.544-72,1976-10-21
337,Mariana Pereira,830.965.207-04,1976-07-09
338,Sofia Martins,660.993.538-60,1992-09-05
339,Carlos Mendes,428.241.724-28,2000-02-26
340,Larissa Gomes,135.346.554-35,2002-07-14
341,Valentina Araujo,170.999.173-90,1994-11-25
342,Gabriela Ferreira,846.022.356-62,2001-01-31
343,Joao Pereira,521.752.500-24,1990-07-22
344,Taina Rodrigues,292.712.966-56,1986-03-11
345,Henrique Nascimento,600.835.058-81,1967-02-05
346,Antonio Silva,335.421.689-12,1977-06-18
347,Julia Souza,044.789.856-69,1962-01-02
348,Bruno Nascimento,532.603.323-24,1951-12-20
349,Thiago Mendes,215.064.890-36,2003-04-14
350,Camila Oliveira,001.676.184-74,1992-07-24
351,Isabela Rodrigues,046.184.992-57,1987-07-30
352,Fernanda Mendes,914.117.393-70,1973-08-05
353,Paulo Rodrigues,564.208.737-11,1979-08-30
354,Rafaela Silva,011.972.181-30,1959-02-02
355,Sofia Almeida,744.701.204-13,1982-04-26
356,Andre Martins,110.022.557-91,2005-10-14
357,Taina Souza,552.166.746-67,1992-11-27
358,Gabriel Costa,120.216.979-16,1989-04-23
359,Larissa Dias,659.027.716-84,1989-07-15
360,Beatriz Souza,450.899.358-31,1996-12-06
361,William Oliveira,637.562.890-36,1951-01-17
362,Julia Mendes,772.175.354-68,1954-07-08
363,Nicolas Almeida,866.317.797-66,1957-11-24
364,Marcos Araujo,517.016.608-73,1999-04-06
365,Ana Souza,994.883.755-07,1954-11-14
366,Patricia Araujo,589.975.711-68,1969-11-23
367,Ana Gomes,548.851.027-31,1962-08-08
368,Gabriel Oliveira,493.316.373-14,1980-04-26
369,Fernanda Martins,091.779.827-97,1950-05-23
370,Paulo Santos,869.782.922-49,1959-04-17
371,Eduardo Dias,958.669.346-55,1980-10-04
372,Valentina Araujo,226.984.858-68,1969-07-01
373,Mariana Rodrigues,945.228.851-56,1981-08-08
374,Samuel Nascimento,996.846.081-87,1952-04-08
375,Eduardo Pereira,003.424.420-40,1976-06-24
376,Natalia Cardoso,057.198.386-35,1971-04-26
377,Nicolas Lima,066.658.004-90,1968-03-21
378,William Araujo,359.893.347-96,1965-12-01
379,Daniela Costa,281.606.484-05,1961-09-02
380,Julia Rocha,405.720.259-55,1954-07-25
381,William Lima,798.515.832-43,1996-09-15
382,Daniela Mendes,268.861.533-58,1979-10-11
383,Bruno Ribeiro,439.878.015-73,1989-12-25
384,Rafaela Dias,930.561.648-85,1975-05-17
385,Antonio Mendes,588.770.435-71,1996-02-08
386,Eduarda Oliveira,288.013.361-01,1968-06-11
387,Rafael Martins,120.750.110-79,1965-12-20
388,Sofia Cardoso,193.466.766-80,1978-05-21
389,Antonio Ferreira,180.919.015-00,1995-02-10
390,Fernanda Lima,491.476.607-83,1964-01-10
391,Rafael Almeida,268.424.508-88,1999-10-19
392,Isabela Oliveira,009.968.814-09,1968-11-05
393,Carlos Rodrigues,682.223.943-04,1960-04-13
394,Larissa Rocha,087.814.141-37,1967-09-17
395,Thiago Nascimento,552.314.913-65,1978-07-06
396,Marcos Araujo,594.929.955-81,1988-06-04
397,Julia Silva,533.645.257-22,1991-07-11
398,Igor Ribeiro,478.129.142-24,1998-04-28
399,Mariana Carvalho,110.809.969-66,1969-02-01
400,Beatriz Cardoso,488.725.639-68,1976-02-09
401,Helena Araujo,881.658.039-99,1964-11-17
402,Nicolas Pereira,722.992.750-10,1969-08-19
403,Marcos Almeida,145.303.856-63,1992-02-20
404,Joao Santos,051.844.989-07,1965-08-06
405,Eduardo Ferreira,591.846.386-05,1981-08-29
406,Carlos Nascimento,790.827.231-23,1996-02-29
407,Taina Rodrigues,222.591.365-08,1960-03-02
408,Lucas Nascimento,739.260.302-75,2001-06-14
409,Thiago Costa,280.920.242-78,1996-05-08
410,Felipe Dias,904.137.977-08,1965-04-21
411,Patricia Martins,929.298.425-04,1990-09-07
412,Vinicius Rocha,136.621.038-77,1995-04-01
413,Gabriel Pereira,912.799.088-58,1960-07-17
414,Eduarda Nascimento,298.068.650-65,1997-07-14
415,Henrique Almeida,765.991.624-60,1992-10-21
416,Patricia Souza,498.643.009-20,1996-11-17
417,Gabriela Mendes,063.565.126-28,2002-07-08
418,Sofia Carvalho,869.594.636-37,1999-07-14
419,Samuel Nascimento,258.874.495-86,1985-09-19
420,Helena Oliveira,372.138.658-20,2005-02-01
421,Camila Costa,601.279.611-00,1973-08-08
422,Patricia Ribeiro,190.669.849-02,1955-02-26
423,Larissa Nascimento,703.843.098-01,1996-04-11
424,Patricia Dias,205.302.146-28,1981-09-06
425,Felipe Ferreira,938.011.848-11,2002-04-19
426,Carlos Ribeiro,439.376.904-09,1965-09-14
427,Gabriel Mendes,181.845.184-04,1998-04-05
428,Tiago Carvalho,769.735.779-89,1952-06-15
429,Lucas Oliveira,416.335.658-40,1998-01-21
430,Ana Carvalho,341.651.827-61,1978-02-27
431,Carlos Rodrigues,942.373.334-42,1968-07-20
432,Patricia Rodrigues,395.211.179-15,1950-08-06
433,Rafael Santos,759.579.472-29,1995-11-09
434,Taina Ferreira,392.086.780-75,1995-01-30
435,Carlos Ferreira,271.875.003-00,1984-01-16
436,Thiago Oliveira,559.428.434-65,1992-04-15
437,William Gomes,527.636.556-37,1975-02-01
438,Igor Costa,929.314.386-00,1984-03-03
439,Mariana Pereira,270.267.288-49,1978-04-29
440,Marcos Lima,489.061.203-38,1972-10-24
441,Lucas Oliveira,754.558.845-22,1951-10-12
442,Gabriel Oliveira,593.998.245-00,1979-03-02
443,Nicolas Nascimento,716.947.225-20,1987-11-05
444,William Rocha,611.253.554-84,1973-12-30
445,Vinicius Ferreira,475.987.622-79,1952-01-27
446,Helena Almeida,413.261.117-52,1999-03-16
447,Camila Silva,681.149.216-33,1977-10-03
448,Patricia Almeida,472.282.005-86,1979-03-06
449,Lucas Araujo,848.728.299-72,1990-12-17
450,Tiago Martins,884.578.317-04,1977-08-15
451,Daniel Martins,424.008.254-40,1992-02-04
452,Rafael Silva,774.064.930-96,1999-03-08
453,Daniel Rodrigues,686.632.663-08,1973-08-05
454,Eduarda Martins,389.448.463-24,1956-02-22
455,Larissa Pereira,417.974.973-40,1978-10-07
456,Antonio Pereira,080.214.427-60,1950-09-26
457,Patricia Souza,207.356.475-50,1991-08-08
458,Beatriz Gomes,120.461.872-02,1967-03-30
459,Sofia Ferreira,013.673.037-02,1958-06-06
460,Paulo Rodrigues,764.520.881-30,1972-09-22
461,Lucas Lima,350.313.650-99,1965-01-06
462,Taina Rocha,163.009.792-61,1983-04-27
463,Eduarda Almeida,271.950.052-67,1998-02-13
464,Fernanda Pereira,735.857.306-47,1982-02-18
465,Helena Carvalho,077.848.739-30,1966-09-29
466,Rafael Ribeiro,574.982.182-08,1990-04-26
467,Valentina Carvalho,857.086.209-19,1982-08-31
468,William Almeida,518.638.782-70,2004-12-31
469,Valentina Gomes,651.181.022-43,1952-10-21
470,Mariana Oliveira,731.096.789-50,2002-12-16
471,Sofia Santos,539.103.717-44,1955-06-13
472,Daniel Cardoso,650.948.014-06,1956-12-28
473,Natalia Mendes,113.863.383-62,2001-02-20
474,Larissa Cardoso,861.957.612-73,1966-03-09
475,Samuel Ferreira,852.897.558-45,1979-02-16
476,Daniel Martins,659.398.368-36,1972-10-17
477,Daniel Araujo,760.049.082-07,1977-01-29
478,Ana Lima,335.048.889-70,2001-04-13
479,Isabela Oliveira,075.224.593-70,1970-11-26
480,Sofia Lima,196.931.572-57,1993-10-21
481,Tiago Oliveira,940.961.055-97,1988-12-18
482,Gabriel Oliveira,390.604.805-54,1998-06-10
483,Tiago Pereira,583.206.799-15,1995-04-13
484,Eduarda Almeida,646.225.179-49,1954-06-04
485,Samuel Ferreira,416.862.278-92,1967-10-10
486,Marcos Ferreira,938.983.314-07,1988-08-01
487,Andre Rocha,116.655.355-80,2003-04-13
488,Antonio Lima,259.792.703-29,1967-12-01
489,Daniel Pereira,110.392.405-26,1959-12-26
490,Valter Araujo,705.383.388-73,1973-03-16
491,Samuel Nascimento,920.698.042-40,1955-05-24
492,Valentina Rodrigues,940.701.645-53,1959-09-06
493,Antonio Lima,636.815.798-49,1957-11-24
494,Larissa Rodrigues,878.003.845-00,1993-12-15
495,Felipe Costa,055.543.840-64,1973-02-12
496,Eduardo Silva,843.256.216-52,1996-09-18
497,William Almeida,639.264.957-31,1998-08-24
498,Helena Rodrigues,298.324.826-74,1963-01-09
499,Tiago Costa,518.812.520-00,1978-08-04
500,Gabriel Martins,474.231.220-17,2004-11-26
501,William Carvalho,999.393.305-88,1957-02-17
502,Lucas Pereira,897.526.772-58,1964-09-10
503,Mariana Almeida,060.463.331-99,1965-11-20
504,Igor Dias,757.366.096-06,1978-01-27
505,Felipe Dias,998.808.177-45,1953-10-21
506,Rafaela Mendes,860.868.034-39,1989-06-08
507,Felipe Lima,472.649.082-67,1991-08-04
508,Igor Souza,812.982.665-80,1990-06-14
509,Antonio Costa,793.714.521-88,1958-03-08
510,Gabriela Araujo,518.689.268-85,1984-02-23
511,Beatriz Costa,592.222.064-01,1977-10-08
512,Igor Lima,212.309.407-23,1994-08-24
513,Marcos Cardoso,097.339.776-40,1989-08-23
514,Eduarda Dias,903.849.830-65,1966-08-01
515,Isabela Santos,502.099.451-09,1954-05-26
516,Fernanda Martins,224.999.827-21,2001-12-10
517,Daniel Santos,145.561.681-80,1976-04-09
518,Lucas Pereira,145.868.339-71,1955-03-22
519,Fernanda Rocha,817.946.954-94,1997-02-19
520,Tiago Dias,529.978.772-37,2004-09-03
521,Patricia Lima,301.071.396-77,1987-02-23
522,Beatriz Gomes,583.034.414-93,1976-12-09
523,Nicolas Cardoso,501.556.990-40,1965-10-04
524,Mariana Gomes,577.027.278-37,1980-01-24
525,Joao Martins,084.958.803-00,2001-10-20
526,Bruno Ribeiro,124.056.829-07,2004-05-04
527,Eduardo Costa,914.504.617-43,1971-04-28
528,Daniel Araujo,438.421.503-77,1958-04-23
529,Igor Mendes,078.235.784-92,1979-05-15
530,Isabela Oliveira,823.076.810-27,1977-11-25
531,Beatriz Dias,157.018.409-72,1978-01-02
532,Natalia Gomes,334.485.714-23,1963-05-25
533,Julia Carvalho,109.881.385-57,1999-04-15
534,Andre Carvalho,249.321.495-14,1998-07-01
535,Igor Santos,207.016.016-55,1985-02-28
536,Larissa Dias,979.545.381-50,1991-10-12
537,Tiago Pereira,171.747.733-03,1962-11-23
538,William Carvalho,562.557.701-33,1992-08-23
539,Gabriela Ribeiro,772.459.928-94,1959-03-27
540,Felipe Oliveira,581.487.696-48,1971-05-28
541,William Almeida,827.615.396-80,1989-01-21
542,Tiago Gomes,832.197.199-70,1991-07-13
543,Andre Cardoso,172.461.919-50,1983-12-30
544,Andre Nascimento,013.290.227-34,1997-08-30
545,Valentina Ferreira,997.335.494-01,1989-01-01
546,Carlos Souza,909.862.405-75,1999-03-30
547,Camila Silva,851.403.696-30,1978-07-17
548,Eduardo Ferreira,668.327.238-73,1984-07-03
549,Daniel Martins,242.201.027-01,1989-03-07
550,Helena Souza,267.969.278-00,1988-01-19
551,Samuel Araujo,653.269.097-07,1971-03-29
552,Nicolas Carvalho,689.500.975-24,1960-02-26
553,Thiago Nascimento,128.478.189-52,1957-12-08
554,Rafaela Nascimento,189.490.580-65,1992-01-24
555,Joao Mendes,795.654.420-30,2003-08-14
556,Valter Rocha,407.929.049-74,1952-06-13
557,Valentina Nascimento,128.144.294-18,1974-09-10
558,Sofia Silva,192.927.524-21,1971-03-11
559,Marcos Costa,805.129.276-69,1984-05-17
560,Rafaela Araujo,239.504.102-52,1991-08-18
561,Felipe Nascimento,478.366.742-07,1997-08-03
562,Henrique Silva,476.580.185-38,1988-09-26
563,William Carvalho,544.149.673-84,2002-10-26
564,Mariana Mendes,525.800.106-70,1958-10-07
565,Paulo Oliveira,753.443.009-72,1958-04-01
566,Camila Dias,391.119.269-02,1966-07-30
567,Gabriela Costa,447.174.654-58,1964-07-13
568,Daniela Carvalho,066.504.427-55,1956-03-24
569,Marcos Rodrigues,962.712.863-56,2005-01-30
570,Fernanda Araujo,410.119.470-05,1994-08-26
571,Isabela Silva,064.256.908-87,1994-01-08
572,Lucas Martins,618.306.719-95,1998-01-09
573,Carlos Gomes,460.158.517-16,1976-01-06
574,Mariana Costa,806.346.157-69,1957-08-12
575,Igor Rodrigues,203.093.761-49,1998-06-30
576,Valter Nascimento,870.050.506-49,1960-08-08
577,Natalia Mendes,782.931.027-05,1951-09-17
578,Lucas Dias,032.020.417-03,2004-11-01
579,Julia Rocha,111.799.313-27,1988-03-28
580,Bruno Ferreira,519.825.309-01,1965-07-24
581,Bruno Souza,142.625.827-52,1971-11-10
582,Thiago Santos,219.620.710-14,1950-08-25
583,Larissa Souza,946.723.248-00,1990-05-30
584,Gabriel Almeida,290.927.914-66,1981-03-17
585,Gabriel Silva,833.181.958-63,1995-07-15
586,Patricia Araujo,340.312.772-96,1964-05-02
587,Beatriz Santos,543.645.970-66,1959-05-15
588,Camila Cardoso,220.781.137-94,2003-03-05
589,Thiago Gomes,635.315.313-95,1987-01-06
590,Mariana Ferreira,317.970.623-60,2004-09-03
591,Joao Costa,652.735.435-50,1961-05-31
592,Beatriz Rocha,042.177.625-00,1969-09-22
593,Valentina Dias,292.983.168-52,1993-11-21
594,Natalia Rocha,774.063.356-95,2001-12-26
595,Patricia Rocha,290.600.780-39,1988-03-11
596,Paulo Ferreira,717.731.806-22,1969-07-23
597,Helena Ribeiro,431.074.279-34,2002-05-13
598,Antonio Araujo,726.257.016-17,1979-11-13
599,Paulo Santos,464.989.319-49,1980-02-13
600,Camila Mendes,501.657.905-98,1982-11-16
601,Larissa Cardoso,183.253.817-60,2002-01-17
602,Natalia Almeida,554.864.015-15,1980-12-21
603,Igor Nascimento,881.788.479-06,1983-01-11
604,Daniela Rodrigues,711.624.112-44,1974-10-04
605,Gabriela Pereira,723.804.682-22,1992-07-07
606,Carlos Martins,704.310.385-11,1986-12-08
607,Thiago Gomes,579.887.749-30,1961-11-02
608,Valter Costa,437.540.254-73,1990-11-26
609,Julia Dias,284.222.231-80,1953-09-10
610,Andre Rocha,274.523.805-17,1980-11-06
611,Isabela Ribeiro,782.841.067-01,1963-01-16
612,Joao Gomes,208.854.749-53,1963-03-13
613,Tiago Araujo,517.028.140-41,1986-01-12
614,William Almeida,751.509.398-62,1969-12-06
615,Taina Rodrigues,018.718.637-59,1978-07-05
616,Vinicius Dias,805.626.565-10,1951-02-04
617,Valentina Ribeiro,547.813.767-70,1975-11-23
618,Julia Martins,629.912.347-84,1997-02-16
619,Bruno Souza,961.064.628-01,1991-06-17
620,Tiago Pereira,326.487.049-57,1977-04-07
621,Marcos Cardoso,730.024.471-88,1975-10-23
622,Gabriel Costa,730.147.195-52,2002-02-17
623,Lucas Rocha,647.158.904-29,1964-08-11
624,Thiago Santos,257.252.045-10,1987-08-21
625,Carlos Santos,448.183.219-31,1964-12-29
626,Rafael Gomes,544.518.952-00,1951-02-27
627,Helena Mendes,457.652.132-27,1995-02-28
628,Patricia Rodrigues,898.881.671-46,1960-06-16
629,Helena Silva,754.527.985-95,1965-06-13
630,Valter Silva,132.234.232-65,1957-01-19
631,Henrique Oliveira,107.603.108-07,2003-03-21
632,Camila Nascimento,140.140.119-84,1968-06-05
633,Thiago Rodrigues,250.124.955-00,1964-05-28
634,Nicolas Dias,389.119.083-20,1967-03-09
635,Valentina Costa,801.387.592-00,1989-06-11
636,Fernanda Costa,566.383.615-20,1961-02-02
637,Joao Oliveira,827.548.015-96,1994-04-17
638,Gabriela Ferreira,479.473.864-12,1988-05-24
639,Mariana Souza,752.071.678-39,1957-08-17
640,Gabriela Pereira,669.121.535-42,1967-12-20
641,Vinicius Ferreira,136.749.946-15,1981-12-12
642,Lucas Dias,678.427.114-96,1993-11-25
643,Marcos Almeida,201.017.026-12,2004-03-29
644,Andre Pereira,499.118.773-70,1976-05-03
645,Marcos Nascimento,848.588.006-44,1960-09-08
646,Eduardo Araujo,567.700.284-41,1964-09-22
647,Marcos Martins,246.719.788-30,2001-05-03
648,Lucas Nascimento,828.064.796-14,2005-05-07
649,Carlos Lima,500.902.559-09,1952-05-31
650,Bruno Ferreira,165.565.033-55,1971-01-19
651,Valter Rocha,114.152.085-06,1953-05-09
652,Joao Martins,986.407.905-07,1983-11-21
653,Tiago Ferreira,591.713.578-90,1980-06-18
654,Julia Dias,456.371.834-30,1973-10-15
655,Camila Lima,963.919.195-77,1974-07-11
656,Daniela Rocha,876.351.484-27,1988-11-02
657,Rafael Gomes,366.498.782-94,1951-09-02
658,Paulo Costa,973.748.969-13,1955-05-17
659,Paulo Rodrigues,572.324.665-87,1955-10-13
660,Natalia Martins,442.493.631-71,1963-06-15
661,Mariana Silva,347.786.603-74,1964-04-18
662,Taina Pereira,044.820.700-17,1957-07-13
663,Andre Dias,416.516.231-04,2001-03-23
664,Nicolas Oliveira,898.471.391-05,1978-02-12
665,Bruno Rocha,636.321.234-03,1989-06-05
666,Gabriel Carvalho,907.851.586-42,1992-08-08
667,Rafaela Carvalho,257.540.900-48,1971-07-03
668,Sofia Cardoso,645.183.760-13,1985-04-04
669,Sofia Lima,134.327.560-11,1974-08-02
670,Eduarda Nascimento,765.612.481-04,1981-07-26
671,Gabriel Dias,857.002.720-67,1985-12-11
672,Mariana Lima,591.123.829-22,1986-10-24
673,Andre Araujo,724.295.431-25,1987-03-10
674,Daniel Costa,669.300.893-38,1957-12-25
675,Joao Rodrigues,420.696.942-67,1957-12-28
676,Daniel Costa,910.867.713-11,1968-03-23
677,Mariana Carvalho,476.263.934-65,1966-12-28
678,Gabriel Costa,620.443.973-15,1983-03-01
679,Thiago Araujo,107.256.366-53,2003-07-30
680,Sofia Souza,180.053.759-05,2003-09-02
681,Beatriz Silva,489.646.528-86,1953-09-09
682,Thiago Costa,428.757.215-77,1997-08-02
683,Henrique Pereira,415.027.456-82,1975-05-20
684,Sofia Dias,485.625.728-53,1989-06-22
685,Camila Rodrigues,203.207.427-33,1989-02-25
686,Gabriela Nascimento,075.877.712-47,1961-02-03
687,Carlos Souza,342.284.993-92,2002-05-09
688,Ana Mendes,926.137.150-73,1975-07-04
689,Gabriela Ferreira,591.520.177-61,1990-09-26
690,Taina Dias,050.975.923-87,1954-05-15
691,Valentina Gomes,018.961.642-34,1971-07-16
692,Felipe Souza,032.664.214-50,1994-01-14
693,Henrique Lima,925.158.377-35,1984-10-25
694,Lucas Carvalho,996.165.926-02,1988-03-21
695,Eduarda Santos,857.327.881-15,1976-01-30
696,Joao Martins,174.224.386-06,1976-07-05
697,Tiago Santos,810.818.661-79,1991-09-08
698,Tiago Carvalho,549.180.172-07,1966-05-07
699,Felipe Santos,164.597.794-30,1980-08-15
700,Larissa Rodrigues,219.416.800-11,1985-06-07
701,Gabriela Silva,277.697.499-05,1982-05-13
702,Felipe Lima,122.031.030-19,1968-10-09
703,Lucas Pereira,368.314.727-02,1987-11-07
704,Antonio Oliveira,227.770.793-74,1968-01-24
705,Valentina Rocha,605.016.679-03,2003-06-16
706,Samuel Lima,076.789.973-37,1955-06-13
707,Paulo Silva,695.814.671-90,1994-05-23
708,William Ribeiro,760.243.757-86,1970-10-28
709,Nicolas Almeida,959.724.665-11,1992-05-17
710,Julia Dias,341.722.329-65,1994-02-26
711,Fernanda Martins,743.380.054-91,1982-01-12
712,Julia Costa,801.561.931-91,2000-06-02
713,Patricia Nascimento,455.084.289-09,1959-05-06
714,Camila Araujo,711.991.808-74,1959-06-17
715,Julia Oliveira,352.478.712-60,1982-08-19
716,Bruno Pereira,137.603.754-80,1995-04-23
717,Julia Souza,456.532.863-11,1962-05-19
718,Henrique Martins,678.507.208-57,1956-03-30
719,Eduarda Gomes,562.606.029-44,1955-03-10
720,Paulo Lima,668.455.048-81,2004-10-05
721,Isabela Ferreira,738.997.563-63,1977-01-19
722,Eduarda Santos,856.288.431-64,1995-11-27
723,Samuel Lima,852.008.943-79,1977-04-08
724,Henrique Mendes,105.485.101-80,1990-04-05
725,Valter Rocha,075.399.893-94,1981-06-06
726,Valter Lima,926.831.589-04,1967-04-11
727,Daniel Araujo,126.611.062-35,1992-09-22
728,Natalia Araujo,158.698.864-65,2002-06-03
729,Marcos Martins,776.228.277-70,1961-08-10
730,Nicolas Mendes,137.702.851-82,2003-12-22
731,Gabriel Oliveira,159.408.215-45,1977-05-10
732,Daniel Lima,470.229.604-37,1975-06-08
733,Natalia Costa,701.851.067-81,2001-05-31
734,Valter Rocha,756.792.287-85,1990-05-14
735,Igor Pereira,519.966.365-88,1998-07-15
736,Beatriz Araujo,412.094.818-80,1957-08-22
737,Mariana Dias,890.983.780-21,1960-10-16
738,Rafael Costa,043.397.189-47,1978-09-30
739,Felipe Rocha,070.562.608-37,1978-06-22
740,Eduardo Carvalho,111.824.224-62,1958-01-15
741,Isabela Lima,620.952.004-97,1984-12-25
742,Fernanda Gomes,265.461.033-03,2003-07-24
743,Thiago Almeida,788.614.057-54,1999-08-16
744,Gabriel Souza,706.304.891-06,1972-02-06
745,Samuel Pereira,496.718.325-55,1998-06-27
746,Julia Almeida,868.700.794-98,1965-01-06
747,Ana Santos,749.465.398-83,1975-03-29
748,Beatriz Costa,891.416.128-50,1975-01-27
749,Henrique Rodrigues,985.547.435-04,1980-08-25
750,Natalia Araujo,950.209.700-93,1965-07-27
751,Gabriel Cardoso,768.118.071-05,1981-09-01
752,Eduardo Dias,562.017.537-53,1950-11-03
753,Patricia Silva,453.194.337-60,1982-07-26
754,Beatriz Carvalho,793.036.149-76,1994-11-20
755,Marcos Costa,839.992.192-03,1955-11-02
756,Helena Carvalho,938.430.894-34,2000-04-01
757,Joao Silva,605.664.187-20,1994-06-17
758,Daniel Mendes,030.468.750-29,1985-02-26
759,Mariana Gomes,190.361.332-97,1979-07-16
760,Valter Souza,107.609.543-72,1959-09-04
761,Lucas Almeida,505.831.997-71,1958-08-01
762,Igor Rocha,110.065.120-98,1989-08-24
763,Camila Lima,961.108.046-81,1986-01-14
764,Fernanda Dias,639.907.676-58,2005-08-23
765,William Oliveira,507.859.311-04,1951-02-07
766,Vinicius Souza,939.284.567-76,2005-09-13
767,Igor Costa,320.024.968-46,1982-02-04
768,Valter Rocha,822.749.545-18,1950-09-22
769,Paulo Rocha,203.880.653-54,1967-12-23
770,Mariana Souza,537.795.995-70,2005-04-10
771,Valter Martins,521.707.303-97,1970-08-29
772,Joao Dias,337.563.620-27,1982-07-20
773,Ana Souza,508.124.739-14,1982-04-16
774,Beatriz Silva,334.234.258-73,1972-01-25
775,Larissa Rodrigues,024.102.615-66,1968-11-11
776,Valter Araujo,355.289.611-22,1962-12-16
777,Helena Rodrigues,386.559.630-46,2005-04-08
778,Thiago Rodrigues,842.530.428-80,2002-05-27
779,Marcos Rodrigues,179.128.685-26,1994-09-24
780,Paulo Araujo,255.877.749-10,1985-12-21
781,Thiago Santos,333.736.346-60,1983-10-31
782,Tiago Costa,548.121.478-40,1981-07-17
783,Patricia Rocha,078.956.776-83,1986-09-09
784,Daniel Nascimento,546.027.341-20,1982-03-20
785,Eduarda Lima,888.143.111-45,1982-04-27
786,Beatriz Cardoso,353.544.439-03,1962-05-15
787,Rafael Carvalho,044.566.907-12,1995-12-29
788,Isabela Ferreira,333.738.987-22,1991-05-25
789,Bruno Souza,536.637.780-37,1983-08-14
790,Helena Rocha,240.755.366-70,1986-03-10
791,Rafael Lima,590.902.259-86,2004-02-06
792,Vinicius Rocha,663.618.637-27,1959-09-30
793,Bruno Rocha,741.218.209-91,1993-11-01
794,Antonio Costa,316.433.481-83,1990-10-16
795,Camila Ribeiro,802.566.212-84,1998-02-16
796,Gabriel Nascimento,163.234.672-91,2004-02-29
797,Tiago Lima,938.743.027-84,1955-09-28
798,Felipe Dias,385.977.790-47,1958-03-05
799,Valentina Araujo,546.926.329-09,1988-10-06
800,Joao Ferreira,291.603.248-72,1976-03-09
801,Daniela Rodrigues,768.151.185-76,1986-10-17
802,Igor Costa,438.070.176-07,1980-10-30
803,Felipe Rodrigues,600.412.577-66,1991-05-23
804,Daniela Souza,837.274.220-09,2004-06-15
805,Fernanda Costa,418.621.042-04,1989-07-14
806,Carlos Costa,308.370.816-53,1977-08-30
807,Igor Santos,900.633.533-93,1958-03-14
808,Antonio Martins,005.313.122-32,1953-12-13
809,Gabriel Mendes,155.839.386-25,1988-05-21
810,Gabriela Almeida,315.520.650-06,1984-11-30
811,Natalia Araujo,314.950.136-93,1977-01-19
812,Vinicius Nascimento,189.241.956-46,1961-12-04
813,Bruno Costa,571.509.976-51,1995-11-06
814,Patricia Mendes,903.091.436-08,1971-11-07
815,William Souza,025.743.263-93,1953-05-27
816,Rafaela Dias,752.450.864-68,1952-02-16
817,Patricia Gomes,533.803.396-87,1996-10-13
818,Andre Costa,701.713.023-54,1961-04-07
819,Eduarda Costa,983.381.674-60,1964-09-23
820,Mariana Almeida,629.344.973-80,1974-05-23
821,Lucas Souza,566.277.689-09,1988-11-19
822,Isabela Nascimento,066.149.828-00,1965-10-06
823,Sofia Ferreira,747.468.971-58,1979-11-24
824,Helena Nascimento,323.008.576-00,1987-04-22
825,Felipe Ribeiro,674.916.016-69,2000-09-28
826,Julia Rodrigues,645.875.066-80,1972-02-21
827,Rafaela Nascimento,050.249.724-65,1972-03-13
828,Vinicius Rocha,201.166.918-91,1966-12-10
829,Henrique Costa,644.886.946-83,1957-12-22
830,Fernanda Rocha,524.364.027-10,1950-02-21
831,Fernanda Souza,686.462.252-59,1962-01-19
832,Mariana Nascimento,281.793.230-72,1966-05-24
833,Mariana Carvalho,679.121.416-34,1961-03-09
834,Taina Souza,509.377.100-75,1973-11-14
835,Ana Rocha,013.806.984-05,1993-08-05
836,Lucas Gomes,965.555.356-60,1983-12-14
837,William Santos,551.076.209-81,1961-01-10
838,Paulo Carvalho,357.978.630-06,1978-11-27
839,Antonio Ribeiro,057.397.691-08,1981-04-02
840,Henrique Nascimento,164.932.898-23,1952-11-06
841,Helena Nascimento,148.727.178-64,1971-08-12
842,Rafaela Rodrigues,211.602.564-89,1969-10-09
843,Sofia Nascimento,128.715.399-28,1955-10-21
844,Bruno Ferreira,686.334.141-71,1959-12-29
845,Eduarda Gomes,931.952.569-24,1950-02-25
846,Valter Santos,983.665.528-02,2003-12-22
847,Thiago Almeida,160.875.243-71,1994-11-04
848,Joao Pereira,942.095.481-11,1974-07-14
849,Tiago Nascimento,374.605.233-56,1954-09-19
850,Larissa Nascimento,642.086.567-00,1981-04-01
851,Felipe Ferreira,184.438.612-07,1979-01-06
852,Thiago Santos,472.927.742-29,1968-10-26
853,Natalia Rodrigues,059.126.620-20,1958-08-14
854,Carlos Nascimento,201.859.626-88,1971-12-25
855,Beatriz Oliveira,367.492.617-28,1984-04-12
856,Taina Araujo,501.111.783-98,1952-01-25
857,Thiago Rocha,974.192.676-69,1976-10-07
858,Tiago Pereira,151.826.068-34,1998-02-15
859,Paulo Nascimento,189.813.129-58,1966-02-22
860,Ana Cardoso,751.029.321-95,2000-06-18
861,Sofia Santos,118.458.260-27,1972-04-12
862,Valter Santos,848.729.758-71,1981-08-04
863,Vinicius Cardoso,831.030.324-63,1969-04-23
864,Helena Dias,839.542.961-44,1999-05-01
865,Sofia Carvalho,626.714.628-67,1968-04-12
866,Daniela Carvalho,359.892.625-15,1988-11-26
867,Eduardo Silva,931.418.186-30,1955-12-02
868,Bruno Souza,554.234.016-40,1969-12-08
869,Eduardo Oliveira,128.497.185-64,2001-05-01
870,Valentina Cardoso,491.025.625-37,1997-09-13
871,Samuel Dias,679.240.822-04,1962-10-20
872,Eduardo Rocha,405.396.727-93,1981-10-04
873,Joao Mendes,446.834.146-78,1978-01-21
874,Eduarda Souza,131.290.148-96,1994-03-20
875,Ana Martins,827.788.160-62,2005-04-16
876,Mariana Silva,685.389.097-38,1965-02-13
877,Paulo Almeida,215.285.067-07,1984-01-05
878,Julia Ribeiro,153.814.474-34,1973-10-02
879,Natalia Silva,963.480.797-67,1955-02-28
880,Carlos Silva,975.451.052-06,1986-01-26
881,Carlos Silva,167.318.826-58,1961-02-10
882,Marcos Silva,243.765.456-94,1966-05-06
883,Rafael Carvalho,177.225.605-63,1967-10-22
884,Gabriela Rodrigues,402.665.023-50,1992-12-31
885,Taina Oliveira,678.725.686-83,1961-10-16
886,Gabriela Oliveira,022.580.305-44,1988-07-19
887,Vinicius Silva,674.471.639-53,1963-09-06
888,Nicolas Costa,341.436.371-20,1995-01-25
889,William Costa,392.312.604-21,1967-03-30
890,Isabela Martins,093.106.684-07,1970-10-06
891,Patricia Gomes,670.860.414-08,1982-08-14
892,Taina Ribeiro,635.020.005-57,1969-01-07
893,Valentina Nascimento,491.624.755-84,1977-04-22
894,Gabriela Oliveira,082.555.989-87,1983-05-04
895,Rafaela Carvalho,396.112.910-00,2002-08-16
896,Mariana Rodrigues,711.895.473-09,1997-11-13
897,Isabela Santos,236.848.557-07,1960-07-14
898,Henrique Souza,768.802.942-27,1975-12-27
899,Beatriz Rocha,036.788.127-67,1995-09-10
900,Eduardo Cardoso,669.432.029-95,1969-07-17
901,Thiago Silva,878.844.344-23,1999-07-15
902,Gabriela Costa,308.340.242-25,1974-04-06
903,Camila Almeida,381.059.551-99,1999-04-12
904,Sofia Pereira,694.500.534-80,1965-11-09
905,Sofia Silva,891.649.837-65,1969-10-17
906,Andre Carvalho,396.273.652-20,1992-12-22
907,Eduarda Nascimento,272.239.724-24,1951-11-21
908,Valter Costa,269.312.163-92,1990-10-28
909,Felipe Oliveira,820.916.601-83,1951-03-21
910,Beatriz Pereira,314.290.018-79,1980-05-11
911,Eduarda Rodrigues,279.724.572-55,1971-11-16
912,Camila Cardoso,481.001.841-51,1995-11-23
913,Gabriel Pereira,030.366.254-96,1970-04-07
914,Eduardo Oliveira,721.314.519-38,1979-12-10
915,Gabriela Ribeiro,109.226.859-67,1966-04-09
916,Henrique Pereira,494.514.754-00,1956-11-07
917,Ana Pereira,252.677.119-69,1988-05-07
918,Taina Pereira,152.265.576-04,1993-03-06
919,Gabriel Dias,523.668.788-85,1994-03-12
920,Rafael Cardoso,361.968.931-81,1971-02-06
921,Daniel Silva,305.872.105-67,1982-05-17
922,Helena Lima,728.633.302-09,1960-07-08
923,Isabela Ferreira,065.019.179-05,1964-03-11
924,Antonio Pereira,521.310.962-40,1966-05-14
925,Lucas Pereira,847.657.041-49,1963-12-27
926,Camila Santos,928.206.678-99,1973-02-24
927,Tiago Mendes,436.241.862-80,1969-01-03
928,Felipe Dias,036.289.177-00,1978-02-05
929,Felipe Ferreira,205.634.111-55,1982-07-17
930,Vinicius Gomes,034.281.139-85,1950-12-26
931,Valter Rodrigues,830.341.990-07,2000-07-29
932,Lucas Santos,051.405.468-92,1967-06-26
933,Andre Ferreira,521.568.182-15,1952-02-16
934,Thiago Ferreira,790.422.711-83,1970-10-11
935,Natalia Pereira,288.985.725-57,1976-02-04
936,Daniel Dias,606.339.912-79,2000-11-10
937,Marcos Oliveira,024.817.175-54,1965-03-24
938,Valentina Costa,149.551.127-81,1973-02-21
939,Lucas Carvalho,721.970.546-86,1986-09-12
940,William Pereira,758.955.168-66,1990-05-19
941,Sofia Santos,903.802.146-10,1964-03-12
942,Tiago Ferreira,136.715.778-19,1991-09-15
943,Fernanda Souza,216.636.515-90,1980-09-20
944,Vinicius Nascimento,371.470.827-88,1963-01-21
945,Natalia Gomes,909.605.673-64,1954-11-08
946,Natalia Silva,644.212.146-12,1957-05-01
947,Valter Araujo,683.420.165-36,1976-08-20
948,Julia Rodrigues,567.782.659-65,1984-11-29
949,Ana Cardoso,931.992.550-00,1963-07-03
950,Joao Pereira,751.648.072-03,1990-04-24
951,Thiago Oliveira,033.682.963-96,1981-03-25
952,Natalia Rodrigues,905.504.481-44,1994-10-12
953,Joao Martins,655.868.512-45,1991-03-01
954,Henrique Ribeiro,289.286.646-40,1975-05-31
955,William Oliveira,111.096.179-09,1998-11-14
956,Fernanda Araujo,890.463.378-80,1984-03-10
957,Gabriela Rodrigues,715.766.053-96,1995-07-15
958,Valentina Carvalho,446.306.000-19,1963-10-05
959,Daniel Mendes,955.296.386-94,1967-04-15
960,William Ferreira,096.262.658-92,1964-03-19
961,Henrique Almeida,128.196.482-40,1978-12-04
962,Natalia Souza,106.092.098-09,1957-01-25
963,Tiago Ferreira,027.523.343-03,1998-01-13
964,Rafaela Ferreira,404.120.911-00,1991-03-11
965,Vinicius Oliveira,124.421.175-33,1968-08-28
966,Felipe Oliveira,706.171.366-61,1978-02-18
967,Igor Costa,240.299.015-57,1981-02-10
968,Lucas Dias,980.284.139-00,1952-08-26
969,Rafael Silva,882.351.305-72,1962-06-07
970,Patricia Souza,244.731.584-89,1991-11-26
971,Marcos Martins,863.423.461-43,2002-05-12
972,Thiago Lima,237.676.945-06,2005-11-19
973,Fernanda Dias,663.955.172-10,1953-01-11
974,Nicolas Carvalho,964.985.601-34,1966-02-21
975,Andre Martins,253.135.525-11,1960-12-21
976,Ana Gomes,053.795.381-77,1984-08-05
977,Valentina Dias,383.184.919-63,1987-11-02
978,Henrique Gomes,533.077.046-72,1960-09-12
979,Gabriela Araujo,295.963.904-90,1951-08-08
980,Tiago Silva,742.608.805-78,1951-06-18
981,Daniela Nascimento,164.455.618-96,1978-02-05
982,Marcos Dias,064.771.591-04,1952-08-17
983,Patricia Santos,021.563.213-37,1983-02-04
984,Rafael Silva,040.104.145-02,2004-12-21
985,Eduardo Carvalho,229.712.529-14,1987-01-29
986,Igor Oliveira,883.977.457-26,1970-04-06
987,Eduarda Carvalho,415.833.117-00,1955-05-29
988,Natalia Silva,376.371.539-83,1997-05-03
989,Nicolas Gomes,472.812.356-15,1990-08-04
990,William Mendes,363.146.249-24,1959-02-27
991,Isabela Araujo,113.072.407-71,1997-08-18
992,Igor Ribeiro,418.156.326-07,1995-01-20
993,Henrique Mendes,507.451.066-09,1967-05-26
994,Valentina Rodrigues,629.489.786-61,1959-10-18
995,Camila Almeida,131.009.431-47,1997-09-27
996,Fernanda Carvalho,396.661.347-64,1968-06-15
997,Julia Rodrigues,549.401.289-11,1992-10-09
998,Valter Almeida,251.225.720-70,1992-07-30
999,Henrique Gomes,024.120.957-95,2002-04-26
1000,Ana Nascimento,371.009.438-09,1995-02-21
1001,Julia Pereira,114.577.584-58,1993-08-24
1002,Sofia Ribeiro,705.458.971-81,1974-03-21
1003,Paulo Silva,263.257.039-52,1988-08-22
1004,Daniel Rodrigues,136.148.782-87,1973-10-20
1005,Carlos Gomes,696.443.098-98,1980-10-18
1006,William Oliveira,679.541.072-21,1991-11-02
1007,Isabela Mendes,498.247.414-10,1951-05-26
1008,Joao Santos,349.107.406-19,1981-08-08
1009,Ana Santos,425.488.214-98,1962-10-19
1010,Mariana Martins,914.307.536-33,1987-11-29
1011,Felipe Oliveira,449.429.659-77,1962-06-27
1012,Mariana Carvalho,268.344.149-59,1991-05-17
1013,Rafael Costa,661.287.585-25,1992-01-08
1014,Carlos Martins,766.708.061-59,1962-08-12
1015,William Lima,398.529.894-72,1954-10-21
1016,Felipe Pereira,607.870.104-56,1959-08-09
1017,Bruno Dias,149.750.198-92,1954-10-04
1018,Natalia Mendes,287.232.440-20,1993-07-05
1019,William Rodrigues,110.291.813-06,1968-04-30
1020,Fernanda Nascimento,087.601.467-88,1966-07-06
1021,Rafaela Cardoso,497.916.202-96,1962-09-17
1022,Rafaela Costa,883.774.419-69,1994-03-24
1023,Daniel Carvalho,661.766.204-06,1991-01-03
1024,Gabriela Rocha,609.409.705-03,1962-07-01
1025,Joao Araujo,402.588.358-93,1985-01-16
1026,Nicolas Souza,225.957.244-87,1985-05-05
1027,Daniela Nascimento,679.298.842-10,1979-01-28
1028,Thiago Rocha,599.610.023-18,1958-08-30
1029,Fernanda Nascimento,753.312.661-00,1955-07-23
1030,William Carvalho,101.759.025-77,1959-08-29
1031,Igor Ferreira,298.334.774-53,1970-03-26
1032,Mariana Costa,683.190.130-11,1962-08-11
1033,Ana Ribeiro,698.152.873-89,1968-08-12
1034,Tiago Nascimento,855.982.176-78,1983-09-29
1035,Daniela Rocha,128.411.730-89,2003-12-18
1036,Rafael Gomes,034.465.124-03,1956-09-16
1037,Rafael Rocha,389.846.908-56,1959-12-13
1038,Thiago Nascimento,400.564.350-70,1962-07-01
1039,Natalia Cardoso,503.719.905-05,1956-05-07
1040,Gabriel Dias,918.724.010-66,1994-07-21
1041,Nicolas Almeida,567.430.003-88,1997-12-04
1042,Vinicius Ferreira,087.066.266-02,1999-04-21
1043,Helena Oliveira,719.553.560-68,1971-05-15
1044,Patricia Souza,903.689.003-98,1955-02-07
1045,Daniela Santos,272.405.593-43,1976-03-26
1046,Helena Dias,671.114.837-15,1982-01-09
1047,Patricia Araujo,458.438.458-42,1995-03-02
1048,Fernanda Santos,569.741.328-91,1970-09-07
1049,Valter Cardoso,315.203.771-69,1951-11-29
1050,Marcos Santos,449.641.049-40,1984-06-11
1051,Marcos Silva,667.033.626-88,1997-10-09
1052,Camila Lima,085.095.493-20,1952-06-15
1053,Bruno Dias,660.186.487-09,1988-01-10
1054,Tiago Rocha,842.673.204-62,1974-08-14
1055,Eduarda Almeida,845.960.945-60,1974-02-10
1056,Sofia Dias,014.954.277-14,1951-07-20
1057,Igor Silva,705.783.609-00,1957-02-19
1058,Taina Dias,851.724.447-85,1961-05-31
1059,Patricia Costa,290.310.287-20,2002-01-09
1060,Andre Santos,830.440.580-66,2003-11-18
1061,Rafaela Ribeiro,118.718.133-10,1979-03-25
1062,Tiago Ribeiro,616.420.595-60,1980-01-20
1063,Gabriel Ribeiro,749.025.042-00,2003-01-16
1064,Antonio Oliveira,935.889.536-55,2002-04-11
1065,Beatriz Pereira,611.398.986-04,1998-05-09
1066,Gabriela Mendes,097.887.543-50,2001-08-10
1067,Valentina Almeida,535.375.137-04,1986-10-11
1068,Daniel Souza,588.157.937-20,1987-07-30
1069,Patricia Rocha,283.692.944-80,1980-08-23
1070,Andre Oliveira,166.829.732-92,1990-09-26
1071,Ana Costa,164.871.206-18,1952-02-24
1072,Julia Souza,288.665.268-78,1971-08-30
1073,Valentina Oliveira,559.991.015-65,1990-04-10
1074,Gabriel Araujo,647.229.812-21,1950-09-13
1075,Thiago Rocha,576.572.894-49,1958-09-11
1076,Patricia Lima,750.988.986-33,1975-08-05
1077,Andre Ferreira,522.036.849-41,2005-03-20
1078,Andre Oliveira,542.144.773-16,1965-03-11
1079,Valentina Carvalho,913.421.388-05,1965-02-23
1080,Antonio Dias,088.307.053-73,1975-04-15
1081,Tiago Martins,782.741.176-20,1994-04-02
1082,Sofia Souza,241.513.152-09,1995-06-29
1083,Bruno Carvalho,781.506.185-03,1967-01-30
1084,Samuel Santos,032.963.347-34,1963-08-03
1085,Marcos Costa,742.318.306-73,1956-01-14
1086,Marcos Cardoso,932.064.969-34,1971-01-22
1087,Carlos Nascimento,824.347.769-14,1982-01-15
1088,Rafael Nascimento,413.146.753-46,1988-02-12
1089,Gabriela Costa,751.562.779-42,1986-12-18
1090,Rafaela Silva,448.360.854-11,1978-06-30
1091,Gabriel Ferreira,766.404.735-85,1954-02-04
1092,Valter Araujo,639.283.199-14,1979-07-31
1093,Helena Dias,800.615.581-09,1954-06-01
1094,Paulo Rodrigues,583.286.342-95,1983-07-18
1095,Bruno Martins,383.000.818-01,1985-09-13
1096,Marcos Santos,244.033.041-84,1983-11-25
1097,Felipe Pereira,411.186.008-78,2004-04-07
1098,Isabela Oliveira,963.945.680-23,1977-02-08
1099,Taina Araujo,314.976.461-03,1969-12-09
1100,Gabriel Cardoso,474.883.607-53,1985-04-25
1101,Daniel Cardoso,173.906.375-95,1992-10-10
1102,Tiago Oliveira,452.118.237-29,2003-03-28
1103,Rafaela Souza,269.789.307-50,1972-08-11
1104,Gabriel Lima,520.599.604-87,1968-10-08
1105,Samuel Nascimento,875.357.788-44,1957-04-22
1106,Fernanda Martins,162.028.123-62,1989-04-05
1107,Gabriela Santos,672.872.866-02,1950-10-31
1108,Valentina Oliveira,644.859.592-95,1962-09-12
1109,Valentina Mendes,395.894.773-56,1979-08-16
1110,Helena Costa,870.562.271-98,1950-07-03
1111,Valter Rodrigues,318.751.097-30,2003-05-02
1112,Julia Souza,583.503.446-60,2002-06-08
1113,Valter Ribeiro,964.883.192-05,1959-03-29
1114,Natalia Carvalho,249.128.965-27,2001-08-24
1115,Thiago Dias,497.320.331-93,2005-03-02
1116,Isabela Pereira,270.510.287-66,1988-03-01
1117,Lucas Gomes,481.386.667-06,1981-11-06
1118,Valter Mendes,581.932.426-96,2000-04-14
1119,Igor Nascimento,418.652.057-70,1981-01-15
1120,Henrique Rodrigues,983.652.037-66,1982-05-21
1121,Paulo Rodrigues,094.515.480-17,2004-06-08
1122,Taina Santos,476.044.090-91,1992-03-28
1123,Vinicius Araujo,727.810.509-97,1963-09-29
1124,Larissa Pereira,161.070.518-13,1974-11-23
1125,Mariana Dias,055.295.806-96,1987-05-10
1126,Camila Souza,382.412.704-02,2004-08-05
1127,Mariana Mendes,620.448.515-63,1991-10-31
1128,Tiago Souza,971.112.125-50,2003-01-13
1129,Antonio Costa,035.713.432-04,1977-11-09
1130,Camila Ferreira,424.295.633-98,1974-06-23
1131,Mariana Costa,447.417.595-63,1981-04-19
1132,Paulo Araujo,209.628.936-09,1981-02-14
1133,Valentina Rodrigues,588.418.343-74,1991-12-17
1134,Sofia Santos,182.727.955-90,2000-07-30
1135,Eduardo Rocha,051.502.675-11,1980-03-16
1136,Fernanda Costa,542.782.079-56,1990-12-13
1137,Thiago Rocha,667.345.957-30,1985-12-27
1138,Valter Santos,381.664.969-68,1952-07-24
1139,Julia Mendes,249.839.225-47,1954-10-29
1140,Eduarda Lima,257.627.023-91,1965-06-09
1141,Valter Lima,123.361.328-69,1983-07-30
1142,Ana Nascimento,251.786.376-82,1991-08-01
1143,Rafaela Oliveira,625.265.469-82,1985-05-02
1144,Rafael Souza,579.039.235-01,1982-07-03
1145,Bruno Mendes,099.613.273-22,1953-12-20
1146,Natalia Lima,615.626.244-07,1984-09-14
1147,Lucas Santos,462.268.171-43,1981-01-25
1148,Fernanda Ferreira,025.298.670-97,1993-08-12
1149,Felipe Martins,046.419.785-65,1992-06-26
1150,Bruno Cardoso,512.686.120-49,1980-03-30
1151,Thiago Carvalho,389.760.740-92,1960-11-26
1152,Marcos Araujo,509.546.540-05,1998-09-10
1153,Taina Costa,456.075.409-87,1960-01-08
1154,Carlos Santos,863.218.122-00,1994-04-09
1155,Henrique Carvalho,579.389.701-15,1979-04-20
1156,Daniel Santos,291.681.546-58,1985-12-14
1157,Antonio Costa,416.139.449-77,1996-02-13
1158,Rafael Almeida,059.736.424-96,1994-12-31
1159,Beatriz Dias,624.406.306-67,1961-08-23
1160,Taina Carvalho,795.133.053-17,1955-09-20
1161,William Lima,979.695.867-83,2000-01-12
1162,Ana Gomes,555.727.738-24,1965-04-02
1163,Eduardo Carvalho,609.178.513-31,1997-07-06
1164,Daniel Lima,457.702.992-82,1981-07-19
1165,Tiago Martins,604.873.682-74,1983-12-14
1166,Vinicius Oliveira,163.319.422-11,1985-12-26
1167,Samuel Martins,536.945.515-57,1995-01-24
1168,Rafael Cardoso,636.774.722-29,1985-11-21
1169,Valentina Silva,857.216.966-05,1986-10-23
1170,Mariana Silva,932.998.199-25,1986-09-03
1171,Antonio Gomes,932.971.509-55,1984-12-05
1172,Samuel Mendes,327.532.735-61,1961-11-25
1173,Valentina Souza,039.773.973-70,1965-11-13
1174,Joao Mendes,195.237.100-79,1986-06-16
1175,Paulo Nascimento,616.481.980-66,1989-05-05
1176,Lucas Santos,460.568.761-01,1959-04-19
1177,Isabela Carvalho,912.565.237-04,1968-11-06
1178,Sofia Oliveira,517.734.547-57,1979-09-01
1179,Igor Carvalho,949.022.840-06,1969-10-30
1180,Daniel Rocha,544.294.774-18,1963-11-09
1181,Helena Pereira,946.430.394-85,1963-04-24
1182,Thiago Silva,458.867.925-20,1963-12-26
1183,Thiago Mendes,585.672.872-60,1993-06-03
1184,Eduardo Silva,153.433.249-91,1960-09-23
1185,Mariana Ribeiro,779.083.350-20,1985-10-01
1186,Fernanda Gomes,814.888.107-37,2000-11-03
1187,Paulo Almeida,342.337.209-56,1973-11-04
1188,Samuel Carvalho,131.284.033-17,1971-11-20
1189,Thiago Rocha,771.805.137-41,1960-06-11
1190,Igor Souza,731.893.974-22,2001-01-28
1191,Ana Rocha,617.399.704-54,1986-07-13
1192,Vinicius Carvalho,725.878.444-60,1997-09-29
1193,Rafaela Gomes,488.471.270-68,1978-08-21
1194,Nicolas Nascimento,722.164.175-72,1998-04-27
1195,Larissa Rodrigues,133.484.587-57,1959-03-27
1196,Valter Dias,392.523.622-82,2004-09-26
1197,Julia Gomes,879.643.474-03,1983-04-08
1198,Isabela Lima,555.746.966-49,1950-07-05
1199,Felipe Santos,652.740.334-82,1976-06-12
1200,Daniel Silva,566.588.339-58,1995-02-14
1201,Igor Carvalho,113.257.970-81,1984-12-29
1202,Marcos Almeida,499.601.054-15,1998-04-04
1203,Daniel Araujo,417.215.622-30,2002-11-30
1204,Valter Rocha,381.735.984-52,1999-12-11
1205,Paulo Lima,021.557.325-03,1992-01-07
1206,Patricia Araujo,553.449.021-74,1986-11-08
1207,Henrique Ferreira,708.085.096-75,1952-11-17
1208,Nicolas Gomes,874.951.191-28,2000-02-02
1209,Gabriela Cardoso,281.979.316-90,1974-11-03
1210,Joao Araujo,251.295.786-19,1951-12-05
1211,Felipe Rocha,409.600.356-56,1963-07-03
1212,Sofia Almeida,958.739.592-18,1966-12-11
1213,Isabela Rodrigues,421.089.028-64,1981-04-08
1214,Daniela Gomes,533.342.643-00,1969-06-28
1215,Carlos Silva,271.607.360-01,1990-02-01
1216,Igor Ferreira,336.911.289-20,1996-05-03
1217,Gabriela Costa,317.955.633-11,1958-02-23
1218,Nicolas Ribeiro,748.170.066-41,1985-11-30
1219,Fernanda Ribeiro,541.643.167-99,1951-06-04
1220,Taina Gomes,023.290.282-88,1962-07-31
1221,Lucas Santos,093.459.626-38,1965-06-20
1222,Larissa Mendes,225.120.734-16,1986-03-19
1223,Daniel Carvalho,950.050.702-14,1986-07-29
1224,Beatriz Cardoso,698.221.053-71,1958-04-07
1225,Gabriel Souza,177.687.290-80,1977-12-09
1226,Lucas Nascimento,425.859.177-70,2001-04-01
1227,Mariana Pereira,382.231.164-21,2005-03-05
1228,Fernanda Almeida,342.457.988-23,2001-10-12
1229,Taina Pereira,565.290.603-08,1966-05-06
1230,Ana Pereira,032.650.977-14,1980-11-07
1231,Mariana Rocha,673.794.871-59,1975-01-22
1232,Nicolas Gomes,524.578.715-65,1996-07-26
1233,Sofia Souza,560.821.371-83,1960-10-16
1234,Samuel Lima,254.768.182-00,1985-09-01
1235,Nicolas Rodrigues,230.358.929-03,1997-08-07
1236,Paulo Santos,858.382.521-11,1964-11-10
1237,William Almeida,289.634.064-58,1984-12-20
1238,Paulo Martins,775.240.148-05,1977-12-15
1239,Natalia Dias,910.622.723-66,1985-02-06
1240,Julia Martins,693.351.342-44,1986-01-06
1241,Gabriela Rocha,237.245.018-20,1977-12-01
1242,Paulo Oliveira,973.741.897-29,1963-10-15
1243,Daniela Gomes,406.417.692-88,1993-09-19
1244,Valentina Almeida,811.995.376-24,1987-10-31
1245,Camila Oliveira,444.856.451-77,1951-02-28
1246,Fernanda Nascimento,397.396.417-33,2000-04-20
1247,Vinicius Rocha,698.609.191-51,2001-08-23
1248,Fernanda Oliveira,359.966.057-32,1991-05-03
1249,Tiago Mendes,066.039.205-49,1958-11-12
1250,Valentina Martins,074.555.347-87,1954-04-16
1251,Andre Araujo,423.885.652-00,1994-11-04
1252,Eduarda Gomes,598.354.116-11,1978-01-27
1253,William Nascimento,263.475.575-92,1964-04-14
1254,Julia Gomes,013.948.848-00,1998-04-16
1255,Larissa Ferreira,913.119.642-07,1980-07-08
1256,Rafael Ribeiro,626.149.915-20,1970-03-04
1257,Igor Santos,382.407.333-10,1970-04-06
1258,Igor Rodrigues,204.309.776-89,1999-11-29
1259,Samuel Rocha,362.896.964-67,1982-08-27
1260,Sofia Martins,553.585.125-60,1972-02-25
1261,Rafael Rocha,218.785.193-10,1981-04-02
1262,Samuel Almeida,749.079.779-99,1989-02-17
1263,Daniela Costa,087.805.721-89,1981-10-18
1264,Daniela Carvalho,940.976.263-45,1990-07-24
1265,Valter Cardoso,453.986.289-84,1978-03-19
1266,Ana Dias,059.119.186-50,1964-06-18
1267,Mariana Almeida,922.071.511-23,1986-03-16
1268,Tiago Ferreira,667.252.145-33,1965-12-01
1269,Henrique Carvalho,712.463.351-66,1980-06-23
1270,Igor Oliveira,840.908.051-63,1965-02-12
1271,Ana Mendes,005.640.995-89,1956-03-23
1272,Larissa Rodrigues,972.835.129-18,1983-07-27
1273,Tiago Costa,728.270.908-48,1960-10-16
1274,Valter Lima,152.982.173-89,2004-02-22
1275,Isabela Dias,578.671.815-80,1972-02-03
1276,Daniel Pereira,373.605.079-87,1958-11-11
1277,Paulo Souza,589.988.683-85,1975-05-08
1278,Andre Pereira,734.666.617-81,1952-02-20
1279,Marcos Oliveira,587.964.740-41,1997-04-30
1280,Beatriz Rodrigues,149.982.508-09,1952-07-05
1281,Camila Lima,635.806.882-27,1995-08-23
1282,Daniel Santos,317.235.137-84,1968-07-19
1283,Tiago Dias,006.314.035-74,1965-11-19
1284,Eduardo Almeida,560.229.394-96,1987-12-08
1285,Tiago Lima,346.066.643-98,1993-10-19
1286,Sofia Dias,060.723.111-48,1964-04-04
1287,Marcos Souza,285.246.484-57,1975-07-18
1288,Tiago Carvalho,116.318.732-10,1996-06-29
1289,Beatriz Nascimento,711.306.211-38,1971-09-09
1290,Henrique Dias,572.790.833-74,1978-07-10
1291,Beatriz Rocha,025.425.730-50,1985-02-08
1292,Eduardo Pereira,481.323.570-00,1989-07-10
1293,Daniela Almeida,984.822.850-09,1959-12-29
1294,Daniela Martins,880.925.502-04,1959-04-25
1295,Patricia Silva,609.069.130-55,2000-07-26
1296,Rafael Souza,079.649.673-04,1994-01-04
1297,William Carvalho,577.278.532-08,1975-09-26
1298,Larissa Ferreira,425.064.207-03,1986-10-26
1299,Rafael Almeida,625.366.677-07,1989-10-28
1300,Eduardo Araujo,555.628.333-87,1967-02-18
1301,Tiago Rodrigues,957.865.436-76,1962-09-06
1302,Lucas Oliveira,874.960.335-37,1999-06-30
1303,Julia Ferreira,862.703.692-66,1974-07-10
1304,Tiago Pereira,693.265.732-57,1993-08-30
1305,Andre Dias,980.111.000-76,1979-09-28
1306,Eduarda Gomes,532.341.595-99,2002-05-06
1307,Igor Nascimento,524.418.222-68,1987-04-01
1308,Gabriela Cardoso,962.887.431-43,1963-02-27
1309,Igor Oliveira,026.767.209-88,1982-07-06
1310,Igor Rocha,927.079.551-91,1983-03-12
1311,Daniela Costa,294.621.354-44,1957-06-15
1312,Carlos Dias,709.962.543-82,1996-01-23
1313,Taina Mendes,075.203.447-20,1988-11-03
1314,Bruno Santos,471.580.290-26,2001-06-19
1315,Antonio Lima,637.660.465-00,1982-11-28
1316,Nicolas Martins,652.548.374-38,1973-12-04
1317,Eduarda Araujo,158.102.131-38,1965-11-21
1318,Daniel Souza,293.110.059-59,1956-04-25
1319,Isabela Rocha,751.910.231-96,1966-08-25
1320,Eduarda Souza,063.301.658-66,1967-04-14
1321,Lucas Rodrigues,792.749.072-90,1995-07-16
1322,Ana Souza,234.289.311-65,1966-11-19
1323,Larissa Gomes,326.949.684-22,1969-07-31
1324,Henrique Carvalho,538.044.210-24,1955-08-20
1325,Marcos Ribeiro,096.170.159-51,1982-06-06
1326,Vinicius Souza,945.757.574-11,1993-11-17
1327,Andre Cardoso,339.205.677-49,1979-02-06
1328,Felipe Araujo,772.266.025-80,1984-03-22
1329,Isabela Ferreira,506.229.231-02,1951-06-22
1330,Felipe Nascimento,245.307.624-83,1999-04-14
1331,Taina Almeida,379.766.270-07,1981-09-14
1332,Fernanda Souza,579.423.873-99,1987-05-09
1333,Marcos Silva,425.496.919-89,1961-08-12
1334,Paulo Lima,552.597.107-03,1983-03-13
1335,Gabriel Almeida,353.574.859-33,1979-09-14
1336,Mariana Pereira,593.993.379-36,1992-02-22
1337,Antonio Gomes,816.295.187-35,1991-07-06
1338,Vinicius Carvalho,176.342.507-08,1972-02-15
1339,Patricia Silva,559.782.457-03,1978-03-09
1340,Vinicius Cardoso,339.914.038-03,1995-03-25
1341,Valentina Almeida,660.443.240-87,1952-08-02
1342,Gabriel Souza,572.768.297-58,1978-03-07
1343,Fernanda Carvalho,743.974.292-35,1978-12-17
1344,Antonio Oliveira,058.752.568-18,1952-04-14
1345,Henrique Gomes,625.904.599-98,1953-07-14
1346,Nicolas Santos,271.122.182-25,1971-01-31
1347,Eduarda Ribeiro,551.651.768-00,1955-07-30
1348,Paulo Martins,628.137.214-09,1970-05-27
1349,Rafaela Santos,800.370.033-72,1963-09-11
1350,Helena Mendes,556.608.470-21,1987-03-24
1351,Samuel Souza,039.033.970-91,1981-05-06
1352,Eduarda Rocha,582.632.809-66,1975-04-01
1353,Taina Cardoso,586.239.453-28,1979-05-06
1354,Sofia Ferreira,147.079.863-82,1966-08-01
1355,Gabriela Santos,613.394.394-76,1982-05-20
1356,Joao Santos,394.380.403-82,1966-03-26
1357,Bruno Rodrigues,765.769.277-46,2000-04-25
1358,Vinicius Lima,319.100.900-00,1974-08-09
1359,Ana Lima,769.210.533-26,1987-12-19
1360,Daniel Souza,460.401.424-80,1990-12-29
1361,Natalia Oliveira,072.011.379-21,2000-01-05
1362,Taina Carvalho,097.123.166-45,1952-09-06
1363,Beatriz Nascimento,676.209.014-18,1975-04-06
1364,Lucas Rodrigues,404.337.009-12,1989-01-21
1365,Samuel Nascimento,304.519.577-68,1998-11-10
1366,Julia Ribeiro,588.255.629-50,1986-01-17
1367,Daniel Araujo,542.786.561-65,2004-01-09
1368,Sofia Pereira,557.782.058-80,1963-01-06
1369,Vinicius Gomes,829.236.161-89,1994-12-25
1370,Rafael Santos,819.048.235-13,1993-11-20
1371,Gabriela Gomes,586.863.956-19,1959-07-20
1372,Patricia Araujo,230.817.214-23,1971-09-12
1373,Felipe Lima,381.300.041-94,1968-07-30
1374,Larissa Souza,147.165.609-88,1976-12-07
1375,Bruno Ferreira,534.699.799-79,1953-10-04
1376,Marcos Santos,755.047.681-01,1987-12-04
1377,Thiago Dias,570.607.174-80,1998-10-13
1378,Eduarda Souza,317.653.970-30,1978-12-19
1379,Valter Cardoso,739.610.290-16,1995-06-04
1380,Igor Souza,827.496.804-25,2002-07-17
1381,Gabriela Mendes,727.420.495-50,1988-04-14
1382,Gabriela Pereira,137.730.626-72,1953-12-08
1383,Valter Costa,359.737.112-42,1962-06-28
1384,Helena Dias,907.756.085-80,1998-10-04
1385,Fernanda Martins,704.686.111-00,1973-07-29
1386,Carlos Nascimento,683.210.219-48,1966-10-04
1387,Mariana Araujo,858.471.296-88,1960-05-24
1388,Samuel Santos,332.426.050-71,1995-10-10
1389,Ana Oliveira,849.804.253-48,1993-02-05
1390,Natalia Rodrigues,777.312.688-70,1956-05-12
1391,Isabela Pereira,821.781.923-86,1987-02-05
1392,Daniel Almeida,460.605.603-77,1983-07-11
1393,Felipe Araujo,932.798.623-70,2003-09-27
1394,Paulo Lima,716.906.181-32,1963-01-22
1395,Beatriz Ribeiro,464.754.895-30,1977-08-24
1396,Lucas Mendes,769.899.927-00,1980-03-29
1397,Eduarda Nascimento,588.914.444-80,2003-05-01
1398,Nicolas Almeida,553.935.435-49,1996-06-11
1399,Gabriel Carvalho,496.392.435-82,1998-09-11
1400,Samuel Gomes,379.821.433-69,2003-08-30
1401,Bruno Costa,753.674.978-37,1980-08-17
1402,Isabela Carvalho,914.168.601-26,1966-12-13
1403,Sofia Nascimento,789.489.634-90,1954-07-29
1404,Henrique Nascimento,917.665.122-32,1961-01-10
1405,Daniel Santos,014.188.421-50,1987-12-22
1406,Natalia Santos,900.159.446-89,1971-08-05
1407,Patricia Almeida,999.485.320-15,1999-09-04
1408,Thiago Gomes,326.389.021-28,2001-04-01
1409,William Carvalho,711.363.379-03,1964-11-10
1410,Larissa Almeida,410.346.996-01,1990-01-10
1411,Natalia Almeida,116.772.696-00,1952-01-25
1412,Rafael Carvalho,376.855.078-89,2005-03-26
1413,Eduardo Araujo,935.219.626-01,1968-08-01
1414,Natalia Gomes,564.343.697-35,1952-03-06
1415,Tiago Almeida,170.695.560-04,1994-01-17
1416,Henrique Araujo,616.453.454-24,1992-12-06
1417,Julia Costa,398.983.065-13,1954-04-22
1418,Patricia Souza,219.804.184-70,1990-08-26
1419,Isabela Lima,264.236.428-34,1955-12-29
1420,Patricia Souza,909.248.762-71,1971-03-13
1421,Antonio Rodrigues,911.142.817-19,1999-08-27
1422,Daniel Costa,282.305.248-82,1951-11-10
1423,Nicolas Mendes,062.207.223-45,2004-08-19
1424,Daniel Rocha,473.721.329-24,1953-10-17
1425,Daniela Ferreira,204.787.688-50,1986-03-27
1426,Paulo Araujo,859.964.862-45,1995-02-21
1427,Marcos Pereira,031.954.196-70,1984-04-28
1428,Eduardo Lima,505.730.362-76,1990-05-14
1429,Thiago Pereira,463.203.747-80,1985-10-26
1430,Joao Araujo,537.260.321-69,1976-07-03
1431,Daniel Santos,576.619.458-78,1999-06-28
1432,Lucas Santos,715.534.820-18,1959-02-02
1433,Isabela Cardoso,400.838.507-08,1986-03-12
1434,Bruno Dias,759.545.089-68,1961-01-23
1435,Igor Nascimento,680.898.126-43,1979-08-15
1436,Igor Carvalho,223.196.463-53,1953-10-04
1437,Beatriz Lima,023.693.626-34,1999-01-29
1438,Tiago Carvalho,301.204.713-10,1992-01-06
1439,Julia Nascimento,117.595.749-61,2000-02-11
1440,Samuel Gomes,582.984.933-03,1951-12-30
1441,Henrique Nascimento,458.476.094-26,1973-02-11
1442,Fernanda Pereira,833.372.188-57,1982-07-26
1443,Gabriel Ferreira,695.413.297-72,1955-12-14
1444,Andre Santos,666.267.055-39,1960-08-10
1445,Valter Almeida,776.936.634-87,1971-10-28
1446,William Costa,529.596.111-79,1957-05-21
1447,Ana Pereira,867.120.072-83,1952-12-07
1448,Helena Lima,559.102.451-39,1953-06-30
1449,Thiago Souza,090.326.714-48,2003-03-27
1450,Valentina Dias,819.421.794-64,1964-02-14
1451,Nicolas Oliveira,793.406.527-20,1990-08-06
1452,Carlos Mendes,446.634.533-33,1991-05-21
1453,Isabela Pereira,010.912.172-46,1963-05-26
1454,Daniela Lima,559.376.618-50,2002-09-21
1455,Valter Rodrigues,705.263.510-04,1952-10-25
1456,Sofia Ferreira,277.657.256-53,1978-03-29
1457,Tiago Costa,024.617.520-60,1962-08-04
1458,Rafaela Mendes,974.326.005-62,1980-10-08
1459,William Ribeiro,501.783.325-00,1995-04-22
1460,Taina Mendes,689.993.607-09,2003-01-08
1461,Samuel Lima,870.450.691-03,1992-07-27
1462,Gabriel Araujo,993.593.744-58,1953-06-22
1463,Patricia Rocha,464.083.037-81,1971-06-10
1464,Felipe Silva,601.488.608-77,1977-06-21
1465,Vinicius Santos,793.884.136-60,2000-04-22
1466,Bruno Costa,830.615.370-74,1958-12-04
1467,Helena Carvalho,244.626.325-91,1958-10-04
1468,Valentina Lima,881.121.031-35,1974-03-25
1469,Larissa Oliveira,751.887.817-86,2005-02-12
1470,Taina Souza,515.263.840-19,2005-08-27
1471,Eduarda Souza,225.288.375-85,1952-09-03
1472,Bruno Ferreira,618.632.397-82,2002-08-09
1473,Daniela Almeida,787.655.300-12,1990-08-19
1474,Mariana Silva,950.556.057-58,1957-08-24
1475,Helena Oliveira,988.192.778-16,1999-06-27
1476,Bruno Oliveira,905.348.640-23,1959-07-25
1477,Camila Lima,246.245.618-05,1982-08-21
1478,Daniela Nascimento,446.004.521-43,1962-05-01
1479,Paulo Dias,915.114.551-01,1966-05-21
1480,Tiago Rodrigues,913.044.881-60,1999-04-01
1481,Tiago Cardoso,484.160.461-82,1979-11-25
1482,Taina Santos,211.901.707-79,1982-05-26
1483,Felipe Cardoso,142.983.152-90,1966-08-11
1484,Tiago Oliveira,073.228.360-49,1996-12-01
1485,Taina Rocha,378.306.396-55,1967-04-08
1486,Paulo Lima,526.969.443-34,2005-04-19
1487,Gabriela Martins,497.016.934-93,1961-07-02
1488,Tiago Costa,913.203.301-00,1985-05-31
1489,Helena Rodrigues,419.031.061-17,1980-08-16
1490,Natalia Araujo,221.556.684-14,1989-10-12
1491,Mariana Pereira,365.337.746-38,1954-05-23
1492,Sofia Silva,672.007.843-70,1987-02-02
1493,Gabriela Lima,244.260.781-64,2002-08-13
1494,Joao Ribeiro,437.347.642-03,1993-02-04
1495,Patricia Araujo,203.763.882-50,1959-11-08
1496,Taina Ribeiro,841.484.601-71,2000-11-18
1497,Fernanda Almeida,443.899.827-10,1997-05-26
1498,Ana Pereira,058.695.073-75,1966-10-23
1499,Fernanda Lima,644.936.999-06,1982-01-07
1500,Fernanda Ferreira,793.350.557-00,1971-08-21
1501,Rafael Gomes,736.801.192-16,1970-10-02
1502,Gabriel Santos,376.811.872-00,1969-10-20
1503,Natalia Rodrigues,510.409.614-95,2002-10-23
1504,Igor Rodrigues,153.911.498-86,1971-08-22
1505,Beatriz Nascimento,482.073.651-53,1957-12-16
1506,Nicolas Rocha,394.065.578-35,1964-09-27
1507,Antonio Oliveira,904.322.302-62,1967-07-28
1508,Natalia Rodrigues,247.073.920-91,1960-07-29
1509,Natalia Ribeiro,462.127.602-68,1983-08-08
1510,Beatriz Cardoso,261.123.126-54,1959-09-24
1511,Henrique Almeida,248.889.957-70,1964-02-14
1512,Vinicius Cardoso,937.629.745-86,1973-05-07
1513,Vinicius Rodrigues,036.468.719-38,1960-05-07
1514,Helena Santos,381.876.920-65,1996-06-20
1515,Larissa Cardoso,323.089.813-34,1998-05-11
1516,Samuel Souza,588.144.582-19,1965-12-30
1517,Beatriz Martins,732.318.297-20,1956-05-29
1518,Henrique Cardoso,157.245.000-27,1952-06-14
1519,Antonio Silva,152.911.371-77,1989-05-20
1520,Rafael Ribeiro,090.255.618-53,1976-01-03
1521,Valentina Carvalho,218.299.874-88,1994-01-23
1522,Paulo Souza,224.890.567-00,1953-08-16
1523,Nicolas Martins,700.900.436-69,1980-12-25
1524,Bruno Souza,584.826.691-33,1971-02-26
1525,Gabriel Pereira,483.550.542-53,2001-10-01
1526,Eduardo Santos,807.063.369-76,2005-02-07
1527,Samuel Araujo,950.982.210-80,1974-01-10
1528,Camila Oliveira,648.188.044-01,1965-12-02
1529,Samuel Nascimento,738.363.816-64,1974-01-10
1530,Rafaela Pereira,126.942.894-28,1986-07-28
1531,Valter Costa,036.258.631-46,1977-10-10
1532,Sofia Souza,706.462.554-79,1953-10-18
1533,Larissa Ferreira,355.824.301-30,1992-02-25
1534,Eduardo Lima,644.898.803-32,1959-10-11
1535,Daniel Almeida,888.245.279-49,1955-07-10
1536,Bruno Santos,404.333.353-60,1997-03-17
1537,Sofia Rocha,516.321.119-69,1990-10-19
1538,Paulo Araujo,180.933.913-80,1994-03-11
1539,Natalia Pereira,653.060.119-85,1995-04-19
1540,Marcos Gomes,617.868.800-83,1966-08-01
1541,Natalia Silva,091.561.829-02,1996-12-31
1542,Ana Almeida,657.744.916-33,1950-04-11
1543,William Rodrigues,659.520.149-68,1956-05-12
1544,Gabriela Mendes,941.843.368-09,1992-10-28
1545,Bruno Silva,926.322.399-82,1995-05-20
1546,Isabela Souza,374.556.114-71,1953-04-10
1547,Valentina Pereira,886.050.537-20,1985-06-25
1548,Henrique Martins,081.126.003-84,1954-12-20
1549,Paulo Rodrigues,566.910.627-01,1956-07-09
1550,Andre Rodrigues,123.455.068-73,1999-05-15
1551,Larissa Martins,917.768.293-95,1997-01-20
1552,Sofia Lima,013.480.873-82,1980-09-26
1553,Valter Almeida,788.260.335-01,2005-02-17
1554,Gabriela Santos,157.090.859-10,2002-02-10
1555,Daniela Lima,492.074.926-01,2003-08-21
1556,Tiago Dias,699.648.997-00,1958-01-16
1557,Paulo Lima,285.969.325-42,2000-09-20
1558,Fernanda Lima,084.993.231-97,1966-08-05
1559,Patricia Lima,266.980.690-27,2000-01-20
1560,Lucas Pereira,617.607.234-44,2000-05-22
1561,Patricia Mendes,935.953.828-03,1951-07-28
1562,Valentina Silva,561.299.650-01,1999-04-11
1563,Isabela Ferreira,958.264.186-05,2001-05-26
1564,Eduardo Ribeiro,613.087.612-28,1967-01-27
1565,Paulo Gomes,951.434.682-30,1971-08-03
1566,Thiago Lima,840.027.300-18,1996-02-08
1567,Henrique Dias,661.016.831-84,1957-04-15
1568,Mariana Dias,500.168.094-83,1957-03-09
1569,Valentina Dias,150.762.839-03,1989-10-09
1570,Gabriel Pereira,053.440.777-34,2003-09-22
1571,Valentina Ferreira,207.266.292-35,1980-11-29
1572,Antonio Cardoso,177.602.991-76,1973-08-23
1573,Antonio Ferreira,884.133.373-13,1958-01-01
1574,Helena Gomes,523.561.781-98,1991-08-26
1575,Ana Rodrigues,211.920.613-90,1987-11-07
1576,Rafaela Mendes,527.789.561-23,1967-01-30
1577,Natalia Araujo,184.449.029-77,1978-12-24
1578,Camila Pereira,648.016.440-74,1971-03-21
1579,Igor Rodrigues,416.781.277-01,1996-01-22
1580,Julia Costa,102.179.821-58,1967-05-08
1581,Sofia Mendes,629.857.973-73,1988-03-21
1582,Patricia Cardoso,318.285.605-70,1970-07-15
1583,Tiago Araujo,079.866.177-13,1955-06-25
1584,Felipe Nascimento,368.205.068-05,1962-11-20
1585,Eduarda Costa,235.521.650-96,1980-01-22
1586,Rafael Araujo,146.921.821-64,2001-03-12
1587,Helena Gomes,967.908.984-33,1971-02-07
1588,Henrique Dias,984.802.205-89,1953-01-16
1589,Vinicius Almeida,869.484.249-10,1980-04-19
1590,William Mendes,811.457.887-42,1953-03-19
1591,Igor Souza,523.867.673-53,1998-05-19
1592,Larissa Silva,974.619.177-22,2004-10-06
1593,Rafael Nascimento,682.996.872-09,1961-08-14
1594,Andre Mendes,937.085.806-72,1966-09-16
1595,Rafaela Ribeiro,040.566.957-76,2001-01-24
1596,Beatriz Silva,124.825.544-54,1966-05-18
1597,Paulo Ferreira,796.325.942-07,1972-02-16
1598,Helena Cardoso,946.338.915-61,1986-04-29
1599,Julia Carvalho,152.857.256-40,1965-01-16
1600,Tiago Costa,693.358.951-05,1970-01-21
1601,Nicolas Oliveira,865.507.846-89,2000-02-14
1602,Andre Silva,957.443.034-05,2005-11-28
1603,Gabriela Mendes,911.797.203-50,1996-10-15
1604,Bruno Rocha,340.153.641-98,1979-03-07
1605,Valentina Araujo,155.313.259-91,1969-03-29
1606,Gabriel Nascimento,813.675.009-23,1973-11-04
1607,Isabela Oliveira,410.527.698-02,1960-12-12
1608,Thiago Mendes,780.927.045-11,1961-08-23
1609,Rafaela Mendes,885.622.586-79,1987-05-01
1610,Camila Gomes,986.787.442-00,1962-05-27
1611,Marcos Gomes,854.859.655-47,2005-01-20
1612,Valentina Costa,824.911.650-07,1962-03-19
1613,Ana Santos,024.539.313-77,1961-10-06
1614,Gabriela Gomes,513.055.708-55,1968-04-23
1615,Henrique Cardoso,214.448.896-72,1984-08-12
1616,Thiago Dias,727.367.746-98,1963-06-07
1617,Ana Pereira,582.543.183-79,1965-07-05
1618,Rafael Oliveira,231.239.204-61,2005-12-27
1619,Eduarda Santos,601.836.472-70,1968-04-19
1620,Samuel Araujo,508.276.817-47,1965-11-16
1621,Larissa Ribeiro,775.458.472-70,1983-12-30
1622,Isabela Rocha,052.918.768-08,1971-08-19
1623,Fernanda Ferreira,082.717.217-63,1969-04-18
1624,Mariana Araujo,399.205.222-28,2001-09-25
1625,Tiago Dias,362.165.914-52,1971-03-14
1626,Samuel Cardoso,232.553.983-04,1978-09-23
1627,Samuel Lima,461.777.326-66,1976-01-02
1628,Rafaela Silva,954.497.912-32,1990-02-01
1629,Vinicius Rocha,702.927.120-30,1979-09-15
1630,Rafaela Dias,787.137.529-60,2000-02-02
1631,Paulo Almeida,220.125.608-06,1966-11-27
1632,Larissa Santos,048.797.888-99,2001-01-15
1633,Igor Ribeiro,358.523.860-22,1953-08-18
1634,Mariana Silva,443.619.951-76,1991-04-16
1635,Daniela Ribeiro,239.102.929-25,1981-03-30
1636,Antonio Souza,437.483.093-68,1950-06-10
1637,Tiago Martins,713.971.912-87,1985-09-09
1638,Camila Pereira,213.217.672-85,1954-10-20
1639,Gabriela Dias,111.661.220-85,1960-11-07
1640,William Santos,725.873.393-08,1953-04-28
1641,Valentina Rocha,366.538.027-87,1977-01-17
1642,Paulo Oliveira,242.114.086-23,1997-01-31
1643,Helena Gomes,095.229.462-14,1951-07-15
1644,Thiago Rodrigues,556.103.995-48,1961-07-02
1645,Thiago Nascimento,013.712.436-89,1982-03-18
1646,Samuel Gomes,856.423.041-00,1964-01-05
1647,Antonio Pereira,706.159.273-78,2000-01-08
1648,Marcos Carvalho,029.907.166-96,2003-01-02
1649,Antonio Martins,322.481.554-09,1964-03-24
1650,Ana Almeida,403.010.956-04,1994-07-14
1651,Tiago Araujo,564.915.795-22,1983-05-16
1652,Valentina Martins,234.712.476-53,1950-03-31
1653,Gabriela Santos,801.810.306-24,1999-09-09
1654,Patricia Oliveira,764.172.680-12,1998-11-03
1655,Ana Mendes,157.129.015-01,1955-06-16
1656,Joao Souza,380.671.307-36,1970-07-25
1657,Bruno Souza,045.847.436-30,1965-09-12
1658,Gabriela Rodrigues,009.625.885-39,1990-02-01
1659,Henrique Martins,947.031.805-61,1967-11-07
1660,Mariana Dias,627.466.621-40,1981-09-09
1661,Thiago Souza,832.700.046-21,1987-03-20
1662,Henrique Oliveira,459.011.079-26,1993-07-27
1663,Joao Oliveira,400.493.881-34,2000-07-02
1664,Taina Rocha,053.152.049-87,2004-08-15
1665,Nicolas Santos,949.769.873-96,1955-11-04
1666,Mariana Araujo,971.669.841-04,1986-11-11
1667,Eduardo Oliveira,237.407.794-20,1972-04-09
1668,Patricia Costa,562.389.949-83,2000-12-31
1669,Gabriela Dias,701.426.203-35,1991-12-03
1670,Camila Mendes,782.116.020-24,1973-04-13
1671,Fernanda Cardoso,135.998.989-79,1990-03-31
1672,Isabela Oliveira,170.889.480-28,1956-05-02
1673,Rafael Ferreira,448.221.758-12,1996-01-14
1674,Patricia Rocha,785.708.200-70,1973-04-13
1675,Rafael Santos,675.712.369-08,1957-08-21
1676,Valter Dias,611.287.942-50,2003-10-27
1677,Henrique Cardoso,827.697.040-01,2002-10-30
1678,Carlos Almeida,141.961.560-29,1994-05-09
1679,Samuel Almeida,274.883.565-43,1959-08-08
1680,Joao Rocha,624.096.496-45,1984-06-05
1681,Rafael Almeida,496.047.842-00,1955-10-24
1682,Igor Silva,285.162.259-50,1971-10-25
1683,Gabriel Carvalho,882.089.348-79,1985-11-24
1684,Rafael Mendes,390.624.672-88,1997-04-19
1685,Igor Dias,916.091.141-75,1969-03-29
1686,Gabriela Rocha,359.236.133-36,1992-08-16
1687,Gabriel Silva,523.045.881-07,1985-12-10
1688,Bruno Silva,254.472.419-60,1958-09-26
1689,Henrique Gomes,034.409.661-00,1992-03-03
1690,Lucas Souza,824.989.808-73,1998-07-16
1691,Ana Ferreira,782.141.746-78,1996-05-19
1692,Fernanda Almeida,592.664.869-65,1998-04-21
1693,William Almeida,969.874.869-56,1978-01-09
1694,Eduarda Gomes,594.501.192-44,2003-10-01
1695,Larissa Santos,753.605.117-45,1957-01-19
1696,Henrique Santos,398.863.653-31,1986-11-08
1697,Helena Oliveira,894.559.067-67,1950-09-09
1698,Camila Silva,994.248.942-87,1954-03-19
1699,Valentina Ferreira,648.966.760-68,1979-04-30
1700,Henrique Carvalho,204.565.775-21,1998-03-23
1701,Antonio Rocha,745.338.906-28,1961-09-27
1702,Rafaela Ribeiro,466.226.540-18,1959-09-23
1703,Felipe Gomes,995.300.622-90,1960-08-16
1704,Larissa Pereira,427.677.462-46,1978-05-08
1705,William Souza,601.124.115-84,1995-02-28
1706,Sofia Cardoso,860.080.179-60,1996-04-26
1707,Felipe Nascimento,782.312.995-72,1989-11-03
1708,Ana Carvalho,726.426.121-20,1964-10-08
1709,Camila Rodrigues,843.753.659-60,1984-08-14
1710,Rafael Santos,785.254.824-55,1961-06-23
1711,Gabriela Cardoso,385.454.006-08,1972-10-30
1712,Valter Ribeiro,475.231.123-23,1963-10-31
1713,Igor Lima,897.917.763-18,1971-10-17
1714,Valentina Costa,720.388.621-25,1992-08-04
1715,Carlos Silva,801.963.045-71,1967-06-09
1716,Beatriz Ferreira,935.882.493-03,1979-09-12
1717,Patricia Lima,001.816.778-06,1975-09-18
1718,Nicolas Souza,652.444.544-98,1988-05-09
1719,Camila Cardoso,385.179.937-21,1999-07-26
1720,Fernanda Silva,539.128.788-03,1972-12-01
1721,Rafael Ferreira,999.698.829-53,1955-06-20
1722,Valter Gomes,792.714.724-20,1983-10-23
1723,Patricia Santos,198.642.423-50,1999-12-13
1724,Patricia Rocha,728.339.121-53,1999-04-26
1725,Marcos Silva,629.328.809-26,1999-12-23
1726,Natalia Costa,210.102.320-29,1951-06-18
1727,Daniela Mendes,676.610.089-39,2000-01-27
1728,Lucas Ferreira,108.143.561-50,1975-11-28
1729,Camila Almeida,845.319.807-19,1974-10-17
1730,Gabriel Cardoso,235.469.510-18,1950-04-30
1731,Mariana Silva,762.054.596-47,1989-04-03
1732,Daniela Gomes,006.666.411-02,1951-03-04
1733,Felipe Ribeiro,411.340.785-10,1959-01-09
1734,Felipe Dias,949.708.905-87,2000-05-23
1735,Mariana Martins,683.482.689-01,2000-08-26
1736,William Ferreira,269.708.386-33,2000-01-24
1737,Samuel Mendes,917.879.150-26,1983-04-14
1738,Thiago Martins,257.197.609-54,1971-03-29
1739,Helena Silva,126.578.982-70,1984-02-08
1740,Ana Lima,180.952.175-06,1980-02-10
1741,Nicolas Gomes,177.741.274-96,1984-07-19
1742,Vinicius Costa,118.824.199-01,1986-02-20
1743,Helena Martins,422.297.589-34,1956-09-05
1744,Igor Santos,454.218.545-15,1993-08-11
1745,Beatriz Gomes,682.092.257-40,1950-01-02
1746,Tiago Silva,016.356.407-84,1965-05-27
1747,Natalia Pereira,472.828.954-06,1950-06-15
1748,Camila Souza,788.224.731-67,1962-03-23
1749,Gabriel Souza,685.071.058-31,1955-04-18
1750,Eduarda Oliveira,950.927.115-23,1966-09-06
1751,Henrique Souza,053.709.230-78,1952-12-11
1752,Joao Souza,695.007.418-22,2001-06-30
1753,Valter Cardoso,543.298.769-49,1999-10-28
1754,Tiago Rodrigues,652.944.716-47,1957-11-26
1755,William Mendes,273.481.310-69,1973-02-17
1756,Bruno Santos,258.963.217-75,1976-08-16
1757,Natalia Ribeiro,748.352.680-75,1986-05-23
1758,Taina Cardoso,606.739.834-63,1976-11-16
1759,Rafael Mendes,384.253.646-12,1962-05-16
1760,Rafael Santos,550.774.065-88,1990-04-13
1761,William Gomes,515.623.920-00,2003-04-19
1762,Beatriz Cardoso,551.074.091-48,1970-12-15
1763,Fernanda Souza,178.619.025-79,1976-06-17
1764,Igor Ferreira,022.069.535-01,1974-01-18
1765,Eduarda Costa,012.275.950-85,1950-12-13
1766,Julia Martins,015.153.259-11,1973-04-17
1767,Igor Dias,507.407.173-91,1961-08-02
1768,Joao Dias,805.950.310-30,1950-11-15
1769,Felipe Lima,934.039.104-74,1981-03-29
1770,Helena Santos,360.894.118-50,1976-11-26
1771,William Oliveira,359.928.553-51,1983-07-15
1772,Tiago Gomes,205.610.067-33,2001-01-30
1773,Tiago Silva,069.680.186-83,1989-05-28
1774,Lucas Carvalho,037.842.339-88,1975-12-05
1775,Valter Rocha,530.067.762-08,1979-12-25
1776,Andre Silva,325.017.365-75,1972-11-20
1777,Helena Ferreira,241.784.290-43,1966-10-04
1778,Tiago Pereira,334.511.009-16,1953-07-29
1779,Gabriel Santos,530.886.843-37,1951-04-02
1780,Isabela Oliveira,166.732.904-98,1980-01-05
1781,Joao Gomes,988.759.212-96,2003-03-29
1782,Thiago Martins,426.033.620-70,1962-09-10
1783,Joao Ribeiro,582.147.709-39,1961-04-24
1784,Ana Araujo,115.238.023-08,1988-09-15
1785,Julia Oliveira,921.581.897-97,1950-05-21
1786,Daniel Rocha,161.186.385-60,1979-10-25
1787,Samuel Cardoso,195.977.216-35,1999-11-19
1788,Paulo Santos,053.789.318-00,1983-09-07
1789,Vinicius Pereira,897.284.540-07,1958-08-11
1790,Nicolas Pereira,272.002.839-83,1976-06-04
1791,Rafael Pereira,322.041.447-89,1975-01-04
1792,Natalia Pereira,811.659.930-58,1961-05-09
1793,Ana Pereira,030.423.227-00,1994-09-06
1794,Carlos Pereira,135.302.816-03,1980-02-05
1795,Camila Martins,463.005.937-70,1990-12-29
1796,Joao Ribeiro,691.983.210-05,1964-07-11
1797,Vinicius Souza,617.469.029-65,1997-08-18
1798,Natalia Oliveira,043.841.966-95,1964-07-21
1799,Isabela Rocha,131.670.805-58,1986-05-31
1800,Samuel Ribeiro,667.063.621-07,2001-03-02
1801,Nicolas Ferreira,550.494.440-63,1989-07-24
1802,Henrique Ferreira,349.339.650-30,1977-02-13
1803,Vinicius Ferreira,273.226.261-76,1957-12-08
1804,Valentina Pereira,436.258.542-79,1959-02-06
1805,Nicolas Mendes,087.991.962-04,1971-07-17
1806,Valter Souza,996.433.853-88,1962-01-08
1807,Valentina Araujo,250.583.334-65,1968-02-25
1808,Beatriz Almeida,115.876.054-06,1983-03-06
1809,Joao Ferreira,947.576.945-55,1967-11-20
1810,Daniel Almeida,659.746.698-51,1984-04-19
1811,Daniela Martins,342.125.450-80,1998-01-15
1812,Ana Rocha,594.815.269-33,1962-10-17
1813,Andre Ribeiro,966.472.130-15,1990-08-29
1814,Taina Pereira,359.142.614-81,1954-09-21
1815,Sofia Cardoso,933.261.454-70,1969-02-25
1816,Camila Araujo,963.731.008-80,1960-12-11
1817,Marcos Mendes,522.115.871-00,1999-12-21
1818,Taina Gomes,235.426.874-21,1973-12-16
1819,Marcos Santos,173.208.652-46,1969-12-19
1820,Igor Araujo,729.665.633-62,1991-12-28
1821,Ana Oliveira,400.527.810-89,1982-12-20
1822,Andre Mendes,000.272.214-31,1966-09-18
1823,Andre Araujo,316.094.391-71,1969-07-10
1824,Felipe Mendes,172.031.369-57,1981-01-11
1825,Carlos Pereira,862.092.973-90,1980-11-10
1826,Helena Ribeiro,953.322.273-53,2005-04-05
1827,Mariana Mendes,992.045.735-38,1970-03-26
1828,Helena Almeida,661.850.761-87,1954-05-24
1829,Samuel Araujo,082.697.182-20,1967-12-08
1830,Eduardo Santos,107.126.158-49,1969-12-10
1831,Samuel Cardoso,217.648.467-37,1967-12-21
1832,Andre Araujo,422.332.228-14,1951-07-08
1833,Fernanda Dias,442.589.222-42,1981-09-26
1834,Felipe Santos,629.535.063-14,1992-12-14
1835,Rafaela Souza,180.467.413-37,1950-07-26
1836,Marcos Gomes,384.185.201-75,1969-09-18
1837,Eduardo Costa,608.463.975-52,1984-08-22
1838,Daniela Gomes,470.554.912-07,1956-01-15
1839,Daniel Souza,641.195.564-68,1951-07-09
1840,Tiago Souza,969.395.787-30,1982-02-04
1841,Larissa Santos,702.042.620-46,1956-05-19
1842,William Nascimento,121.241.393-80,1988-07-30
1843,William Ferreira,789.760.987-14,1969-05-06
1844,Daniela Costa,677.319.227-74,1984-12-07
1845,Antonio Araujo,598.897.865-75,1971-04-14
1846,Natalia Rocha,431.916.543-80,1952-10-08
1847,Nicolas Rocha,523.120.219-35,1956-03-19
1848,Carlos Silva,576.449.747-76,1950-08-14
1849,Camila Silva,268.764.486-22,1994-07-15
1850,Felipe Lima,979.741.636-40,1981-03-07
1851,Henrique Santos,450.063.553-01,1992-03-10
1852,Mariana Santos,964.969.277-07,1957-02-04
1853,Gabriela Rocha,529.635.305-60,2003-04-02
1854,Joao Silva,255.128.276-42,1968-07-07
1855,Henrique Lima,315.948.989-28,1980-02-03
1856,William Ferreira,546.634.544-02,1969-11-12
1857,Valter Carvalho,149.169.993-04,2004-07-01
1858,Rafaela Carvalho,497.439.464-97,1951-07-17
1859,Paulo Cardoso,223.095.862-34,2004-04-26
1860,Lucas Rodrigues,988.941.321-37,1950-09-19
1861,Tiago Araujo,202.170.754-79,1996-07-10
1862,Carlos Rodrigues,465.579.220-50,1971-12-06
1863,Ana Santos,449.646.129-37,1970-01-17
1864,Tiago Santos,025.121.375-70,1985-04-20
1865,Carlos Mendes,963.595.708-40,1988-08-07
1866,Eduarda Rocha,931.458.434-86,1979-05-12
1867,Felipe Ferreira,311.388.503-57,1976-08-11
1868,Larissa Rodrigues,622.033.474-49,1966-06-06
1869,Sofia Martins,310.437.968-86,1985-07-20
1870,Rafael Silva,085.294.690-20,1963-09-23
1871,Eduarda Nascimento,741.743.043-00,1978-07-30
1872,Camila Pereira,385.022.894-03,1987-11-15
1873,Felipe Gomes,275.233.282-37,2005-12-12
1874,Patricia Silva,202.569.133-58,1950-11-23
1875,Patricia Silva,334.677.116-42,1990-12-08
1876,Daniel Silva,762.799.553-11,1955-01-31
1877,Larissa Carvalho,530.123.984-81,1993-09-30
1878,Julia Almeida,034.202.847-21,1956-02-10
1879,Thiago Silva,172.224.050-46,1989-06-01
1880,Gabriel Carvalho,871.775.461-54,2005-10-30
1881,Vinicius Costa,406.583.872-00,1992-02-03
1882,Isabela Gomes,812.259.095-03,1984-07-25
1883,Felipe Cardoso,448.237.337-03,2001-06-11
1884,Daniela Costa,121.101.878-40,1953-10-07
1885,Rafaela Ribeiro,869.017.074-01,1953-03-27
1886,Patricia Dias,251.999.452-54,2003-09-01
1887,Andre Oliveira,712.227.643-00,1969-10-07
1888,Samuel Araujo,220.542.216-27,1965-10-21
1889,Eduardo Gomes,496.330.833-97,1976-01-04
1890,Valentina Lima,704.887.899-15,1979-08-29
1891,Ana Carvalho,702.059.685-11,1956-05-27
1892,William Gomes,377.492.663-80,1964-05-08
1893,Vinicius Gomes,634.277.752-75,1964-05-10
1894,Carlos Rocha,206.165.812-11,2004-03-29
1895,Helena Silva,592.294.115-15,1986-10-30
1896,Natalia Santos,295.596.363-16,1991-07-25
1897,Isabela Martins,294.206.615-63,1973-04-03
1898,William Mendes,085.133.138-66,1953-08-18
1899,Beatriz Carvalho,983.211.221-40,1965-07-06
1900,Daniela Ribeiro,481.582.686-25,1998-01-25
1901,Marcos Ferreira,401.918.548-40,1998-03-14
1902,Camila Ferreira,442.006.298-36,1994-08-30
1903,Igor Mendes,735.856.646-79,1977-11-19
1904,Gabriela Dias,623.421.926-81,1962-12-29
1905,Larissa Souza,320.410.429-07,1972-09-10
1906,Rafael Rodrigues,147.891.179-44,1990-01-22
1907,Isabela Martins,999.949.812-42,1996-02-01
1908,Mariana Oliveira,800.366.602-30,1950-03-11
1909,Camila Silva,532.853.863-39,1958-08-24
1910,Ana Gomes,052.438.380-47,1981-11-15
1911,Samuel Costa,692.990.076-16,1997-11-27
1912,Henrique Costa,763.328.389-06,1984-07-28
1913,Natalia Rodrigues,761.851.862-92,1985-09-04
1914,Joao Oliveira,368.410.132-04,1995-05-20
1915,Julia Rodrigues,392.188.352-03,1991-05-14
1916,Vinicius Souza,875.067.761-62,1953-11-24
1917,Henrique Ribeiro,920.881.431-90,2005-09-23
1918,Helena Araujo,976.178.159-30,1987-08-04
1919,Thiago Cardoso,384.572.026-34,1983-10-24
1920,Daniel Ferreira,862.959.125-08,1990-03-19
1921,Natalia Lima,989.925.539-43,1974-06-24
1922,Henrique Silva,742.990.747-42,1962-10-21
1923,William Martins,694.179.967-62,1951-12-09
1924,Samuel Silva,897.474.859-23,2001-03-23
1925,Valentina Ferreira,418.398.416-56,1991-06-15
1926,Rafaela Lima,785.369.881-00,1984-03-01
1927,Valentina Rocha,804.450.928-31,1985-05-23
1928,Ana Gomes,210.262.706-34,1985-11-27
1929,Valentina Cardoso,900.824.845-03,1996-08-29
1930,Fernanda Almeida,088.983.057-61,1977-05-17
1931,Rafael Cardoso,399.741.856-02,1971-03-23
1932,Ana Pereira,750.003.056-80,1986-03-08
1933,Fernanda Rocha,953.056.418-02,1973-06-03
1934,Tiago Rodrigues,784.679.087-00,1951-10-02
1935,Gabriela Mendes,726.001.365-68,1961-01-09
1936,Camila Almeida,444.429.906-11,1993-06-02
1937,Taina Gomes,686.524.062-60,1961-04-23
1938,Gabriela Gomes,599.672.562-22,1966-07-13
1939,Larissa Oliveira,905.334.704-63,1994-10-05
1940,Valter Nascimento,648.455.939-20,1989-03-19
1941,Andre Costa,138.350.712-03,1975-10-16
1942,Bruno Ribeiro,312.900.362-25,1966-08-01
1943,Eduarda Souza,732.772.648-90,1998-12-12
1944,Rafaela Dias,585.585.229-60,1977-05-22
1945,Julia Ribeiro,251.618.575-87,2005-03-03
1946,Eduarda Araujo,105.080.549-66,1958-04-28
1947,Sofia Araujo,744.735.352-31,1976-09-11
1948,Igor Mendes,417.159.497-90,1967-11-23
1949,Sofia Lima,930.537.880-39,1969-12-09
1950,Mariana Oliveira,836.113.389-58,1966-05-07
1951,Henrique Santos,878.828.152-33,1993-01-20
1952,Rafael Nascimento,304.862.515-19,1966-04-15
1953,Gabriela Araujo,465.353.780-12,1959-02-09
1954,Nicolas Rocha,156.734.467-48,1957-11-11
1955,Lucas Araujo,629.691.433-48,1985-07-13
1956,Helena Rocha,994.664.509-21,2002-09-17
1957,Tiago Rocha,001.089.857-33,1970-06-12
1958,Tiago Silva,835.211.896-00,1996-11-02
1959,Valentina Lima,246.488.499-57,1991-01-27
1960,Thiago Ribeiro,728.575.958-91,1961-05-05
1961,Paulo Oliveira,902.217.978-82,2004-08-27
1962,Daniela Pereira,488.397.170-80,1979-06-11
1963,Thiago Mendes,445.143.672-90,1996-12-05
1964,Felipe Mendes,112.303.885-67,1988-12-21
1965,Rafael Oliveira,193.978.145-08,2001-09-18
1966,Ana Silva,992.177.905-24,1978-04-26
1967,Isabela Cardoso,669.335.158-18,1998-04-23
1968,Antonio Araujo,053.260.119-05,1971-08-20
1969,Thiago Souza,038.297.425-50,1981-05-12
1970,Gabriela Almeida,609.085.818-82,1961-01-14
1971,Beatriz Lima,502.437.361-85,1980-10-17
1972,Paulo Nascimento,366.271.358-68,2003-10-17
1973,Felipe Rocha,335.390.058-62,1978-11-13
1974,Henrique Souza,547.315.663-04,2002-06-19
1975,Marcos Rocha,255.116.436-29,2005-01-13
1976,Beatriz Pereira,837.727.028-56,2003-05-03
1977,Gabriel Ferreira,605.342.816-72,1972-11-13
1978,Sofia Souza,610.197.535-52,1998-01-13
1979,Valter Martins,405.103.880-78,1962-02-22
1980,Marcos Rodrigues,042.763.628-06,1959-03-12
1981,Sofia Carvalho,471.893.953-42,1951-12-10
1982,Tiago Martins,906.764.909-05,1965-08-01
1983,Larissa Mendes,849.874.551-96,1971-04-11
1984,Bruno Cardoso,727.174.306-52,1999-08-06
1985,Samuel Oliveira,164.034.398-98,1996-11-23
1986,Daniela Mendes,738.775.833-69,1969-03-29
1987,Felipe Lima,770.413.090-02,2005-11-12
1988,Gabriela Ribeiro,386.028.262-06,1981-04-13
1989,Sofia Costa,041.231.905-53,1990-05-23
1990,Joao Pereira,044.100.794-50,1958-12-12
1991,Tiago Rodrigues,245.381.097-97,2005-04-11
1992,Valter Oliveira,224.870.987-08,1963-07-20
1993,Eduardo Carvalho,963.225.174-14,1962-12-07
1994,Larissa Lima,043.261.189-46,1954-08-19
1995,Beatriz Rodrigues,468.616.307-21,1951-01-29
1996,Isabela Cardoso,672.020.095-01,1971-03-19
1997,Felipe Martins,219.536.890-00,1950-11-23
1998,Bruno Araujo,795.001.732-55,1979-12-04
1999,Tiago Silva,073.971.307-80,1965-05-27
2000,Julia Souza,138.690.871-10,1984-12-22
2001,Marcos Pereira,210.454.617-68,1959-12-15
2002,Tiago Costa,817.074.436-96,1954-10-29
2003,Isabela Almeida,442.252.160-80,1962-12-04
2004,Bruno Costa,394.120.944-26,1990-01-08
2005,Lucas Costa,690.326.551-16,1970-02-26
2006,Helena Nascimento,617.948.024-95,1980-12-12
2007,Carlos Rocha,851.602.119-00,1959-11-28
2008,Andre Cardoso,912.686.498-30,1987-02-09
2009,Sofia Nascimento,868.623.760-63,1950-11-13
2010,Nicolas Mendes,447.408.378-46,1957-12-12
2011,Tiago Oliveira,907.499.216-17,1976-12-25
2012,Beatriz Santos,698.369.235-78,1970-09-04
2013,Taina Cardoso,486.470.821-50,1970-02-05
2014,Tiago Mendes,654.622.021-05,1964-12-08
2015,Mariana Nascimento,205.503.300-03,1951-11-07
2016,Antonio Cardoso,863.467.391-07,2004-12-03
2017,Ana Silva,889.911.416-17,1950-03-28
2018,Antonio Rocha,169.232.737-22,2002-03-19
2019,Rafael Rocha,790.608.548-53,1957-05-17
2020,Samuel Martins,746.300.099-06,1996-03-17
2021,Taina Almeida,361.137.118-11,1957-08-22
2022,Andre Souza,985.458.294-93,1963-06-19
2023,Antonio Rodrigues,401.535.346-30,1986-11-19
2024,Antonio Araujo,569.994.494-06,1986-04-14
2025,Henrique Araujo,201.082.402-40,1998-05-13
2026,Eduarda Mendes,223.879.402-61,1985-01-31
2027,Isabela Santos,858.174.527-07,1970-05-27
2028,Carlos Rodrigues,642.357.004-30,1957-10-28
2029,Julia Dias,182.851.816-69,1956-03-25
2030,Larissa Gomes,590.461.007-66,2003-12-22
2031,Larissa Almeida,046.600.128-24,1971-09-27
2032,Paulo Pereira,710.123.296-58,1956-02-28
2033,Carlos Souza,204.850.766-24,1979-03-02
2034,Patricia Carvalho,460.422.763-28,1976-11-25
2035,Eduardo Silva,191.530.573-09,1977-09-25
2036,Marcos Pereira,435.861.768-99,1965-03-03
2037,Julia Gomes,127.267.086-41,1987-07-13
2038,Eduardo Ribeiro,622.419.768-73,1989-08-27
2039,Nicolas Carvalho,947.712.903-85,1982-06-11
2040,Ana Santos,618.489.742-05,1961-04-07
2041,Rafaela Gomes,434.046.682-43,1959-11-29
2042,Isabela Souza,564.952.549-89,1965-06-09
2043,Antonio Ferreira,441.119.738-33,1999-05-20
2044,Eduarda Mendes,273.063.435-56,2002-08-22
2045,Valentina Mendes,821.884.968-84,1952-01-31
2046,Felipe Ferreira,405.110.212-24,1983-04-17
2047,Valter Rodrigues,412.301.604-93,2004-11-04
2048,Paulo Martins,037.218.600-98,1968-03-06
2049,Julia Santos,319.789.990-38,1957-03-12
2050,Eduarda Carvalho,003.471.317-43,1958-11-15
2051,Thiago Araujo,860.162.590-80,1995-07-08
2052,Sofia Oliveira,947.855.011-03,1968-06-26
2053,Igor Gomes,358.210.728-08,1997-05-31
2054,Igor Mendes,072.790.371-35,1987-04-12
2055,Fernanda Martins,088.197.223-13,2003-06-12
2056,Thiago Ferreira,477.183.753-82,1953-08-14
2057,Igor Martins,810.248.085-80,1981-07-27
2058,Joao Mendes,002.443.236-90,1966-09-16
2059,Julia Oliveira,690.696.857-28,1973-04-15
2060,Felipe Nascimento,067.516.913-51,2001-11-11
2061,Daniel Pereira,150.164.261-80,1950-05-25
2062,Lucas Silva,335.084.243-75,1960-02-04
2063,William Cardoso,392.484.813-02,1952-02-12
2064,Ana Lima,169.105.302-33,1959-01-21
2065,Daniel Souza,675.864.633-52,2005-02-15
2066,Bruno Almeida,481.105.014-27,1994-09-27
2067,Gabriel Carvalho,278.961.573-06,1999-07-04
2068,Bruno Gomes,128.177.512-64,1971-01-05
2069,Thiago Ribeiro,978.155.426-62,1954-02-03
2070,Vinicius Araujo,236.024.465-57,1975-02-20
2071,Henrique Araujo,720.517.107-59,1968-04-06
2072,Camila Mendes,715.647.837-07,1955-06-29
2073,Natalia Oliveira,754.380.274-04,1956-07-16
2074,Valter Mendes,572.602.925-98,1973-04-15
2075,Felipe Mendes,627.288.407-92,1987-05-18
2076,Henrique Carvalho,207.632.713-49,1980-05-07
2077,Natalia Cardoso,676.259.238-43,1988-09-08
2078,Nicolas Nascimento,906.048.869-50,1970-12-21
2079,Larissa Santos,553.405.089-60,1962-12-28
2080,Lucas Rodrigues,961.597.640-71,1978-03-13
2081,Mariana Gomes,670.789.775-64,1980-11-19
2082,Sofia Costa,619.038.422-63,1992-10-12
2083,Natalia Ferreira,273.202.227-60,1959-04-08
2084,Fernanda Souza,757.691.716-42,1964-09-30
2085,Camila Lima,298.514.486-80,2001-10-11
2086,Samuel Almeida,052.169.039-09,1966-01-28
2087,Larissa Silva,269.801.426-15,1974-02-06
2088,Marcos Souza,068.017.703-57,1957-03-19
2089,Felipe Rodrigues,705.004.933-67,1966-07-29
2090,Gabriel Araujo,244.693.172-33,2000-07-11
2091,Taina Araujo,638.083.906-20,1979-03-02
2092,Sofia Santos,259.985.193-96,2004-04-02
2093,Patricia Pereira,727.281.291-50,1984-10-10
2094,Patricia Ribeiro,049.602.667-40,1985-06-13
2095,Bruno Costa,728.453.974-70,2005-12-06
2096,Thiago Ribeiro,070.886.406-60,1994-06-04
2097,Daniel Martins,020.801.929-49,1954-03-03
2098,Julia Costa,154.390.448-33,2001-05-10
2099,Beatriz Rocha,322.533.320-46,1965-01-19
2100,Rafaela Ribeiro,102.555.019-60,1970-04-19
2101,Bruno Lima,503.698.884-13,1968-09-03
2102,William Rodrigues,332.436.296-24,1961-11-12
2103,Ana Cardoso,059.831.244-71,1958-02-12
2104,Julia Rocha,075.965.999-07,1962-01-05
2105,Camila Oliveira,237.631.774-69,2002-10-02
2106,Daniel Carvalho,210.629.419-00,1968-03-23
2107,Igor Gomes,919.226.713-04,1958-12-17
2108,Lucas Ribeiro,362.647.528-00,1985-10-06
2109,Sofia Ferreira,120.961.730-78,1950-05-28
2110,Tiago Rocha,284.524.032-59,1959-07-02
2111,Daniela Ribeiro,355.051.432-88,1959-01-02
2112,Thiago Oliveira,430.877.972-35,1973-05-30
2113,Joao Dias,254.221.883-81,1972-10-27
2114,Andre Cardoso,192.048.770-06,1988-09-14
2115,Marcos Ferreira,933.329.986-68,1981-10-14
2116,Fernanda Ribeiro,902.578.464-09,1955-02-22
2117,Paulo Gomes,858.838.256-30,1992-11-13
2118,Helena Ferreira,208.467.292-96,1982-07-07
2119,Valter Rodrigues,551.962.822-03,1966-06-21
2120,Carlos Silva,182.562.472-07,1999-07-26
2121,Gabriel Rodrigues,942.012.234-42,1957-10-28
2122,Valentina Rocha,929.009.662-48,1989-10-11
2123,Beatriz Pereira,660.450.956-77,1967-06-04
2124,Larissa Souza,740.039.101-17,2001-07-31
2125,Patricia Almeida,538.922.247-49,1958-05-27
2126,Eduarda Rocha,360.060.827-48,1993-08-03
2127,Beatriz Gomes,646.160.762-51,1985-01-26
2128,Valentina Rodrigues,850.095.372-14,1967-12-07
2129,Taina Martins,176.231.336-75,1960-04-15
2130,Ana Dias,441.642.316-02,1981-04-22
2131,Taina Lima,137.277.685-09,1992-10-04
2132,Gabriel Santos,634.942.904-40,1988-06-13
2133,Daniela Nascimento,551.887.017-58,2005-08-07
2134,William Rocha,324.202.483-41,1989-12-13
2135,Valter Carvalho,417.234.565-43,1967-08-14
2136,Nicolas Ferreira,947.902.548-52,1983-03-04
2137,Patricia Ferreira,268.904.723-30,1996-04-08
2138,Henrique Carvalho,100.953.855-17,1993-03-20
2139,Taina Costa,164.359.900-34,2002-03-05
2140,Patricia Nascimento,814.604.761-07,1976-05-04
2141,Patricia Araujo,884.437.066-27,1957-05-22
2142,Rafael Araujo,564.672.636-00,1999-08-27
2143,Daniela Ribeiro,418.589.900-92,1963-05-20
2144,Igor Nascimento,291.084.507-90,2000-06-05
2145,Eduardo Silva,435.660.503-93,1972-03-31
2146,Igor Carvalho,698.330.677-51,1968-12-05
2147,Antonio Ferreira,718.222.667-77,2001-07-21
2148,Taina Souza,908.788.653-57,1995-01-27
2149,Bruno Dias,067.396.342-03,1996-03-16
2150,William Mendes,760.550.492-60,1962-06-21
2151,Gabriela Araujo,048.618.670-96,1986-07-11
2152,Felipe Rodrigues,201.629.073-03,2002-01-20
2153,Thiago Costa,891.982.718-49,1963-10-23
2154,Gabriel Gomes,337.170.864-05,2004-10-16
2155,Sofia Costa,694.203.983-74,1957-10-25
2156,Rafaela Gomes,490.145.996-17,1990-05-04
2157,Antonio Ferreira,921.958.730-00,1983-01-02
2158,Sofia Dias,824.388.430-04,1963-03-01
2159,Daniela Araujo,816.780.664-27,1969-11-24
2160,Gabriela Gomes,890.164.928-44,1958-05-11
2161,Bruno Silva,370.170.926-27,1976-10-07
2162,Beatriz Araujo,030.880.817-72,1964-04-18
2163,Felipe Pereira,829.682.448-50,1979-04-09
2164,Antonio Silva,728.895.927-90,1974-09-23
2165,Eduarda Souza,680.691.961-81,1965-05-21
2166,Lucas Ferreira,620.808.203-03,1960-10-08
2167,Joao Santos,263.444.359-50,1984-03-23
2168,Larissa Carvalho,587.012.042-03,1976-10-04
2169,Julia Ribeiro,369.091.237-78,1982-09-05
2170,Rafaela Silva,284.976.039-07,1983-10-19
2171,Igor Silva,243.652.405-01,1981-11-02
2172,Patricia Martins,481.875.403-03,1985-11-23
2173,Taina Mendes,821.597.738-32,1983-02-22
2174,Taina Ferreira,623.236.066-46,1991-08-05
2175,Vinicius Dias,864.912.594-80,2000-11-11
2176,Marcos Costa,204.298.622-45,1986-11-06
2177,Tiago Dias,206.661.799-72,1986-08-15
2178,Larissa Rodrigues,569.992.998-38,1972-03-30
2179,Natalia Gomes,876.887.779-09,1966-10-21
2180,Daniel Martins,041.348.208-12,1972-07-24
2181,Vinicius Almeida,153.983.912-59,1961-04-23
2182,Felipe Silva,001.440.762-09,2005-05-07
2183,Daniela Lima,304.913.410-08,1968-04-24
2184,Paulo Rocha,752.872.099-24,1998-06-17
2185,Henrique Gomes,642.240.592-82,1954-12-28
2186,Paulo Costa,353.097.669-52,1959-03-07
2187,William Carvalho,896.298.056-85,1997-11-26
2188,Helena Silva,175.307.966-74,1959-01-07
2189,Paulo Martins,957.240.434-24,1994-01-10
2190,Sofia Oliveira,253.137.956-86,1958-09-12
2191,Ana Santos,777.321.750-50,1970-04-03
2192,Gabriel Souza,920.259.991-27,2003-01-01
2193,Mariana Mendes,733.703.424-56,1977-11-09
2194,Taina Araujo,489.047.607-55,1997-12-15
2195,Gabriel Pereira,351.076.519-25,1956-05-25
2196,Lucas Santos,851.732.895-70,1957-01-14
2197,Taina Ribeiro,634.091.858-10,1950-02-17
2198,Carlos Ribeiro,811.574.496-46,1982-10-24
2199,Rafaela Dias,160.770.040-90,2002-09-27
2200,Rafaela Silva,454.184.039-15,1998-12-24
2201,Isabela Costa,180.396.620-36,1971-05-27
2202,Nicolas Ribeiro,886.407.880-06,1963-08-07
2203,Felipe Gomes,295.164.693-37,1968-04-11
2204,Rafaela Gomes,623.039.744-70,1951-11-09
2205,Nicolas Mendes,067.089.870-82,2003-07-10
2206,Julia Santos,199.184.311-99,1967-12-01
2207,Isabela Ferreira,611.584.858-08,1954-03-22
2208,Bruno Costa,632.119.604-57,1990-10-21
2209,Julia Pereira,053.970.774-02,1982-08-07
2210,Taina Lima,708.231.714-00,1985-01-09
2211,Daniela Dias,953.946.766-74,1961-11-13
2212,Gabriel Costa,359.605.302-10,1984-06-25
2213,Daniela Cardoso,402.578.703-26,1984-10-31
2214,Paulo Ferreira,050.630.663-13,1988-12-07
2215,Ana Ribeiro,028.164.098-05,2002-09-24
2216,Gabriela Silva,390.912.030-05,1962-11-05
2217,Daniel Pereira,094.523.759-65,1991-12-10
2218,Vinicius Ribeiro,319.260.098-51,1988-08-11
2219,Beatriz Pereira,757.454.492-17,1953-12-07
2220,Andre Lima,894.453.811-57,2000-01-05
2221,Antonio Cardoso,189.655.834-89,1975-05-23
2222,Bruno Ferreira,622.952.179-20,1994-05-31
2223,Camila Gomes,660.361.624-64,1998-08-09
2224,Henrique Silva,704.726.602-09,1967-08-26
2225,Carlos Souza,585.015.301-23,1989-08-01
2226,Patricia Souza,671.560.587-46,2001-04-28
2227,Camila Ribeiro,224.413.395-83,1977-08-06
2228,Igor Rocha,406.453.157-45,2002-05-08
2229,Camila Gomes,719.189.866-65,1976-12-11
2230,Felipe Rocha,365.618.335-03,2004-06-25
2231,Marcos Carvalho,876.805.702-48,1971-10-16
2232,Lucas Nascimento,184.301.922-12,1952-04-16
2233,Vinicius Ribeiro,673.332.973-57,1961-12-15
2234,Natalia Rocha,644.028.253-00,1964-09-13
2235,Felipe Araujo,699.242.773-33,2005-10-19
2236,Julia Almeida,852.023.209-49,1958-06-05
2237,Sofia Silva,169.332.844-50,1962-05-29
2238,Natalia Lima,719.982.907-86,1979-09-25
2239,Andre Souza,545.260.756-04,2000-12-29
2240,Vinicius Dias,138.310.064-07,1972-01-22
2241,Natalia Pereira,262.277.773-66,1968-04-12
2242,Daniela Martins,806.647.070-33,1968-08-07
2243,Samuel Ribeiro,036.059.529-41,1995-03-02
2244,Valter Pereira,410.740.274-69,1951-08-30
2245,Henrique Nascimento,582.676.259-41,1950-03-21
2246,Henrique Costa,003.638.564-63,1986-12-06
2247,Daniela Lima,974.597.931-75,1996-11-23
2248,Natalia Rocha,979.849.149-15,1995-05-28
2249,Henrique Santos,995.504.932-45,1987-05-29
2250,Henrique Lima,322.394.612-84,1959-01-18
2251,Julia Cardoso,981.159.485-60,1970-06-15
2252,Sofia Silva,012.762.239-00,1997-08-23
2253,Valter Nascimento,422.567.871-76,1996-01-22
2254,Nicolas Mendes,223.788.705-58,1999-01-16
2255,Valentina Souza,680.613.495-58,1985-12-16
2256,Valter Araujo,998.460.586-83,1989-10-26
2257,William Carvalho,963.830.972-53,1968-01-24
2258,Felipe Oliveira,080.926.166-98,1961-11-17
2259,Ana Oliveira,655.578.645-04,1994-10-16
2260,Paulo Ferreira,555.751.247-03,1988-08-30
2261,Taina Silva,006.875.868-52,1961-11-30
2262,Valentina Santos,516.654.512-54,1965-09-17
2263,Sofia Lima,418.997.402-10,1968-02-05
2264,Mariana Mendes,686.083.570-20,1955-09-13
2265,Igor Silva,363.094.423-09,1995-12-30
2266,Gabriel Santos,205.089.830-45,2004-08-11
2267,Taina Souza,349.096.197-80,2003-07-04
2268,Marcos Rocha,724.528.413-07,1982-07-12
2269,Eduardo Dias,480.450.735-35,1983-11-18
2270,Marcos Lima,809.573.940-55,1980-03-19
2271,Thiago Cardoso,026.029.442-03,1953-12-22
2272,Patricia Souza,589.258.490-97,1992-01-17
2273,Mariana Lima,203.197.774-13,1997-10-12
2274,Henrique Araujo,595.141.864-00,1996-11-22
2275,Julia Rodrigues,088.295.868-20,1974-10-20
2276,Fernanda Rocha,623.326.058-27,1983-10-20
2277,William Carvalho,276.748.317-28,1967-04-08
2278,Ana Ferreira,629.315.181-07,1992-01-20
2279,Rafael Mendes,242.655.946-20,2005-11-17
2280,Samuel Rocha,062.327.237-75,1960-09-05
2281,Igor Dias,890.223.790-78,1953-03-22
2282,Henrique Gomes,487.084.779-57,1978-12-22
2283,Sofia Souza,767.553.981-87,1998-11-11
2284,Rafael Dias,073.781.591-40,1978-09-30
2285,Marcos Dias,089.458.962-87,1986-05-02
2286,Samuel Rodrigues,848.876.380-86,1963-12-16
2287,Antonio Nascimento,612.396.121-76,2004-01-24
2288,Antonio Gomes,188.129.886-87,1958-10-26
2289,Nicolas Pereira,070.669.010-96,1990-10-17
2290,Thiago Pereira,372.982.689-10,1970-09-21
2291,Patricia Carvalho,864.970.350-01,1987-09-30
2292,Marcos Gomes,789.683.355-75,1990-01-08
2293,Ana Nascimento,731.231.555-01,1953-10-31
2294,Andre Araujo,052.187.993-00,1996-05-06
2295,Taina Carvalho,404.588.311-82,1977-12-07
2296,Daniela Lima,701.235.036-98,1998-01-24
2297,Igor Oliveira,568.910.977-03,2005-06-08
2298,Igor Cardoso,023.445.684-17,1973-08-19
2299,Gabriel Nascimento,940.366.401-00,1988-10-03
2300,Natalia Pereira,957.378.315-07,2002-03-29
2301,Marcos Ribeiro,729.273.186-46,2000-03-14
2302,Natalia Santos,291.585.423-88,1970-05-02
2303,Larissa Lima,165.185.483-12,2002-04-24
2304,Henrique Ferreira,073.446.746-02,1965-11-07
2305,Gabriela Ribeiro,958.417.491-61,1988-02-07
2306,Daniela Araujo,050.221.816-90,2000-08-24
2307,Samuel Souza,413.447.609-70,1972-11-21
2308,Samuel Rodrigues,774.029.286-91,1975-11-23
2309,Rafaela Rodrigues,026.509.962-50,1960-06-16
2310,Samuel Rodrigues,667.719.666-66,1989-01-26
2311,Daniela Silva,256.342.022-99,1961-12-28
2312,Patricia Carvalho,998.013.768-13,1969-10-20
2313,Gabriel Nascimento,590.177.915-00,1963-06-08
2314,Valter Carvalho,614.409.233-10,1981-06-10
2315,Daniela Araujo,465.642.601-64,1999-04-22
2316,Eduardo Almeida,726.319.956-43,2004-12-08
2317,Bruno Ribeiro,922.776.414-30,2004-07-14
2318,Beatriz Silva,385.025.513-10,1974-04-27
2319,Valentina Carvalho,867.228.839-49,1950-01-27
2320,Valter Nascimento,331.454.615-75,1993-04-05
2321,Valentina Rocha,325.114.978-40,1996-05-21
2322,Joao Rocha,531.204.095-96,1975-08-10
2323,Rafaela Araujo,766.183.085-00,1995-01-16
2324,Camila Santos,187.314.391-52,1979-02-13
2325,Eduarda Souza,436.786.210-07,1993-08-04
2326,Samuel Souza,871.096.856-32,1977-01-08
2327,Helena Gomes,706.802.693-12,1971-12-05
2328,Daniela Ribeiro,423.060.023-20,1954-11-13
2329,Larissa Mendes,655.052.241-21,1958-08-07
2330,Valentina Pereira,066.701.514-03,1978-09-08
2331,Thiago Rocha,201.663.382-49,1961-07-20
2332,Helena Pereira,400.539.222-98,1954-03-27
2333,Daniel Ferreira,201.901.134-48,1997-12-04
2334,Valter Rodrigues,391.332.528-07,1983-12-27
2335,Gabriela Rodrigues,239.456.452-04,1969-06-06
2336,Valter Costa,864.497.602-81,1973-08-29
2337,Thiago Mendes,663.420.953-70,1989-03-25
2338,Joao Nascimento,349.852.973-05,1981-12-16
2339,Felipe Souza,526.655.914-48,1993-10-10
2340,Eduardo Costa,538.096.641-11,1973-12-01
2341,Lucas Ribeiro,336.952.474-01,1985-05-01
2342,Henrique Gomes,353.896.298-76,1980-06-03
2343,Rafaela Pereira,436.792.415-77,1992-08-06
2344,Eduarda Costa,763.835.434-66,1986-11-09
2345,Samuel Gomes,863.906.168-80,1963-03-14
2346,Valentina Rocha,793.998.161-76,1981-10-20
2347,Patricia Mendes,116.837.103-12,1952-01-28
2348,Marcos Rodrigues,726.072.014-03,1998-02-11
2349,William Martins,780.826.493-80,1960-07-27
2350,Helena Oliveira,463.947.625-63,1974-12-09
2351,Isabela Rocha,264.563.391-97,1991-04-09
2352,Helena Rocha,940.369.481-56,1959-11-09
2353,Larissa Martins,649.719.670-60,1986-12-08
2354,Samuel Almeida,353.910.161-69,1965-03-27
2355,Carlos Rocha,016.399.490-03,1957-04-18
2356,Mariana Almeida,344.376.734-68,1997-11-11
2357,Fernanda Lima,098.410.167-53,2003-11-16
2358,Natalia Santos,148.116.049-46,2002-12-17
2359,Eduarda Silva,042.028.866-07,1960-09-06
2360,Felipe Cardoso,019.903.421-40,1967-12-30
2361,Sofia Mendes,548.420.353-82,1956-09-13
2362,Henrique Santos,791.791.386-40,1955-04-10
2363,Eduarda Gomes,711.713.219-10,1977-10-05
2364,Antonio Pereira,470.288.141-81,1960-09-11
2365,Helena Cardoso,745.271.936-00,1992-09-28
2366,Nicolas Ribeiro,764.639.138-71,1957-02-24
2367,Beatriz Nascimento,491.619.423-32,1963-08-13
2368,Gabriela Ribeiro,401.315.350-56,1986-11-14
2369,Vinicius Martins,261.684.552-05,1978-12-29
2370,Larissa Nascimento,410.254.717-76,2002-05-16
2371,Rafael Dias,948.856.694-99,1995-06-17
2372,Tiago Dias,300.519.567-80,1981-03-17
2373,Felipe Rodrigues,558.422.717-02,1964-01-01
2374,Eduardo Ferreira,256.504.607-36,1952-01-10
2375,Beatriz Souza,441.306.862-91,1973-05-21
2376,Beatriz Mendes,710.066.890-52,1974-05-26
2377,Fernanda Nascimento,282.076.238-70,1959-12-27
2378,Gabriela Ribeiro,223.282.228-11,1963-11-28
2379,Valentina Silva,847.528.359-40,2003-01-10
2380,Vinicius Lima,004.108.479-92,1960-05-23
2381,Patricia Ribeiro,113.505.357-02,1963-01-24
2382,Julia Mendes,920.641.578-67,1953-09-03
2383,Vinicius Araujo,830.280.104-61,1959-03-08
2384,William Lima,534.195.281-24,1973-07-25
2385,Valentina Nascimento,867.428.021-89,1995-10-01
2386,Samuel Dias,306.357.803-72,1991-09-08
2387,Samuel Rocha,121.397.436-44,2003-06-30
2388,Tiago Silva,558.557.599-62,1977-06-17
2389,Antonio Cardoso,429.069.690-28,1976-09-27
2390,Carlos Pereira,898.606.106-65,1979-09-30
2391,Gabriel Araujo,337.457.016-07,1978-07-24
2392,Isabela Araujo,613.681.498-63,1955-04-04
2393,Helena Ribeiro,308.437.699-98,1964-06-02
2394,William Ferreira,444.772.508-86,1975-04-20
2395,Larissa Almeida,242.348.004-06,1957-03-06
2396,Joao Pereira,415.536.915-04,1997-12-17
2397,Bruno Gomes,749.062.796-60,1951-05-05
2398,Julia Carvalho,257.033.329-82,1980-04-26
2399,Vinicius Lima,523.158.286-78,1970-04-23
2400,Beatriz Carvalho,029.662.991-00,1989-09-16
2401,Julia Oliveira,742.922.041-01,1986-07-16
2402,Joao Cardoso,215.392.669-66,1968-10-31
2403,Lucas Silva,632.503.139-39,1964-01-29
2404,Nicolas Santos,485.022.061-41,2002-06-27
2405,Camila Oliveira,933.359.379-96,1993-09-17
2406,Eduarda Dias,000.029.561-28,1983-10-21
2407,Isabela Costa,564.718.559-23,1977-09-24
2408,Ana Araujo,992.304.532-34,1971-01-09
2409,Eduarda Ferreira,778.145.647-51,1975-11-01
2410,Rafaela Araujo,019.453.911-38,1990-06-30
2411,Marcos Martins,665.052.761-06,1961-03-20
2412,Antonio Rocha,281.578.061-51,1955-05-16
2413,Isabela Pereira,311.678.706-97,1992-11-13
2414,Henrique Rodrigues,532.237.185-08,2002-07-21
2415,Isabela Souza,268.485.637-06,1957-07-08
2416,Eduarda Lima,294.300.037-04,1980-03-15
2417,Rafaela Rocha,892.313.246-24,1980-11-30
2418,Vinicius Mendes,669.327.841-81,1994-01-15
2419,Samuel Rodrigues,765.915.382-08,1953-09-13
2420,Fernanda Oliveira,406.526.642-45,1988-09-03
2421,Igor Almeida,512.724.553-19,1972-05-01
2422,Marcos Ribeiro,656.976.487-07,1995-11-15
2423,Valentina Rocha,622.494.510-10,1977-07-12
2424,Gabriel Pereira,506.929.656-61,1997-11-22
2425,Bruno Oliveira,206.276.729-30,1970-10-06
2426,Andre Silva,979.344.212-30,2001-08-19
2427,Gabriela Lima,650.223.477-17,1999-05-09
2428,Ana Lima,579.725.184-16,1954-08-29
2429,Joao Silva,339.821.478-91,1962-12-03
2430,Rafaela Rodrigues,720.945.167-68,1985-11-26
2431,Igor Silva,636.328.630-16,1960-02-15
2432,Daniela Pereira,200.848.426-28,1972-09-16
2433,Rafael Rodrigues,336.796.082-92,1998-06-21
2434,Vinicius Ferreira,713.605.494-04,1989-01-05
2435,Vinicius Pereira,085.649.013-07,1963-01-23
2436,Sofia Dias,519.350.011-08,1979-10-08
2437,Valentina Ferreira,175.808.038-87,1995-09-19
2438,Tiago Santos,441.040.431-84,1981-04-09
2439,Felipe Ferreira,851.353.814-06,1996-03-17
2440,Natalia Nascimento,475.580.309-86,1951-01-29
2441,Fernanda Ferreira,856.471.778-67,1973-07-12
2442,Beatriz Souza,902.716.988-88,1968-04-27
2443,Lucas Oliveira,611.586.686-35,1960-02-14
2444,Eduarda Rocha,976.759.833-27,1964-05-04
2445,Gabriel Souza,705.058.353-71,1972-12-05
2446,Carlos Cardoso,195.657.285-61,1972-02-25
2447,Daniel Almeida,399.824.266-05,1962-09-28
2448,Fernanda Araujo,758.015.846-92,1988-05-17
2449,Samuel Nascimento,930.302.853-83,1964-02-20
2450,Joao Costa,766.983.451-05,1983-04-14
2451,Camila Costa,528.546.130-82,1998-11-02
2452,Joao Rodrigues,089.720.738-65,1964-12-22
2453,Lucas Nascimento,771.184.252-06,1993-02-16
2454,Nicolas Ferreira,309.007.121-55,1954-04-24
2455,Isabela Carvalho,234.473.057-54,1990-02-08
2456,Lucas Oliveira,961.997.165-58,2004-09-19
2457,Henrique Ribeiro,667.640.996-85,1997-01-04
2458,Rafaela Rodrigues,440.095.224-02,1962-06-02
2459,Eduardo Ribeiro,379.322.191-16,1973-03-07
2460,Rafaela Dias,070.547.360-01,1960-03-25
2461,Bruno Nascimento,911.501.016-36,1963-08-01
2462,Gabriel Silva,080.265.893-86,1973-06-22
2463,Joao Gomes,978.335.488-47,1968-07-28
2464,Carlos Nascimento,192.149.679-70,1958-03-11
2465,Sofia Ferreira,386.643.203-81,1958-03-22
2466,Marcos Pereira,665.282.468-07,1979-11-19
2467,Sofia Rocha,272.400.020-04,1998-12-29
2468,Felipe Santos,146.051.908-64,1980-04-25
2469,Taina Rodrigues,271.630.335-59,1987-10-03
2470,Natalia Ferreira,930.100.090-38,1997-03-21
2471,Vinicius Rocha,318.781.048-96,1954-01-09
2472,Larissa Mendes,354.158.929-90,1954-07-16
2473,William Almeida,043.766.136-90,1985-05-04
2474,Julia Cardoso,081.226.815-65,2001-04-28
2475,Valter Araujo,470.531.105-16,1999-03-17
2476,Natalia Almeida,096.739.798-71,1976-01-14
2477,Helena Oliveira,891.426.937-05,1986-08-15
2478,Carlos Silva,167.671.877-04,1985-09-19
2479,Helena Mendes,836.368.850-90,1957-11-16
2480,Felipe Costa,762.922.666-72,1989-10-27
2481,Nicolas Mendes,093.761.652-41,1966-10-20
2482,Samuel Dias,890.749.935-75,2000-09-28
2483,Rafael Oliveira,255.977.726-60,1978-12-14
2484,Vinicius Nascimento,640.838.580-01,1978-06-13
2485,Antonio Souza,417.165.789-06,1966-11-28
2486,Tiago Souza,295.651.887-96,1957-03-15
2487,Gabriela Lima,860.050.092-30,1973-06-30
2488,Taina Dias,287.875.703-35,1951-06-30
2489,Isabela Rocha,301.125.018-93,1985-02-12
2490,Beatriz Nascimento,429.069.522-14,1964-07-16
2491,Patricia Rodrigues,693.180.620-36,1951-03-23
2492,Marcos Rodrigues,024.266.249-81,1990-06-25
2493,Daniel Almeida,740.571.446-33,2003-08-11
2494,Daniel Martins,740.687.354-92,1972-09-17
2495,Daniel Almeida,451.466.886-99,1981-10-02
2496,Nicolas Rodrigues,483.483.586-33,1964-05-10
2497,Gabriel Nascimento,366.485.320-25,1991-05-02
2498,Lucas Ribeiro,870.894.326-53,2004-09-25
2499,Samuel Rodrigues,443.695.805-10,1952-02-19
2500,Valter Gomes,050.928.467-12,1964-10-26
2501,Ana Santos,734.293.907-29,1990-02-01
2502,Patricia Nascimento,295.450.380-71,1955-09-10
2503,Gabriel Pereira,585.150.204-59,1980-10-25
2504,Antonio Costa,814.353.127-91,2003-07-12
2505,Sofia Almeida,379.531.112-84,1971-06-11
2506,Carlos Rocha,042.652.742-93,1999-06-19
2507,Henrique Ferreira,251.085.738-04,1967-04-07
2508,Samuel Ribeiro,545.146.091-45,2002-06-13
2509,Patricia Gomes,117.455.537-89,1952-10-21
2510,Gabriel Pereira,728.167.337-00,1972-06-11
2511,Eduardo Oliveira,215.756.264-89,1959-02-09
2512,Larissa Martins,084.818.762-83,1951-04-08
2513,Thiago Dias,069.319.630-07,1971-01-27
2514,William Dias,516.704.505-38,2005-03-23
2515,Thiago Cardoso,226.731.234-40,1970-07-23
2516,Paulo Cardoso,804.851.420-66,1963-01-12
2517,Daniel Dias,364.502.823-47,1959-08-10
2518,Rafaela Carvalho,275.576.729-41,2004-09-10
2519,Daniela Oliveira,549.044.318-98,1968-03-22
2520,Valter Almeida,695.310.297-76,1993-05-23
2521,Gabriela Oliveira,506.291.792-12,1984-12-21
2522,Bruno Souza,732.816.291-05,1954-10-22
2523,Nicolas Nascimento,392.219.836-84,2000-11-20
2524,Daniela Gomes,737.671.052-33,2000-09-04
2525,Nicolas Araujo,707.459.915-80,1967-08-18
2526,Camila Carvalho,450.020.268-42,1971-11-23
2527,Samuel Nascimento,890.345.029-96,1978-05-15
2528,Nicolas Ferreira,760.304.093-01,1974-07-04
2529,Gabriel Araujo,541.823.688-19,1958-08-21
2530,Beatriz Souza,382.721.051-87,1971-11-12
2531,Rafaela Carvalho,601.842.201-81,1971-02-01
2532,Rafael Cardoso,253.208.316-68,1996-12-01
2533,Gabriela Martins,360.389.173-22,1984-02-16
2534,Vinicius Silva,789.476.720-41,1953-11-01
2535,Antonio Ribeiro,214.107.071-64,1988-11-28
2536,Rafaela Carvalho,850.895.123-02,1991-02-28
2537,Ana Mendes,511.919.445-14,1973-04-14
2538,Daniel Martins,972.965.561-88,2003-11-01
2539,Larissa Araujo,671.377.188-25,1987-04-04
2540,Isabela Martins,395.612.667-09,1998-10-18
2541,Patricia Silva,557.371.388-44,1992-11-13
2542,Valentina Santos,223.461.446-57,1984-03-16
2543,Larissa Nascimento,633.041.176-01,1958-09-06
2544,Valter Costa,152.483.196-41,1997-09-19
2545,Gabriel Rodrigues,647.046.568-45,2000-09-21
2546,Eduardo Rocha,870.368.830-57,1952-07-16
2547,Taina Cardoso,379.363.159-18,1966-04-02
2548,Isabela Dias,127.065.934-07,1955-10-12
2549,Beatriz Carvalho,062.911.872-80,1961-07-05
2550,Nicolas Costa,471.830.181-56,1990-01-16
2551,Thiago Ferreira,075.789.849-18,1992-10-19
2552,Valentina Rocha,979.905.221-10,1993-12-28
2553,Gabriela Oliveira,486.565.818-13,2005-08-09
2554,Rafael Oliveira,061.735.631-93,1986-08-07
2555,Mariana Oliveira,297.557.261-10,1987-07-21
2556,Vinicius Lima,963.788.119-03,1968-12-14
2557,Paulo Rocha,990.682.013-60,1951-03-01
2558,Marcos Souza,675.321.633-26,1987-10-28
2559,Gabriela Almeida,179.854.900-00,1977-11-08
2560,Vinicius Santos,372.954.585-06,1995-03-05
2561,Patricia Gomes,639.981.274-70,1969-07-17
2562,Vinicius Pereira,255.174.192-08,1978-12-13
2563,Samuel Souza,476.212.360-94,1960-11-25
2564,Rafael Ferreira,399.454.138-72,1972-07-31
2565,Andre Almeida,156.309.307-37,2003-08-20
2566,Felipe Mendes,590.964.598-65,1991-09-14
2567,Helena Carvalho,089.921.773-72,1979-06-26
2568,Eduarda Martins,681.133.973-02,1988-06-20
2569,Igor Silva,721.734.024-12,1961-11-24
2570,Julia Costa,419.830.632-07,1971-01-21
2571,Henrique Gomes,401.814.442-32,1976-08-08
2572,Samuel Carvalho,202.435.094-13,1989-05-28
2573,Gabriel Ribeiro,118.615.640-66,2004-12-19
2574,Tiago Lima,147.539.891-35,1967-04-10
2575,Joao Santos,542.451.908-33,1966-01-25
2576,Eduardo Souza,103.565.942-54,2001-11-05
2577,Thiago Costa,023.766.696-00,2003-10-29
2578,Larissa Costa,953.386.194-07,1958-05-02
2579,Daniela Cardoso,390.934.242-62,1976-05-19
2580,Ana Ferreira,628.346.334-79,1996-06-01
2581,Rafael Dias,334.375.186-31,1989-02-17
2582,William Carvalho,086.542.438-13,1965-11-04
2583,Eduardo Dias,285.507.435-50,1951-12-13
2584,Tiago Ribeiro,288.959.470-02,1972-04-25
2585,Tiago Martins,964.535.917-15,1986-04-28
2586,Bruno Santos,471.883.009-50,2002-10-25
2587,Bruno Carvalho,288.734.496-03,1983-11-07
2588,Paulo Martins,679.899.470-99,1986-08-28
2589,Fernanda Araujo,069.014.971-99,1957-04-01
2590,Antonio Rodrigues,847.156.756-33,1988-10-08
2591,Andre Silva,518.860.167-20,1976-03-30
2592,Sofia Rocha,234.359.698-06,1979-05-25
2593,Antonio Carvalho,505.669.375-81,1977-11-21
2594,Beatriz Pereira,428.617.892-71,1979-09-16
2595,Igor Oliveira,402.503.857-91,1988-05-20
2596,Larissa Ferreira,481.638.493-63,1986-07-14
2597,Samuel Santos,635.853.010-02,1957-02-16
2598,Isabela Araujo,896.951.930-05,1976-05-16
2599,Nicolas Ribeiro,277.586.703-00,1984-09-29
2600,Andre Martins,203.634.443-78,2003-05-24
2601,Sofia Ferreira,896.331.812-59,1967-08-08
2602,Patricia Ribeiro,761.707.317-88,1977-01-17
2603,Taina Ribeiro,776.262.636-00,1989-11-17
2604,Rafael Gomes,089.897.747-99,1983-08-02
2605,William Carvalho,434.852.953-10,1990-01-09
2606,Joao Carvalho,037.676.874-61,1952-03-30
2607,Sofia Pereira,076.751.497-18,1981-06-19
2608,Mariana Lima,115.733.099-15,1955-03-22
2609,Beatriz Santos,940.656.582-09,1971-09-23
2610,Valentina Carvalho,538.565.352-76,1967-12-20
2611,Helena Martins,600.047.091-60,1956-04-17
2612,Camila Almeida,495.611.998-40,2000-12-06
2613,Thiago Ferreira,511.815.837-05,1974-10-28
2614,Felipe Martins,144.776.186-38,1995-11-09
2615,Marcos Silva,479.666.829-27,1951-06-03
2616,Daniel Pereira,565.995.089-28,1956-01-31
2617,Taina Costa,330.292.764-90,1951-07-23
2618,Andre Carvalho,739.862.214-76,1954-12-01
2619,Carlos Souza,318.660.474-50,1990-06-20
2620,Rafaela Rodrigues,891.478.524-61,1990-11-03
2621,Valter Lima,203.594.410-41,1964-12-08
2622,Patricia Mendes,735.186.647-35,1992-12-24
2623,Valter Oliveira,313.518.302-52,1981-11-17
2624,Nicolas Ribeiro,346.581.539-47,1997-04-20
2625,Rafael Ribeiro,217.895.599-10,1955-03-12
2626,Tiago Mendes,412.865.581-31,1983-10-21
2627,Joao Ribeiro,923.831.934-02,1997-10-09
2628,Tiago Souza,800.381.463-47,1973-03-31
2629,Helena Dias,242.195.973-01,1954-09-01
2630,Thiago Oliveira,218.527.341-83,1957-10-26
2631,Valentina Ferreira,133.155.530-25,1955-08-19
2632,Andre Almeida,030.440.778-00,1957-11-21
2633,Fernanda Santos,965.984.557-07,1986-06-30
2634,Henrique Almeida,454.182.991-66,1962-09-07
2635,Gabriel Dias,945.206.419-69,1959-03-29
2636,Antonio Martins,166.910.082-00,1964-05-11
2637,Sofia Pereira,168.268.221-80,1994-10-15
2638,Carlos Ferreira,269.962.083-19,1974-04-24
2639,Marcos Rocha,100.593.257-39,1961-08-14
2640,Helena Cardoso,703.220.074-53,2000-02-20
2641,Bruno Dias,724.387.129-10,1981-05-15
2642,Eduarda Lima,520.580.286-35,1951-06-07
2643,Eduardo Santos,480.224.065-11,1976-12-14
2644,Lucas Carvalho,769.509.041-77,1995-02-05
2645,Thiago Mendes,566.430.165-17,1981-10-18
2646,Henrique Pereira,388.788.876-68,1981-03-08
2647,Henrique Dias,931.360.622-48,2003-01-27
2648,Antonio Souza,138.604.794-58,1990-02-14
2649,Eduarda Rocha,903.803.514-47,1996-09-29
2650,Thiago Gomes,382.944.191-68,1973-04-17
2651,Joao Rocha,053.472.839-12,1982-02-26
2652,Eduarda Martins,730.953.267-85,1950-09-14
2653,Samuel Carvalho,886.865.629-90,1964-12-18
2654,Daniel Cardoso,228.280.183-00,1963-11-03
2655,Rafaela Ribeiro,306.885.684-16,1987-11-24
2656,Marcos Martins,780.964.583-88,1993-01-11
2657,Taina Carvalho,959.752.135-09,1968-01-02
2658,Eduarda Nascimento,555.928.974-48,1998-03-21
2659,Joao Carvalho,114.862.675-13,1960-10-17
2660,Gabriela Dias,976.453.496-11,1981-11-26
2661,Andre Souza,564.196.789-00,1988-04-15
2662,Rafaela Silva,093.582.016-73,1967-03-13
2663,Beatriz Souza,597.224.228-12,1975-03-11
2664,Rafael Rodrigues,492.766.809-69,1996-08-23
2665,Sofia Martins,018.040.334-64,1999-08-30
2666,Ana Souza,537.358.667-60,1959-05-12
2667,Carlos Gomes,446.053.926-88,1953-09-02
2668,William Martins,746.272.053-17,1985-06-12
2669,Valter Dias,911.928.567-16,1963-10-11
2670,Nicolas Ribeiro,021.553.830-70,1994-08-07
2671,Joao Gomes,582.126.264-07,1969-07-08
2672,Vinicius Ribeiro,678.446.078-23,2004-09-06
2673,Antonio Nascimento,519.919.817-32,1993-05-10
2674,Daniel Ribeiro,129.441.492-53,1980-06-02
2675,Natalia Oliveira,649.828.385-85,2001-03-03
2676,Lucas Carvalho,776.565.907-30,1951-09-07
2677,Daniel Gomes,494.343.687-07,1994-03-13
2678,Fernanda Gomes,692.209.490-59,1993-09-05
2679,Felipe Almeida,415.359.771-67,1954-07-28
2680,Camila Oliveira,154.773.494-92,1971-07-27
2681,Daniela Carvalho,872.255.785-70,1986-01-01
2682,Sofia Oliveira,354.741.685-00,1983-07-25
2683,Joao Rodrigues,952.328.555-65,1999-08-02
2684,Antonio Rocha,579.475.816-30,1986-02-08
2685,Beatriz Pereira,841.362.334-00,1989-11-02
2686,Ana Lima,071.469.714-14,1994-03-15
2687,Thiago Nascimento,341.855.950-69,1996-06-28
2688,Natalia Nascimento,456.017.039-81,1984-11-01
2689,Fernanda Silva,175.900.170-86,1984-05-19
2690,Joao Rocha,490.786.928-20,1978-01-17
2691,Andre Oliveira,621.593.896-33,1989-12-09
2692,Felipe Almeida,536.735.589-78,1986-07-24
2693,Beatriz Nascimento,072.288.341-27,1969-03-02
2694,Patricia Ribeiro,139.014.309-03,1991-12-30
2695,Valter Costa,749.366.357-23,2000-12-08
2696,Gabriel Araujo,148.030.073-06,1982-09-04
2697,Henrique Ribeiro,826.082.526-05,1971-04-16
2698,Lucas Rocha,412.886.691-19,1957-12-08
2699,Helena Pereira,321.425.261-52,1959-09-16
2700,Thiago Nascimento,892.594.657-29,1973-09-11
2701,Taina Ferreira,532.554.411-02,1996-09-20
2702,Fernanda Cardoso,513.673.805-70,1962-12-15
2703,Camila Rodrigues,881.937.684-93,1958-12-12
2704,Rafael Carvalho,714.622.014-15,1996-11-07
2705,Rafaela Rodrigues,354.011.272-35,1998-08-07
2706,Natalia Ferreira,030.876.477-30,1954-02-23
2707,Tiago Silva,676.183.762-63,2004-02-29
2708,Daniel Silva,767.162.172-23,1953-10-01
2709,Valentina Cardoso,886.804.186-33,2001-07-10
2710,Patricia Santos,326.456.496-37,1991-12-03
2711,Valter Oliveira,991.605.390-11,1984-09-17
2712,Sofia Rocha,097.034.251-94,2003-06-27
2713,Igor Santos,181.589.136-01,1998-11-17
2714,Isabela Rocha,670.742.153-09,1956-01-04
2715,Vinicius Almeida,625.260.221-34,1987-12-28
2716,Tiago Silva,887.548.029-03,1970-10-22
2717,Mariana Ribeiro,838.439.106-85,1982-06-26
2718,Igor Almeida,517.454.693-38,1980-12-19
2719,Gabriela Silva,214.012.833-81,1957-10-14
2720,Tiago Gomes,589.799.035-29,2004-02-02
2721,Joao Oliveira,771.703.056-07,1994-11-20
2722,Igor Santos,941.246.051-10,1985-03-08
2723,Sofia Cardoso,389.533.768-40,1973-03-23
2724,Gabriela Cardoso,767.760.064-66,1970-02-19
2725,Valter Gomes,973.173.033-80,1965-11-19
2726,Sofia Rocha,675.745.104-23,1998-09-13
2727,Taina Cardoso,094.731.815-15,1984-09-20
2728,Antonio Gomes,427.079.959-59,1976-10-25
2729,Lucas Martins,111.079.764-80,1990-05-02
2730,Daniel Lima,565.728.972-22,1964-12-06
2731,Eduardo Rocha,348.540.390-35,2004-08-15
2732,Nicolas Carvalho,685.606.699-65,1966-04-30
2733,Gabriel Souza,382.687.097-23,1989-07-16
2734,Joao Araujo,957.039.962-79,1983-10-03
2735,Patricia Nascimento,792.711.073-06,1982-01-30
2736,Gabriela Pereira,896.220.682-00,1975-10-15
2737,Mariana Costa,333.023.993-08,1972-08-18
2738,Taina Ferreira,060.694.306-46,2004-11-26
2739,Carlos Pereira,357.865.294-60,1958-02-08
2740,Helena Mendes,537.006.448-25,1999-11-08
2741,Bruno Lima,875.311.980-02,1972-12-17
2742,Julia Ribeiro,542.805.376-31,1977-02-26
2743,Helena Ribeiro,507.868.878-18,1985-08-10
2744,Antonio Costa,039.221.317-60,1953-01-25
2745,Eduarda Dias,586.639.928-82,1992-05-05
2746,Tiago Mendes,728.731.424-05,2000-11-26
2747,Daniel Martins,291.796.441-39,1988-04-26
2748,Ana Almeida,328.880.700-90,1979-01-31
2749,Eduarda Santos,287.451.202-85,1964-04-14
2750,Ana Souza,754.541.648-10,1994-09-14
2751,William Pereira,104.662.750-30,1958-10-06
2752,Carlos Costa,697.442.036-68,1954-12-21
2753,Lucas Cardoso,548.330.958-82,1994-04-08
2754,Isabela Almeida,836.806.014-17,1980-02-09
2755,Igor Dias,232.671.485-70,1994-11-15
2756,Fernanda Dias,701.501.967-17,2004-08-30
2757,Lucas Pereira,092.519.201-50,2000-06-14
2758,Isabela Cardoso,523.329.704-36,2001-08-14
2759,Mariana Nascimento,958.291.585-40,1978-12-14
2760,Gabriela Souza,639.714.920-02,1991-11-13
2761,Bruno Araujo,414.248.739-67,1986-12-19
2762,Julia Ferreira,259.188.312-23,1976-12-12
2763,Tiago Nascimento,736.772.443-66,1977-06-05
2764,Mariana Gomes,497.872.965-36,1992-10-02
2765,Gabriela Gomes,643.802.990-40,1970-04-24
2766,Taina Cardoso,042.479.600-75,1954-06-22
2767,Tiago Lima,091.657.376-10,1961-06-08
2768,Valentina Costa,662.254.920-62,1969-10-23
2769,Gabriel Dias,309.140.152-90,1991-11-16
2770,Rafaela Oliveira,172.264.147-91,1979-06-14
2771,Gabriel Rocha,001.842.933-59,1979-08-09
2772,William Mendes,474.229.835-74,2005-04-22
2773,Gabriel Martins,771.539.022-44,1988-09-10
2774,Julia Lima,736.500.329-45,2000-06-27
2775,Antonio Rocha,006.476.144-48,1963-01-25
2776,Igor Mendes,735.540.423-74,1961-03-18
2777,Felipe Dias,792.067.549-98,1970-02-25
2778,William Rodrigues,439.690.453-39,2002-12-05
2779,Larissa Ribeiro,287.835.733-72,1995-11-03
2780,Fernanda Almeida,307.345.330-04,1966-03-22
2781,Patricia Martins,412.247.409-47,1998-05-02
2782,Daniel Rodrigues,720.335.051-70,1985-11-12
2783,Camila Pereira,325.107.155-69,1979-02-03
2784,Rafael Nascimento,094.042.245-02,1985-04-13
2785,Valter Souza,199.255.125-14,1970-11-12
2786,Nicolas Santos,781.913.505-05,1970-01-10
2787,Valter Dias,419.715.755-00,1994-07-07
2788,Gabriela Ferreira,632.824.630-73,1988-08-18
2789,Gabriela Martins,218.563.520-48,1950-01-26
2790,Joao Martins,150.420.598-73,1984-07-30
2791,Nicolas Ribeiro,697.714.336-36,1952-02-25
2792,Nicolas Santos,901.014.610-38,1969-06-05
2793,Vinicius Pereira,788.881.893-51,1953-06-07
2794,Taina Ferreira,163.881.687-52,1998-01-21
2795,Carlos Souza,856.905.096-80,1979-12-21
2796,Felipe Cardoso,826.728.007-31,1964-01-02
2797,Marcos Costa,081.472.373-08,1981-07-21
2798,Gabriel Lima,078.308.306-81,2004-02-27
2799,Igor Mendes,999.514.549-92,1999-03-22
2800,Natalia Martins,714.674.906-10,1983-12-30
2801,Paulo Mendes,675.185.711-02,1988-02-16
2802,Valter Ribeiro,605.956.343-03,1958-01-08
2803,Nicolas Santos,739.200.258-90,1981-01-19
2804,Henrique Gomes,337.773.031-19,1983-12-17
2805,Marcos Cardoso,719.261.548-00,1993-02-08
2806,Isabela Silva,124.025.455-50,1952-02-19
2807,Camila Gomes,490.809.983-97,2000-12-17
2808,Marcos Ferreira,738.872.461-36,1985-02-22
2809,Natalia Silva,343.830.009-59,1957-02-17
2810,Valentina Almeida,529.493.074-93,1959-07-18
2811,Igor Rocha,965.466.289-29,1994-07-19
2812,Mariana Ribeiro,189.622.527-67,1979-05-14
2813,Felipe Santos,022.302.340-05,1983-05-26
2814,Eduardo Araujo,712.515.890-06,1973-07-17
2815,Fernanda Mendes,280.516.660-46,1998-08-25
2816,Gabriela Costa,392.788.447-21,2005-02-07
2817,Beatriz Rocha,863.615.276-38,2004-11-10
2818,Andre Cardoso,444.202.248-86,1963-05-21
2819,Sofia Cardoso,863.137.371-05,1976-12-07
2820,Daniel Santos,311.802.669-35,1960-12-04
2821,Sofia Oliveira,939.606.104-24,1990-10-01
2822,Eduarda Mendes,911.992.569-78,1962-10-31
2823,Valter Nascimento,688.341.034-16,1957-01-16
2824,Taina Souza,318.118.140-42,1980-08-31
2825,Eduarda Almeida,251.790.447-23,1953-06-17
2826,Nicolas Ribeiro,609.406.714-25,1995-02-27
2827,Joao Mendes,310.314.564-06,1978-03-27
2828,Lucas Pereira,275.794.074-00,1952-06-14
2829,Patricia Rodrigues,744.999.870-08,2004-03-18
2830,Patricia Almeida,913.694.126-30,1976-12-15
2831,Daniela Silva,603.267.531-92,1999-12-06
2832,Beatriz Ribeiro,763.101.089-72,1986-06-06
2833,Bruno Lima,612.536.064-47,1951-11-30
2834,Camila Carvalho,748.679.486-16,2002-05-20
2835,Paulo Rocha,484.817.036-21,1959-07-23
2836,Antonio Santos,770.177.375-47,2001-07-04
2837,Valter Dias,330.781.117-76,1959-07-26
2838,Tiago Martins,004.902.144-36,1976-05-08
2839,Eduarda Ribeiro,596.743.338-43,1977-03-09
2840,Tiago Martins,552.391.703-63,1971-01-03
2841,Daniel Almeida,004.999.266-09,1981-03-21
2842,Natalia Ferreira,197.731.739-17,1977-03-23
2843,Henrique Pereira,487.238.586-13,1979-07-27
2844,Rafaela Dias,276.871.413-50,1974-07-15
2845,Tiago Rodrigues,179.670.605-12,1982-08-23
2846,Samuel Oliveira,735.792.116-68,1962-03-23
2847,Bruno Silva,698.935.464-00,1985-12-11
2848,Natalia Rocha,897.014.557-54,1950-06-10
2849,Patricia Dias,342.718.669-54,1963-07-17
2850,Daniel Gomes,290.509.260-29,1950-08-21
2851,Camila Souza,101.561.619-40,1991-03-29
2852,Mariana Cardoso,449.812.130-93,1954-03-17
2853,Samuel Mendes,238.469.908-33,1986-04-29
2854,Lucas Pereira,331.044.817-76,1991-10-29
2855,Rafaela Martins,556.192.218-14,1999-01-26
2856,Helena Pereira,063.186.417-26,1984-06-27
2857,Daniela Almeida,023.641.693-64,1988-01-01
2858,Nicolas Rodrigues,599.167.640-26,1971-11-16
2859,Isabela Almeida,919.325.282-02,1986-02-04
2860,Joao Oliveira,269.379.499-44,2000-12-05
2861,Andre Costa,252.964.448-92,1974-12-24
2862,Rafaela Martins,868.111.433-63,1954-02-27
2863,Henrique Carvalho,098.058.771-91,1979-12-17
2864,Andre Ribeiro,906.278.790-80,1965-05-29
2865,Carlos Rocha,120.463.721-07,1987-01-02
2866,Larissa Ferreira,603.235.841-01,1998-01-06
2867,Ana Costa,955.999.773-40,1990-11-08
2868,Tiago Rodrigues,957.955.192-86,1972-11-12
2869,Igor Carvalho,111.736.703-78,1997-05-05
2870,Henrique Pereira,567.611.258-12,1976-03-02
2871,Julia Rodrigues,300.805.630-07,1995-08-04
2872,Isabela Rocha,248.287.321-52,1953-07-12
2873,Lucas Mendes,831.273.654-97,1998-11-15
2874,Carlos Pereira,207.201.970-23,1999-05-19
2875,Valentina Pereira,874.162.796-23,1968-10-12
2876,Felipe Gomes,129.555.100-41,1982-08-09
2877,Eduarda Santos,819.484.226-38,1965-07-07
2878,Natalia Santos,036.072.235-05,1953-06-08
2879,Isabela Mendes,303.424.375-85,1968-05-13
2880,Tiago Oliveira,692.809.166-53,1969-11-02
2881,Gabriela Martins,696.874.033-81,1950-02-17
2882,Sofia Ribeiro,441.061.664-10,2002-01-22
2883,Joao Silva,084.458.015-54,1958-07-10
2884,Marcos Martins,429.628.092-94,1976-07-13
2885,Fernanda Oliveira,505.096.996-42,1958-11-09
2886,Mariana Oliveira,525.523.228-91,1954-04-22
2887,Andre Mendes,837.743.540-30,1977-06-17
2888,Marcos Ferreira,253.950.111-70,1979-07-28
2889,Julia Gomes,586.277.888-80,1965-11-23
2890,Felipe Santos,317.489.030-63,1972-11-07
2891,Carlos Cardoso,809.718.614-47,1961-10-10
2892,Larissa Dias,355.459.205-60,1981-08-20
2893,Tiago Martins,757.799.113-98,1990-04-20
2894,Thiago Cardoso,304.576.274-33,1979-03-04
2895,Fernanda Souza,608.958.970-59,1959-10-13
2896,Carlos Costa,213.368.960-51,1950-09-12
2897,Nicolas Rodrigues,476.128.989-93,2005-05-23
2898,Patricia Silva,746.113.997-53,2001-10-17
2899,Vinicius Pereira,715.603.387-50,1998-07-15
2900,Paulo Ribeiro,285.898.681-92,1998-12-29
2901,Sofia Almeida,976.309.007-59,1971-04-13
2902,Marcos Rocha,499.944.574-38,1977-10-14
2903,Taina Oliveira,076.926.265-10,1975-07-21
2904,Patricia Lima,759.160.435-03,2002-01-04
2905,Nicolas Rodrigues,985.907.996-03,1982-08-24
2906,Nicolas Gomes,783.756.816-87,1992-10-15
2907,Paulo Lima,340.730.717-93,1991-10-12
2908,Eduardo Oliveira,350.078.836-03,2002-05-20
2909,Julia Pereira,338.540.336-72,2002-03-08
2910,Thiago Dias,528.502.312-23,1985-03-22
2911,Andre Rodrigues,273.551.497-84,1963-12-26
2912,Sofia Dias,032.234.771-87,1976-03-13
2913,Henrique Dias,509.355.557-65,1953-10-05
2914,Isabela Santos,061.741.364-93,1973-10-25
2915,Daniel Rocha,476.121.893-21,2003-07-26
2916,Eduarda Pereira,706.507.612-19,1965-02-24
2917,Isabela Cardoso,305.644.685-68,1972-04-12
2918,Ana Carvalho,555.595.026-85,1969-01-15
2919,Bruno Martins,077.789.433-52,1962-04-13
2920,Marcos Martins,399.046.008-05,1965-12-18
2921,Rafaela Ferreira,962.690.222-15,1955-07-27
2922,Tiago Araujo,550.617.906-50,1991-06-21
2923,Antonio Souza,512.003.934-06,1977-10-02
2924,William Santos,769.721.621-30,1999-06-15
2925,Mariana Almeida,391.929.692-32,1960-02-03
2926,Ana Gomes,307.122.600-48,2000-03-03
2927,Helena Pereira,837.742.705-20,1975-09-01
2928,William Cardoso,578.872.820-71,1985-11-27
2929,Mariana Pereira,280.126.980-80,1976-02-13
2930,Sofia Martins,658.952.476-95,1951-03-07
2931,Tiago Martins,064.724.525-63,1991-05-13
2932,Natalia Araujo,874.778.840-20,1989-08-11
2933,Ana Dias,465.777.061-66,1962-10-07
2934,William Mendes,897.284.268-01,1955-07-02
2935,Vinicius Pereira,826.164.170-81,1950-02-12
2936,Bruno Rodrigues,718.605.668-71,1996-03-25
2937,Ana Rodrigues,166.479.512-02,1991-10-29
2938,Thiago Mendes,312.428.535-29,1974-03-25
2939,Eduarda Ferreira,019.919.848-98,1951-10-09
2940,Paulo Araujo,017.086.715-36,1965-04-20
2941,Beatriz Nascimento,710.740.433-40,1988-02-05
2942,Samuel Rocha,579.672.461-44,1954-10-26
2943,Andre Souza,109.007.017-90,1999-10-26
2944,Daniel Silva,205.025.497-00,1964-08-31
2945,Patricia Dias,201.029.759-81,2004-02-07
2946,Lucas Carvalho,753.965.974-29,1972-10-28
2947,Julia Ribeiro,269.420.416-37,1975-07-02
2948,Gabriela Ribeiro,374.051.337-38,2004-12-16
2949,Patricia Araujo,669.976.816-62,1950-06-07
2950,Paulo Gomes,571.749.058-54,1976-10-04
2951,William Ferreira,881.449.908-03,1955-03-26
2952,Natalia Gomes,862.405.744-22,1979-09-02
2953,Antonio Rocha,998.632.453-05,1978-06-21
2954,Isabela Araujo,911.110.851-70,1997-12-05
2955,Sofia Martins,689.859.321-87,1971-10-12
2956,Carlos Rocha,618.307.348-22,1950-09-30
2957,Beatriz Pereira,264.259.720-25,1980-01-19
2958,Bruno Lima,829.878.192-93,1955-10-06
2959,Valentina Nascimento,498.474.604-18,1965-08-28
2960,Thiago Almeida,717.847.214-68,1988-07-23
2961,Eduarda Araujo,275.804.529-01,1966-03-26
2962,Henrique Araujo,698.897.988-32,1991-05-12
2963,Lucas Gomes,445.847.413-87,1974-11-28
2964,Ana Oliveira,929.360.596-15,1966-04-30
2965,Joao Gomes,193.463.890-01,1959-12-13
2966,Isabela Carvalho,844.793.656-21,1960-08-29
2967,Daniela Ribeiro,686.223.070-00,1987-08-01
2968,Bruno Dias,480.531.602-04,1961-09-17
2969,Igor Lima,330.372.718-09,1987-02-17
2970,Julia Lima,475.631.121-03,1968-10-24
2971,Rafael Silva,782.878.066-40,1956-12-16
2972,Andre Lima,598.586.635-10,1988-11-05
2973,Andre Lima,180.288.252-90,1956-10-27
2974,Julia Mendes,866.905.946-02,2002-11-15
2975,Vinicius Mendes,428.828.470-84,1979-06-16
2976,Isabela Santos,313.298.871-58,1965-01-13
2977,Natalia Costa,036.686.427-02,1993-02-10
2978,Rafael Ferreira,268.527.287-90,1983-12-23
2979,Antonio Almeida,208.778.347-09,1957-03-06
2980,Ana Martins,283.345.573-96,1980-09-10
2981,Henrique Costa,327.700.453-85,1980-06-21
2982,Paulo Ribeiro,973.027.322-72,1999-05-31
2983,Carlos Araujo,042.402.555-89,1976-01-19
2984,Gabriel Mendes,939.770.411-77,1987-04-14
2985,Lucas Cardoso,815.964.673-98,1997-05-03
2986,Felipe Gomes,690.448.467-52,1970-06-24
2987,Natalia Costa,291.248.955-55,1997-12-19
2988,Joao Araujo,006.239.459-24,2003-03-09
2989,Taina Costa,640.760.895-37,1968-07-05
2990,Camila Souza,203.398.013-87,1995-04-08
2991,Marcos Souza,628.335.689-32,1954-10-14
2992,Andre Cardoso,108.015.337-32,1975-02-20
2993,Mariana Gomes,670.277.287-45,1956-05-11
2994,Andre Ferreira,596.957.945-99,1994-05-18
2995,Bruno Rocha,599.550.553-08,1984-09-11
2996,Helena Rocha,171.485.418-32,1970-02-13
2997,William Ribeiro,252.520.788-23,1964-09-18
2998,Daniela Ferreira,511.921.457-63,1976-07-02
2999,Valentina Gomes,203.027.694-47,1991-07-24
3000,Mariana Silva,882.403.532-90,1958-03-20
3001,Julia Lima,402.936.340-76,2001-08-31
3002,Sofia Souza,218.052.579-60,1978-06-09
3003,Thiago Rocha,004.794.123-59,1963-10-21
3004,Andre Lima,601.891.134-56,1970-12-04
3005,Sofia Mendes,571.339.962-19,1991-06-03
3006,Henrique Cardoso,612.734.211-24,1963-07-11
3007,Antonio Costa,913.813.014-95,2003-02-12
3008,Valter Cardoso,029.890.888-30,1956-04-20
3009,Thiago Ferreira,645.231.919-13,2002-12-10
3010,Beatriz Mendes,213.356.831-00,1989-09-05
3011,Isabela Almeida,667.041.710-10,1969-07-12
3012,Samuel Rocha,191.874.050-08,1960-01-19
3013,Rafaela Rodrigues,203.449.560-83,1994-03-28
3014,Daniela Carvalho,876.507.752-08,1982-02-16
3015,Joao Pereira,316.316.037-95,1995-03-15
3016,Daniela Souza,057.039.963-76,1955-06-04
3017,Henrique Ferreira,700.599.469-89,1985-08-10
3018,Felipe Dias,323.370.071-70,1978-07-22
3019,Paulo Silva,097.140.863-70,1972-05-25
3020,Larissa Rodrigues,430.658.744-40,1998-08-07
3021,Paulo Cardoso,392.375.909-62,1994-03-21
3022,Larissa Pereira,858.258.545-41,1978-05-20
3023,Gabriela Rodrigues,919.603.482-30,1971-02-07
3024,Henrique Nascimento,883.873.693-65,1963-01-16
3025,Rafaela Cardoso,004.364.758-80,1977-12-02
3026,Gabriel Martins,486.741.637-18,1957-12-04
3027,Helena Santos,631.755.297-55,1993-02-18
3028,Felipe Santos,145.840.811-66,1974-03-02
3029,Sofia Souza,572.814.361-06,1956-07-09
3030,Gabriel Cardoso,611.460.361-32,1958-01-06
3031,Paulo Dias,260.555.465-15,1973-03-01
3032,Larissa Ferreira,836.843.771-71,1973-12-12
3033,Antonio Rodrigues,445.459.566-61,1952-07-28
3034,Ana Almeida,011.962.272-68,1969-10-14
3035,Paulo Ferreira,974.217.368-08,1970-10-17
3036,Rafael Ribeiro,095.709.340-34,2004-03-28
3037,Tiago Souza,650.811.364-09,1951-09-24
3038,Rafaela Carvalho,848.437.700-86,1987-09-05
3039,Larissa Nascimento,959.514.295-60,1972-11-19
3040,Valentina Dias,669.542.175-73,1989-01-14
3041,Helena Nascimento,528.001.617-95,1968-05-13
3042,Taina Lima,794.592.351-82,1986-09-20
3043,Natalia Cardoso,326.489.710-50,1954-10-04
3044,Eduarda Araujo,078.129.457-66,1986-05-04
3045,Daniela Almeida,049.484.142-71,1972-01-01
3046,Andre Ribeiro,283.372.875-19,1986-05-15
3047,Marcos Rocha,813.026.564-81,1990-12-10
3048,Lucas Oliveira,158.821.870-87,1996-10-22
3049,Vinicius Carvalho,107.911.611-70,1976-12-23
3050,Felipe Carvalho,461.198.309-95,1991-01-16
3051,Daniel Lima,247.388.523-02,1994-08-05
3052,Lucas Lima,877.007.881-54,1963-03-11
3053,Bruno Almeida,251.218.082-40,1964-11-22
3054,Felipe Nascimento,990.966.602-26,1998-07-20
3055,Henrique Ribeiro,383.957.164-27,1986-02-10
3056,Paulo Pereira,100.370.907-98,1954-03-09
3057,Rafaela Nascimento,808.866.932-41,1953-04-13
3058,Marcos Santos,983.484.926-58,1994-02-11
3059,Valter Cardoso,762.965.074-45,1974-02-19
3060,Bruno Ferreira,572.676.541-93,2003-08-28
3061,Nicolas Costa,817.947.795-90,1950-04-25
3062,Beatriz Rodrigues,452.202.626-96,2004-11-09
3063,Patricia Santos,326.452.573-99,1971-09-02
3064,Ana Dias,074.063.516-66,1996-03-13
3065,Bruno Pereira,247.675.125-14,2000-01-22
3066,Mariana Nascimento,990.053.669-07,1968-09-27
3067,Mariana Pereira,763.342.285-87,1985-11-28
3068,Julia Mendes,372.372.259-87,1968-08-26
3069,Fernanda Santos,337.008.942-44,1968-08-17
3070,Sofia Santos,370.433.331-05,1998-03-19
3071,Nicolas Rodrigues,845.612.578-45,1951-02-19
3072,Taina Araujo,371.985.176-17,2001-04-05
3073,Eduardo Cardoso,064.554.421-30,1982-12-26
3074,Marcos Cardoso,379.264.053-88,1963-01-19
3075,Igor Rodrigues,968.859.342-75,1997-03-16
3076,Samuel Rodrigues,903.979.978-41,1969-07-13
3077,Natalia Souza,503.219.859-58,1987-09-26
3078,Carlos Ribeiro,102.506.668-55,1986-04-26
3079,Beatriz Ferreira,734.767.149-34,2001-10-07
3080,Rafael Martins,328.959.103-40,1997-05-06
3081,Bruno Costa,427.622.155-28,2000-10-11
3082,Felipe Almeida,743.963.994-48,2005-03-08
3083,Bruno Dias,403.895.546-00,1982-07-03
3084,Henrique Ribeiro,317.087.300-87,1963-06-04
3085,Eduarda Silva,273.663.256-78,1991-05-18
3086,Natalia Costa,234.874.939-42,1955-11-11
3087,Henrique Ferreira,019.109.048-48,1996-08-06
3088,Henrique Ferreira,073.264.478-02,2001-03-25
3089,Mariana Nascimento,859.541.760-19,2005-04-18
3090,Antonio Dias,371.645.810-45,1975-08-15
3091,Carlos Nascimento,346.694.473-27,1970-12-23
3092,Rafael Araujo,805.289.056-00,1989-03-08
3093,Carlos Souza,837.847.719-39,1997-06-06
3094,Rafael Mendes,374.345.096-86,1995-08-02
3095,Andre Dias,380.625.023-50,1954-01-17
3096,Nicolas Rocha,964.692.434-44,1970-10-31
3097,Carlos Carvalho,869.521.215-79,1984-11-20
3098,Beatriz Almeida,871.088.035-69,1977-11-04
3099,Gabriel Dias,466.049.037-88,1986-02-05
3100,Sofia Araujo,476.911.612-80,1965-12-01
3101,Gabriela Gomes,039.655.868-23,1956-04-17
3102,Tiago Santos,041.589.333-07,1983-06-13
3103,Helena Cardoso,660.138.550-64,1952-04-29
3104,Julia Rocha,573.801.012-42,1976-05-27
3105,Carlos Araujo,181.580.619-23,1976-06-26
3106,Vinicius Rocha,913.650.551-08,2001-08-21
3107,Fernanda Rocha,396.871.867-47,1956-11-21
3108,Lucas Silva,804.929.328-91,1982-10-21
3109,Antonio Nascimento,196.129.332-35,1956-08-29
3110,Mariana Carvalho,952.209.400-58,1969-02-16
3111,Lucas Souza,775.885.627-65,1972-11-13
3112,Rafael Silva,661.126.203-24,1955-05-06
3113,Eduardo Rocha,516.571.211-78,1999-09-26
3114,Henrique Santos,181.123.993-52,1967-07-22
3115,Camila Costa,559.879.206-04,1963-07-08
3116,Patricia Oliveira,459.688.910-41,2002-04-11
3117,Eduardo Oliveira,968.045.052-04,1957-12-28
3118,Daniela Pereira,036.081.641-03,1999-12-15
3119,Ana Carvalho,460.819.714-22,1953-06-03
3120,Samuel Almeida,469.544.950-18,1986-03-29
3121,Ana Rocha,580.627.456-00,1988-10-10
3122,Vinicius Cardoso,398.590.742-08,2004-07-31
3123,Taina Souza,429.049.577-07,1988-09-03
3124,Larissa Gomes,384.766.919-20,1980-12-26
3125,Mariana Santos,164.728.617-49,1976-05-01
3126,Eduardo Mendes,590.262.976-45,1957-08-10
3127,Gabriela Ferreira,628.660.349-29,1996-11-02
3128,Helena Carvalho,689.670.165-06,1983-12-15
3129,Julia Nascimento,740.215.723-76,1957-10-13
3130,Isabela Gomes,242.352.560-50,1950-01-23
3131,Paulo Gomes,894.961.721-80,1982-06-22
3132,Camila Gomes,205.353.131-28,1996-03-16
3133,Taina Ribeiro,605.993.423-40,1963-05-29
3134,Helena Oliveira,091.294.431-56,1974-11-13
3135,Daniela Carvalho,087.834.377-62,2003-02-02
3136,Rafael Pereira,402.116.823-06,1958-04-27
3137,Natalia Nascimento,998.181.009-64,1984-05-07
3138,Isabela Lima,265.789.635-96,1982-06-11
3139,Nicolas Nascimento,745.263.488-80,1997-11-01
3140,Isabela Rodrigues,725.442.253-19,1979-05-02
3141,Gabriela Souza,788.280.503-30,1972-08-02
3142,Bruno Ribeiro,388.287.204-76,1989-08-07
3143,Felipe Nascimento,666.082.887-78,1976-11-05
3144,Andre Mendes,712.075.313-40,1984-12-28
3145,Samuel Ribeiro,931.526.210-78,1993-02-17
3146,Valentina Souza,443.010.614-28,1975-09-03
3147,Carlos Pereira,996.457.443-69,1969-02-27
3148,Daniela Dias,971.153.334-08,2002-02-03
3149,Igor Costa,969.701.003-08,1977-02-21
3150,Patricia Lima,499.758.586-60,1956-03-05
3151,Paulo Mendes,817.860.215-60,2001-05-18
3152,Thiago Pereira,794.376.382-33,1994-01-20
3153,Valentina Rocha,033.122.239-62,1978-11-04
3154,Sofia Cardoso,070.473.148-73,1969-08-03
3155,Felipe Cardoso,747.774.070-39,1969-11-04
3156,Felipe Ferreira,656.007.622-91,1999-04-24
3157,Isabela Oliveira,282.193.868-35,1964-10-21
3158,Lucas Cardoso,472.643.933-21,1950-12-30
3159,Valter Ribeiro,969.206.660-65,1974-07-05
3160,Rafael Ribeiro,312.344.358-29,1974-11-11
3161,Thiago Cardoso,118.465.124-84,1966-04-08
3162,Gabriela Silva,637.817.048-74,1970-03-26
3163,Eduardo Carvalho,811.659.558-06,1983-05-26
3164,Tiago Carvalho,219.379.313-15,1986-10-17
3165,Mariana Ferreira,597.276.768-63,1994-03-05
3166,Lucas Nascimento,593.586.134-83,1958-01-05
3167,Marcos Carvalho,919.538.088-40,1976-09-18
3168,Larissa Martins,723.399.076-08,1960-04-25
3169,Daniel Silva,011.139.154-71,1997-02-28
3170,Ana Lima,423.647.921-42,1973-06-19
3171,Thiago Dias,010.861.647-92,2004-05-01
3172,Antonio Lima,991.573.806-43,1990-09-30
3173,William Rocha,673.672.096-63,1960-08-08
3174,Beatriz Costa,372.643.205-10,1995-08-29
3175,Eduardo Rocha,972.459.715-60,1982-06-21
3176,Igor Dias,327.701.154-21,2005-06-30
3177,Fernanda Araujo,732.609.685-63,1986-06-14
3178,Nicolas Cardoso,886.108.597-03,1967-12-26
3179,Carlos Mendes,679.433.644-81,1994-07-07
3180,Camila Costa,632.767.659-69,1985-04-28
3181,Sofia Gomes,876.694.947-51,1957-01-09
3182,Carlos Ribeiro,347.450.240-96,1982-09-15
3183,Rafaela Araujo,729.084.896-94,1978-03-31
3184,Patricia Dias,450.375.480-71,1993-03-31
3185,Paulo Silva,538.338.569-04,1966-11-29
3186,Larissa Dias,136.964.804-95,1952-08-14
3187,Lucas Almeida,730.415.063-78,1965-11-07
3188,Sofia Silva,510.265.838-70,1990-07-19
3189,Thiago Martins,334.674.646-10,1988-09-29
3190,Beatriz Almeida,327.399.741-91,1980-02-12
3191,Vinicius Pereira,094.101.027-90,1989-02-18
3192,Beatriz Nascimento,819.516.484-63,2003-02-07
3193,Joao Nascimento,973.833.061-04,1973-08-25
3194,Sofia Rodrigues,575.478.935-11,1952-01-22
3195,Carlos Costa,602.706.875-21,1988-10-27
3196,Lucas Santos,718.129.236-60,1958-07-06
3197,Natalia Rocha,123.774.599-35,1996-09-25
3198,Valter Oliveira,337.687.058-62,1951-01-19
3199,Marcos Rocha,106.510.640-82,1994-06-30
3200,Beatriz Araujo,838.478.483-30,1950-12-15
3201,Patricia Carvalho,857.365.404-01,1973-07-14
3202,William Pereira,728.090.317-70,1999-09-17
3203,Nicolas Almeida,643.167.859-15,1995-02-02
3204,Taina Carvalho,408.895.930-27,1967-12-08
3205,Larissa Santos,756.052.699-33,1954-11-08
3206,Gabriela Ribeiro,230.299.966-54,1967-07-28
3207,Patricia Silva,923.565.403-34,1952-08-19
3208,Igor Dias,915.402.732-29,1952-04-23
3209,Gabriela Pereira,953.185.004-63,1961-06-27
3210,Mariana Souza,820.682.048-51,1961-03-01
3211,Beatriz Rocha,305.484.738-11,1982-03-14
3212,Igor Nascimento,973.982.455-21,1971-03-28
3213,Paulo Oliveira,518.272.382-24,1989-03-03
3214,Taina Pereira,951.852.557-90,1987-07-29
3215,Paulo Mendes,155.903.081-00,2001-08-08
3216,Henrique Dias,544.876.150-03,1976-05-23
3217,Nicolas Cardoso,491.508.924-01,1975-11-06
3218,Gabriel Lima,035.076.955-96,1981-08-10
3219,Vinicius Rodrigues,558.810.822-14,1990-01-26
3220,Igor Gomes,477.774.592-95,1983-03-11
3221,Valentina Oliveira,238.724.937-28,2003-06-26
3222,Lucas Dias,007.045.594-55,1999-02-10
3223,Valter Rocha,674.166.239-10,1980-08-02
3224,Gabriel Nascimento,125.593.502-20,1990-05-29
3225,Henrique Araujo,490.641.227-09,1963-03-28
3226,Lucas Ferreira,531.451.341-24,1994-07-16
3227,Camila Santos,545.583.455-00,2005-11-05
3228,Bruno Ribeiro,621.683.357-02,1987-03-14
3229,Gabriel Mendes,089.504.910-44,1995-02-07
3230,Gabriel Santos,431.715.578-86,1978-10-21
3231,Julia Souza,979.336.860-87,2005-04-09
3232,Rafaela Souza,608.988.850-86,1957-11-23
3233,Beatriz Ribeiro,583.911.153-80,1965-07-16
3234,Beatriz Costa,640.093.339-52,1988-11-19
3235,Rafaela Nascimento,902.038.878-91,1965-03-19
3236,Daniela Cardoso,893.844.781-21,1986-12-25
3237,Igor Martins,634.208.348-70,1958-04-26
3238,Larissa Lima,266.474.264-77,1974-08-28
3239,Antonio Carvalho,783.279.663-40,1989-09-07
3240,Vinicius Gomes,818.774.499-54,1965-02-21
3241,Valter Ferreira,871.446.939-13,2005-04-26
3242,Bruno Almeida,155.664.239-30,1975-01-17
3243,Ana Pereira,690.896.496-54,1985-01-12
3244,Gabriel Mendes,118.229.232-12,1973-11-21
3245,Eduardo Cardoso,722.037.337-64,2000-01-23
3246,Taina Santos,613.867.485-52,1994-06-24
3247,Nicolas Almeida,045.596.576-53,1983-05-12
3248,Joao Mendes,680.055.126-00,1992-12-21
3249,Henrique Carvalho,494.363.270-05,1982-12-25
3250,Gabriel Oliveira,465.344.200-23,1976-03-07
3251,Isabela Souza,867.471.520-69,1972-05-22
3252,Andre Souza,919.850.565-34,1959-02-01
3253,Rafaela Almeida,585.081.432-90,1966-09-02
3254,Tiago Mendes,766.327.904-29,1961-07-24
3255,Natalia Rodrigues,810.608.917-78,1953-11-17
3256,Beatriz Ribeiro,229.184.574-85,2002-01-25
3257,Gabriel Ribeiro,990.527.025-60,2005-04-20
3258,William Martins,114.358.304-31,1950-07-24
3259,Lucas Nascimento,513.061.092-05,1962-07-22
3260,Fernanda Ferreira,897.453.714-16,1990-02-07
3261,Rafaela Pereira,043.192.743-00,1957-10-21
3262,Larissa Martins,665.602.336-34,1957-10-03
3263,Gabriel Ribeiro,580.624.755-49,1980-05-10
3264,Isabela Martins,720.367.027-91,1978-03-06
3265,Gabriela Silva,056.870.690-03,1978-08-21
3266,Joao Souza,121.816.793-98,1966-03-03
3267,Rafaela Ribeiro,393.305.484-23,2002-04-13
3268,Andre Souza,657.079.432-93,1959-09-18
3269,Paulo Almeida,024.264.685-99,1979-09-09
3270,Gabriela Rocha,020.411.548-53,1995-04-03
3271,Beatriz Gomes,109.334.653-19,1970-02-13
3272,Gabriel Rodrigues,305.754.370-73,1950-04-05
3273,Tiago Cardoso,416.437.702-09,1958-08-09
3274,Joao Silva,470.125.928-42,1970-02-04
3275,Natalia Rocha,717.856.817-88,1983-12-19
3276,Vinicius Araujo,505.917.393-30,1952-09-27
3277,Daniela Santos,559.169.833-60,1956-08-09
3278,Marcos Rocha,364.708.944-37,1953-11-15
3279,Eduardo Ribeiro,452.593.570-78,1994-08-18
3280,Eduardo Ribeiro,094.620.785-21,1988-02-29
3281,Isabela Costa,719.260.261-28,1960-11-18
3282,Samuel Martins,801.093.609-07,1956-02-07
3283,Thiago Carvalho,908.170.032-40,1994-10-27
3284,Felipe Costa,805.877.770-60,1957-08-05
3285,Taina Rocha,726.821.195-30,1988-04-16
3286,Vinicius Ferreira,460.773.595-72,1985-01-07
3287,Tiago Oliveira,922.051.356-00,1971-07-19
3288,Tiago Araujo,489.250.075-50,1959-07-01
3289,Henrique Araujo,486.735.818-50,1961-09-23
3290,Gabriela Nascimento,748.747.793-28,1983-07-16
3291,William Dias,584.383.569-31,2001-12-01
3292,Thiago Nascimento,125.201.930-00,1984-02-02
3293,Sofia Martins,912.671.919-37,1987-09-14
3294,Thiago Rocha,335.303.138-31,1992-12-01
3295,Samuel Rodrigues,056.828.753-38,1971-02-14
3296,Bruno Gomes,262.029.487-87,1972-10-01
3297,Lucas Mendes,112.826.993-77,1976-01-20
3298,Daniel Oliveira,739.222.931-15,1989-07-09
3299,Joao Mendes,650.394.750-04,1978-05-17
3300,Andre Nascimento,779.174.312-40,1977-01-10
3301,Natalia Lima,535.381.157-70,1981-07-22
3302,Beatriz Rocha,272.094.803-90,1984-02-21
3303,Thiago Ribeiro,756.294.339-70,1959-01-04
3304,Gabriel Cardoso,670.885.506-28,2001-05-16
3305,Taina Almeida,944.101.042-17,1993-09-02
3306,Thiago Nascimento,493.549.210-43,1959-08-01
3307,Paulo Souza,889.699.132-38,2002-08-05
3308,Rafaela Ribeiro,753.848.111-70,1979-02-25
3309,Marcos Santos,347.560.164-80,1964-06-23
3310,Eduardo Costa,455.462.021-22,1970-09-06
3311,Bruno Carvalho,692.239.407-02,1957-06-24
3312,Igor Almeida,434.660.954-68,1992-05-15
3313,Camila Santos,603.981.079-39,1982-01-26
3314,Fernanda Ferreira,352.141.202-49,1964-11-04
3315,Valentina Oliveira,756.168.095-35,1989-02-15
3316,Sofia Souza,854.133.366-32,1982-04-08
3317,Ana Pereira,859.156.581-99,1989-05-29
3318,William Oliveira,578.290.524-76,2003-03-03
3319,Larissa Costa,191.142.999-09,1974-04-03
3320,Nicolas Oliveira,414.013.856-48,2001-10-15
3321,Thiago Rodrigues,914.265.201-40,1964-07-23
3322,Antonio Oliveira,740.209.844-33,1989-02-06
3323,William Mendes,886.659.481-47,1998-09-01
3324,Isabela Araujo,291.367.591-39,1987-05-09
3325,Valter Carvalho,915.321.801-95,1958-10-29
3326,Mariana Santos,852.315.682-87,1971-02-27
3327,Valentina Costa,840.224.626-55,1992-10-04
3328,Eduarda Almeida,202.534.238-13,1988-01-12
3329,Igor Santos,776.042.939-80,1998-01-08
3330,Marcos Martins,674.087.721-11,1953-07-25
3331,Igor Gomes,240.033.051-40,1951-09-04
3332,Vinicius Nascimento,247.254.265-80,1975-12-17
3333,Daniela Martins,893.927.639-64,1999-06-05
3334,Andre Costa,381.828.936-07,1967-03-14
3335,Julia Araujo,868.070.423-70,1981-08-09
3336,Joao Almeida,189.959.311-08,1988-04-02
3337,Thiago Rocha,213.534.705-12,1950-08-13
3338,Lucas Silva,775.088.494-77,2001-11-04
3339,William Dias,635.768.662-05,1956-05-05
3340,Rafaela Cardoso,059.519.484-28,1982-03-17
3341,Taina Costa,259.551.330-38,1979-05-17
3342,William Souza,541.963.511-90,1952-04-29
3343,Vinicius Martins,745.136.365-13,2004-04-24
3344,Ana Gomes,041.737.223-03,1973-05-26
3345,Helena Martins,787.032.381-05,1962-07-22
3346,Paulo Souza,718.993.547-94,1978-09-21
3347,Helena Oliveira,127.596.373-01,1956-04-23
3348,Eduarda Lima,933.108.862-04,1971-08-07
3349,Camila Martins,594.003.818-24,1951-09-06
3350,Rafaela Martins,485.100.218-13,1963-09-25
3351,Valter Souza,408.170.284-55,1987-12-02
3352,Daniela Martins,878.732.149-15,2004-06-02
3353,Tiago Nascimento,032.043.474-51,1969-02-11
3354,Natalia Lima,421.065.100-12,1976-05-25
3355,Felipe Silva,104.131.355-19,1979-12-18
3356,Joao Rocha,420.722.395-91,1987-12-22
3357,Joao Pereira,176.189.898-18,1994-07-28
3358,Samuel Araujo,767.751.387-50,1991-09-10
3359,Daniela Pereira,398.189.397-27,1964-06-03
3360,Beatriz Carvalho,873.045.194-95,1978-08-17
3361,Bruno Mendes,681.734.188-45,1952-09-30
3362,Marcos Rocha,640.315.758-23,1979-09-27
3363,William Rodrigues,918.536.205-05,1975-01-09
3364,Valter Dias,339.271.954-48,1952-10-15
3365,Gabriel Almeida,856.702.071-90,1981-11-10
3366,Mariana Araujo,842.055.553-34,1978-09-03
3367,Taina Lima,078.967.788-15,1998-04-09
3368,Thiago Costa,210.072.040-60,2005-06-29
3369,Valter Nascimento,112.461.757-46,1998-03-20
3370,Ana Carvalho,104.866.718-95,1987-07-17
3371,Sofia Carvalho,262.447.049-24,1999-03-21
3372,Gabriel Nascimento,110.187.703-05,1971-09-24
3373,Julia Gomes,704.430.732-95,1977-08-18
3374,Eduardo Martins,899.749.030-33,1973-05-25
3375,Patricia Mendes,177.998.992-04,1973-06-05
3376,Felipe Rocha,247.048.113-95,1955-04-24
3377,Eduarda Mendes,643.231.456-91,1983-05-04
3378,Fernanda Mendes,127.591.700-39,1972-01-18
3379,Taina Almeida,743.256.740-98,1979-08-30
3380,Natalia Ferreira,251.231.154-63,1959-10-19
3381,Daniela Oliveira,902.060.713-88,1986-01-25
3382,Thiago Rodrigues,005.221.442-76,1988-01-10
3383,Igor Almeida,538.425.611-72,1986-09-22
3384,Fernanda Gomes,999.442.618-40,1974-09-10
3385,Bruno Gomes,375.826.829-04,1983-01-31
3386,Camila Cardoso,149.940.232-55,1967-06-25
3387,Carlos Cardoso,593.580.352-69,1995-07-29
3388,Paulo Silva,507.507.819-20,1990-06-20
3389,Natalia Ribeiro,442.524.777-94,1993-04-13
3390,Sofia Lima,496.493.046-73,1975-04-30
3391,Camila Santos,606.988.264-42,1999-01-06
3392,Henrique Pereira,755.377.938-57,1981-07-19
3393,Valentina Ferreira,091.210.407-45,1964-02-06
3394,Daniel Carvalho,539.601.609-41,2005-02-16
3395,Patricia Pereira,470.792.625-85,1959-05-06
3396,Lucas Lima,316.032.503-28,2002-06-09
3397,Valter Almeida,988.442.789-52,1982-01-27
3398,Isabela Almeida,617.949.645-50,1977-06-24
3399,Vinicius Ribeiro,957.812.731-66,1994-03-26
3400,Valentina Pereira,718.322.402-31,1969-02-18
3401,Vinicius Rodrigues,627.617.640-05,1974-10-31
3402,Beatriz Carvalho,655.112.863-70,1995-04-11
3403,Eduarda Oliveira,050.228.920-14,1992-10-11
3404,Valentina Gomes,952.827.677-67,1974-06-26
3405,Larissa Rodrigues,935.433.732-50,1989-07-08
3406,Paulo Rodrigues,969.215.100-00,1962-05-18
3407,Eduardo Silva,772.143.486-67,2001-01-26
3408,Eduardo Gomes,371.557.310-48,1981-12-12
3409,Larissa Silva,898.318.730-17,2000-12-27
3410,Daniel Santos,793.377.312-58,2004-12-06
3411,Lucas Rodrigues,414.850.275-35,2004-06-01
3412,Antonio Mendes,268.009.072-19,1965-07-04
3413,Antonio Cardoso,712.189.452-14,1972-01-04
3414,Vinicius Gomes,960.233.159-33,2005-12-19
3415,Paulo Araujo,517.579.032-32,1967-08-22
3416,Ana Cardoso,880.609.417-39,1980-03-01
3417,Ana Costa,413.007.886-07,1994-04-15
3418,Carlos Mendes,755.850.959-94,1958-09-13
3419,Valter Gomes,049.723.669-90,1976-02-18
3420,Felipe Pereira,728.651.814-30,1962-01-19
3421,Beatriz Lima,384.504.621-00,1993-09-09
3422,Eduardo Carvalho,349.394.166-82,1990-04-18
3423,Sofia Santos,788.698.585-02,1990-01-22
3424,Taina Dias,110.667.264-00,1958-03-23
3425,Nicolas Araujo,939.789.537-06,1992-05-29
3426,Camila Souza,249.316.459-84,1996-10-15
3427,Isabela Carvalho,378.047.040-38,1993-04-14
3428,Thiago Rodrigues,651.875.692-60,1988-10-07
3429,Thiago Pereira,032.735.712-68,1982-09-04
3430,Eduardo Nascimento,212.300.857-50,1995-05-23
3431,Tiago Ribeiro,915.324.256-43,1984-02-25
3432,Antonio Silva,980.578.369-38,1954-02-22
3433,Natalia Silva,341.365.329-62,1996-04-03
3434,Andre Martins,849.977.070-31,1988-03-27
3435,Beatriz Silva,746.143.370-90,1954-07-26
3436,Taina Rocha,174.436.871-68,1984-03-26
3437,Rafaela Mendes,762.157.740-14,1979-02-28
3438,Sofia Ribeiro,866.182.487-79,1977-08-06
3439,Daniela Carvalho,278.531.419-04,1995-02-20
3440,Nicolas Nascimento,263.492.122-58,1968-05-21
3441,Patricia Rocha,982.159.007-12,1961-01-10
3442,Natalia Pereira,044.845.677-09,1956-05-17
3443,Daniel Carvalho,176.604.568-57,2002-11-07
3444,Patricia Rocha,116.457.677-10,1985-11-03
3445,Daniel Nascimento,666.476.085-16,1961-04-12
3446,Ana Mendes,529.645.521-50,1994-01-19
3447,Daniel Santos,499.887.829-85,2000-02-02
3448,Nicolas Nascimento,275.442.206-48,1956-11-28
3449,Samuel Ribeiro,069.298.738-02,1988-09-27
3450,Taina Santos,067.246.639-20,1953-05-11
3451,Rafaela Costa,143.031.839-20,1971-06-13
3452,Rafaela Silva,111.840.654-03,1995-01-06
3453,Rafael Gomes,587.552.452-93,2001-02-03
3454,Felipe Oliveira,514.369.745-00,1990-10-21
3455,Paulo Rodrigues,517.983.871-15,1971-09-02
3456,Bruno Ribeiro,669.633.895-00,1998-03-12
3457,Henrique Carvalho,178.256.019-04,2005-02-24
3458,Thiago Oliveira,624.694.762-08,2003-02-07
3459,Mariana Ferreira,842.685.179-79,1991-01-19
3460,Mariana Martins,799.010.271-44,2004-06-06
3461,Camila Dias,520.387.212-03,1961-02-21
3462,Daniel Souza,904.562.446-03,1966-05-29
3463,Isabela Santos,165.663.393-02,1981-08-26
3464,Beatriz Mendes,243.262.538-27,1958-03-13
3465,Taina Silva,307.559.841-02,1974-07-21
3466,Julia Santos,248.435.074-07,1983-02-10
3467,Ana Dias,332.809.997-23,1952-03-11
3468,Helena Carvalho,404.310.907-50,1993-06-10
3469,Fernanda Cardoso,235.327.737-32,1989-02-17
3470,Carlos Gomes,476.172.757-81,1970-03-17
3471,Bruno Gomes,481.471.266-97,1988-05-25
3472,Fernanda Gomes,393.929.427-61,1954-07-30
3473,Helena Souza,501.343.390-88,1989-03-05
3474,Julia Nascimento,989.582.477-70,1966-12-14
3475,Natalia Rocha,129.903.719-40,1959-11-02
3476,Isabela Araujo,593.955.714-70,1966-03-21
3477,Eduarda Souza,622.065.910-49,1950-05-07
3478,Taina Carvalho,364.364.443-43,1964-05-21
3479,Tiago Martins,914.220.072-51,1964-10-25
3480,Igor Ferreira,835.278.087-52,1998-12-05
3481,Andre Nascimento,109.338.530-84,1951-04-13
3482,Beatriz Rocha,006.325.867-61,1990-01-03
3483,Bruno Lima,658.617.284-53,1991-06-30
3484,Antonio Almeida,446.332.465-34,1987-01-23
3485,Paulo Lima,154.635.175-25,1994-06-01
3486,Natalia Gomes,185.176.965-06,2000-10-22
3487,Daniel Rocha,656.003.375-90,1963-10-08
3488,Larissa Rocha,648.421.092-62,1966-07-05
3489,Helena Gomes,145.579.537-27,1961-09-14
3490,Patricia Nascimento,660.414.264-74,1969-03-14
3491,Camila Costa,970.813.722-79,2002-12-18
3492,Samuel Pereira,109.352.439-17,1963-09-17
3493,Julia Dias,501.496.284-04,1952-04-18
3494,Joao Martins,953.908.783-02,1976-05-19
3495,Marcos Ferreira,790.078.244-30,1985-10-26
3496,Henrique Ferreira,694.836.094-70,1968-11-15
3497,Paulo Martins,825.085.592-29,1979-12-25
3498,Henrique Costa,972.669.232-63,1979-05-17
3499,Igor Costa,734.689.270-45,1974-04-08
3500,Joao Costa,334.466.610-00,1981-09-16
3501,Fernanda Lima,961.806.862-54,1995-01-19
3502,Samuel Ferreira,887.924.494-92,1951-09-15
3503,Rafaela Dias,518.695.613-92,1976-11-20
3504,Taina Santos,883.318.380-76,1960-11-18
3505,Felipe Rocha,347.691.237-01,1994-04-21
3506,Vinicius Almeida,980.122.016-31,1969-04-18
3507,Fernanda Mendes,520.023.915-05,1963-08-18
3508,Natalia Souza,336.314.098-34,1965-12-02
3509,Eduarda Costa,702.318.967-00,1966-10-21
3510,Beatriz Oliveira,295.903.177-66,1978-09-23
3511,Felipe Rocha,000.191.765-03,1969-01-26
3512,Larissa Lima,483.438.715-10,1956-07-11
3513,Andre Lima,746.911.708-39,1990-07-27
3514,Ana Pereira,728.204.009-57,1971-04-20
3515,Paulo Silva,834.912.321-47,1984-02-18
3516,Ana Silva,593.241.832-06,1981-06-05
3517,Larissa Araujo,625.202.131-83,1958-11-10
3518,Henrique Araujo,954.283.267-27,1952-05-20
3519,Fernanda Souza,678.116.786-32,1962-03-05
3520,Vinicius Silva,251.538.642-35,1988-10-13
3521,Igor Almeida,022.099.417-09,1980-04-28
3522,Natalia Silva,405.319.841-09,1955-06-11
3523,Bruno Silva,755.084.852-10,1999-02-21
3524,Valentina Martins,770.378.467-24,2004-09-21
3525,Marcos Santos,083.076.440-20,1980-06-24
3526,Nicolas Almeida,550.172.727-71,2003-05-18
3527,Igor Almeida,282.901.832-08,1950-12-23
3528,Daniel Oliveira,121.340.636-61,1997-12-03
3529,Antonio Souza,990.502.406-90,1978-03-30
3530,Daniela Souza,747.117.064-61,1998-07-07
3531,Carlos Araujo,968.863.124-80,1955-01-10
3532,Igor Dias,044.813.881-61,2001-10-25
3533,Camila Oliveira,145.676.776-33,1956-05-22
3534,Thiago Gomes,249.601.709-05,1963-10-02
3535,Fernanda Araujo,645.177.022-19,1968-06-13
3536,Samuel Silva,453.478.277-26,1962-03-14
3537,Andre Rodrigues,209.592.848-26,2000-08-08
3538,Samuel Nascimento,358.727.299-95,1967-01-23
3539,Natalia Gomes,702.409.398-67,1985-12-19
3540,Henrique Rodrigues,984.648.442-98,1990-10-24
3541,Rafaela Rocha,835.652.391-58,1999-08-15
3542,Samuel Martins,762.273.533-70,1977-12-20
3543,Ana Ferreira,201.663.340-90,1960-06-20
3544,Sofia Pereira,156.345.263-45,1985-12-27
3545,Julia Mendes,862.335.704-33,1974-10-03
3546,Taina Ribeiro,514.344.211-71,1959-06-11
3547,Joao Gomes,494.495.742-43,1957-04-09
3548,Samuel Cardoso,424.638.151-91,1964-06-25
3549,William Oliveira,164.792.464-20,1965-12-21
3550,Thiago Dias,872.473.539-61,2005-06-22
3551,Paulo Nascimento,591.530.075-81,1960-09-11
3552,Sofia Ribeiro,183.479.230-43,1980-06-20
3553,Joao Cardoso,245.310.812-34,1972-07-08
3554,Felipe Lima,378.624.301-82,1974-02-07
3555,Gabriel Silva,669.610.696-06,1971-09-29
3556,Igor Lima,912.187.906-01,1980-05-04
3557,Ana Martins,147.159.011-96,1964-10-10
3558,Andre Silva,231.600.402-40,1993-02-12
3559,Julia Cardoso,986.832.120-41,1999-09-20
3560,Felipe Souza,498.425.079-80,1985-06-10
3561,Eduardo Dias,978.420.014-72,1957-08-09
3562,Taina Carvalho,246.073.723-82,1997-11-03
3563,Henrique Souza,595.285.994-19,1990-12-30
3564,Andre Nascimento,637.982.930-07,1980-07-03
3565,Andre Nascimento,797.983.676-69,1951-06-04
3566,Lucas Lima,105.939.481-22,1978-05-23
3567,Ana Carvalho,390.356.028-62,1981-11-25
3568,Samuel Martins,966.096.354-80,1991-12-27
3569,Felipe Silva,751.210.184-87,1961-08-15
3570,Eduardo Costa,264.418.024-49,1980-12-21
3571,Thiago Lima,085.935.653-10,1980-03-06
3572,Julia Carvalho,377.950.765-05,1978-12-15
3573,Joao Almeida,748.525.122-80,1979-09-10
3574,Samuel Lima,679.017.522-97,1993-02-02
3575,Thiago Costa,949.652.396-01,1994-07-13
3576,Sofia Rocha,990.203.854-96,1953-05-31
3577,Igor Silva,084.159.124-55,1962-11-16
3578,Gabriel Rocha,575.385.139-81,1993-04-01
3579,Eduardo Almeida,529.461.426-04,1965-01-13
3580,Antonio Carvalho,085.206.334-20,1986-07-27
3581,Daniela Souza,897.873.728-52,1966-02-09
3582,Eduardo Ribeiro,933.804.191-33,1993-02-24
3583,Eduarda Ferreira,033.308.544-21,1957-10-16
3584,Paulo Lima,366.020.931-77,1969-12-18
3585,Lucas Cardoso,802.109.367-62,1987-01-26
3586,Marcos Araujo,773.657.645-97,1981-04-10
3587,Valter Gomes,903.481.954-00,1968-02-16
3588,Carlos Oliveira,102.693.955-04,1968-06-06
3589,Rafaela Santos,892.333.135-06,1956-04-07
3590,Valter Mendes,550.702.640-87,1988-10-09
3591,Helena Martins,067.415.144-57,1995-06-28
3592,Lucas Martins,216.483.427-52,2001-12-08
3593,Joao Almeida,029.406.957-76,1965-02-24
3594,Carlos Costa,023.589.377-38,1960-01-07
3595,Julia Ribeiro,828.488.919-63,2002-11-19
3596,Valter Dias,516.599.194-60,1978-02-17
3597,Felipe Lima,464.523.900-74,1973-02-17
3598,Daniela Ribeiro,242.867.855-80,1972-12-08
3599,Marcos Silva,189.779.501-71,1977-01-10
3600,Eduardo Araujo,093.672.502-82,1995-03-04
3601,Antonio Santos,417.707.346-60,1953-11-06
3602,Rafaela Oliveira,613.407.992-86,1957-11-17
3603,Eduardo Carvalho,575.275.428-37,1968-01-20
3604,Helena Cardoso,678.515.066-38,1996-09-30
3605,Nicolas Souza,557.155.661-77,1987-10-21
3606,Gabriel Cardoso,940.936.364-00,1986-07-18
3607,Ana Gomes,955.161.133-00,2002-08-31
3608,Bruno Martins,322.451.825-10,1985-06-06
3609,Vinicius Ferreira,192.126.974-02,2000-01-24
3610,Eduardo Rocha,784.879.896-83,1967-10-13
3611,Eduarda Rocha,630.527.043-03,1984-11-14
3612,Tiago Costa,259.164.230-39,1960-10-23
3613,Helena Nascimento,469.017.631-07,2004-05-12
3614,Eduarda Rocha,863.708.553-91,1984-11-02
3615,Ana Martins,223.063.567-00,1968-06-27
3616,Carlos Nascimento,756.942.984-20,1955-10-28
3617,Ana Lima,003.273.032-20,1977-09-06
3618,Paulo Costa,746.352.356-02,1957-04-03
3619,Gabriela Cardoso,820.380.695-30,1995-05-11
3620,Gabriel Pereira,185.311.128-77,1957-01-19
3621,Joao Nascimento,903.666.636-82,2005-04-29
3622,Valter Nascimento,281.326.598-56,1975-02-10
3623,Bruno Silva,337.902.940-80,1970-03-07
3624,Marcos Ribeiro,353.132.452-79,1990-03-19
3625,Bruno Martins,719.503.056-35,1994-12-23
3626,Joao Cardoso,071.265.249-35,1976-03-16
3627,Rafael Dias,185.298.388-40,1965-03-08
3628,Ana Souza,514.977.764-14,2001-07-12
3629,Eduarda Almeida,616.576.528-90,1964-12-09
3630,Helena Ferreira,195.490.294-84,2000-05-30
3631,Sofia Rocha,434.577.661-93,1971-04-30
3632,Rafael Cardoso,655.009.159-40,1981-02-06
3633,Felipe Araujo,832.395.936-61,1951-05-16
3634,Gabriela Rocha,412.706.618-09,1979-05-10
3635,Patricia Martins,087.807.202-00,1952-08-10
3636,Patricia Rodrigues,881.120.996-00,1985-07-12
3637,Lucas Martins,372.037.344-47,1995-02-25
3638,Patricia Ferreira,567.071.905-04,1986-05-23
3639,Andre Nascimento,439.677.054-55,1985-02-01
3640,Igor Rodrigues,931.649.095-27,1974-04-10
3641,Henrique Cardoso,873.058.868-58,1961-03-04
3642,Camila Costa,531.292.662-08,1978-05-16
3643,Taina Nascimento,800.958.040-64,1958-02-17
3644,Valentina Ferreira,159.700.019-10,1954-12-27
3645,Beatriz Araujo,388.546.734-80,1994-07-06
3646,Valentina Almeida,693.908.941-15,1968-11-25
3647,Fernanda Rocha,859.671.832-05,1959-10-19
3648,Mariana Silva,542.842.511-39,1957-10-08
3649,Thiago Santos,359.409.429-46,1975-05-13
3650,Daniela Costa,597.999.032-11,1972-02-25
3651,Samuel Cardoso,767.660.628-43,2001-10-14
3652,Andre Souza,340.399.783-90,1997-11-20
3653,Joao Lima,430.818.363-44,1964-06-14
3654,Tiago Rodrigues,970.266.382-20,1950-05-25
3655,Lucas Oliveira,548.185.133-42,1959-06-18
3656,Daniela Nascimento,860.577.677-30,1956-05-31
3657,Thiago Pereira,889.203.028-04,1989-10-29
3658,Andre Araujo,405.892.303-28,1987-06-21
3659,Ana Ferreira,778.719.249-66,1992-05-11
3660,Larissa Ferreira,557.136.496-36,1992-10-05
3661,Sofia Ribeiro,145.375.257-97,1976-12-15
3662,Valter Mendes,825.269.901-49,1996-09-15
3663,Daniel Oliveira,115.673.385-50,1956-09-09
3664,Andre Araujo,646.705.068-11,1950-10-30
3665,Vinicius Cardoso,383.193.465-76,1955-06-07
3666,Larissa Nascimento,586.034.563-13,1971-08-17
3667,Natalia Cardoso,923.495.245-66,1990-07-23
3668,Camila Gomes,155.782.638-28,1998-10-19
3669,Ana Rodrigues,242.716.186-16,1964-06-01
3670,Nicolas Ferreira,974.762.370-64,1968-10-05
3671,Samuel Ribeiro,478.726.819-86,1966-12-23
3672,Gabriela Dias,229.412.328-00,1950-02-01
3673,Felipe Costa,539.418.545-00,1983-01-08
3674,Taina Souza,892.588.314-70,1950-04-28
3675,Camila Almeida,563.032.826-36,1992-08-07
3676,Mariana Gomes,490.479.865-12,1989-09-30
3677,Fernanda Martins,896.213.250-80,1997-01-21
3678,Gabriel Costa,868.564.347-31,1984-09-07
3679,Camila Mendes,823.092.587-92,1965-11-20
3680,Paulo Dias,467.363.163-32,1971-11-25
3681,Antonio Cardoso,460.172.628-07,1951-04-13
3682,Rafaela Rodrigues,649.084.749-31,1957-03-30
3683,Eduarda Martins,343.031.016-48,1986-12-20
3684,Rafaela Ferreira,622.845.541-99,1976-01-11
3685,Ana Cardoso,579.622.951-63,1959-05-04
3686,Ana Mendes,486.106.600-01,1966-05-22
3687,Eduardo Silva,469.017.495-46,1967-11-17
3688,Nicolas Dias,162.441.066-95,1994-02-07
3689,Rafael Cardoso,457.321.650-29,1965-12-10
3690,Taina Pereira,389.354.407-01,1956-11-04
3691,Daniela Silva,729.850.230-17,1981-01-17
3692,Antonio Martins,671.485.333-50,1960-12-13
3693,Marcos Souza,479.554.129-90,1999-07-24
3694,Julia Lima,922.028.815-06,1966-03-28
3695,Camila Mendes,952.176.801-05,1964-03-02
3696,Gabriel Dias,625.050.732-95,1974-12-28
3697,Vinicius Souza,394.303.250-78,1965-02-08
3698,Marcos Carvalho,962.383.844-17,1954-03-30
3699,Patricia Nascimento,654.399.942-03,2000-06-07
3700,Carlos Mendes,033.086.414-96,1999-12-09
3701,Gabriel Almeida,290.850.504-56,1995-11-10
3702,Marcos Oliveira,590.518.237-03,1993-10-20
3703,Julia Oliveira,090.744.479-29,1970-10-08
3704,Tiago Oliveira,171.740.034-51,1981-12-27
3705,Felipe Mendes,848.657.374-21,1974-12-14
3706,Vinicius Ferreira,660.723.660-07,1976-03-19
3707,Lucas Carvalho,120.818.036-31,1996-05-12
3708,Vinicius Rodrigues,825.289.404-67,1969-05-17
3709,Thiago Almeida,516.026.957-68,1989-07-30
3710,Daniel Pereira,668.480.316-58,1967-08-12
3711,Felipe Nascimento,817.524.813-05,1980-05-08
3712,Rafaela Nascimento,642.983.930-38,1968-10-07
3713,William Ribeiro,395.260.885-81,1966-11-20
3714,Larissa Dias,873.401.149-80,2004-01-17
3715,Marcos Lima,754.737.704-10,2002-10-17
3716,William Santos,967.819.456-29,1980-03-06
3717,Tiago Nascimento,739.610.340-10,1980-10-13
3718,Lucas Rodrigues,689.108.041-06,1994-07-31
3719,Andre Martins,943.072.188-76,1990-12-09
3720,Joao Souza,699.165.872-30,1970-10-12
3721,Gabriel Almeida,411.048.578-98,1987-08-23
3722,Igor Oliveira,265.728.182-68,2002-08-25
3723,Gabriela Costa,789.885.249-42,2002-04-05
3724,Daniela Dias,608.415.855-20,1967-05-06
3725,Joao Almeida,043.763.185-07,1983-01-20
3726,Tiago Ferreira,707.169.448-63,1958-07-26
3727,Taina Lima,000.407.560-92,1963-05-15
3728,Rafaela Oliveira,064.079.729-65,1986-11-19
3729,Paulo Costa,288.542.734-57,1973-03-15
3730,Thiago Nascimento,992.519.736-87,1986-08-04
3731,Andre Carvalho,758.783.710-81,1978-12-11
3732,Mariana Rocha,259.067.718-91,1979-01-19
3733,Mariana Ferreira,017.430.402-10,1981-06-02
3734,Eduardo Santos,041.316.677-54,1981-08-04
3735,Isabela Nascimento,071.279.717-30,1988-07-29
3736,Natalia Gomes,064.272.990-50,1976-05-21
3737,Natalia Mendes,817.676.227-08,1953-02-09
3738,Isabela Ribeiro,431.639.158-50,1977-09-20
3739,Gabriel Carvalho,725.604.678-28,1964-02-20
3740,Beatriz Rodrigues,690.615.502-46,1985-03-31
3741,Daniela Almeida,409.731.220-05,1988-10-02
3742,Eduardo Araujo,665.405.324-90,1964-01-25
3743,Gabriela Martins,943.532.861-02,1991-11-03
3744,Samuel Silva,581.380.573-78,1966-10-04
3745,Gabriela Almeida,678.864.555-84,1961-12-19
3746,Gabriel Oliveira,510.705.570-21,1982-09-03
3747,Julia Dias,508.687.441-66,1961-05-14
3748,Mariana Gomes,998.962.586-78,2003-07-14
3749,Isabela Ferreira,356.006.255-10,1955-08-24
3750,Daniel Souza,797.519.378-09,1972-06-21
3751,Thiago Gomes,312.734.458-99,1951-10-14
3752,Daniela Dias,762.134.616-71,1974-11-15
3753,Eduardo Souza,526.532.224-85,1990-05-05
3754,Beatriz Mendes,101.481.297-65,1956-06-27
3755,William Cardoso,840.894.374-07,1999-09-08
3756,Gabriela Pereira,681.793.008-11,1951-08-17
3757,Andre Mendes,899.058.081-16,1974-01-09
3758,Antonio Rodrigues,340.508.105-06,1983-10-17
3759,Patricia Gomes,869.902.131-32,1958-09-21
3760,Gabriel Martins,946.021.246-82,1990-03-12
3761,Henrique Carvalho,281.259.836-00,1964-03-28
3762,Camila Araujo,498.849.591-45,1965-06-12
3763,Eduardo Silva,920.331.465-29,1987-06-08
3764,Carlos Nascimento,166.578.130-07,1975-08-10
3765,Tiago Dias,504.389.641-87,1985-09-13
3766,Taina Ribeiro,086.295.322-70,1970-04-15
3767,Antonio Nascimento,248.764.126-69,1958-11-10
3768,Natalia Rocha,557.458.618-51,1951-03-13
3769,Andre Mendes,393.408.354-41,1975-01-20
3770,Isabela Nascimento,885.988.192-71,1951-05-13
3771,Henrique Dias,656.932.596-50,1962-09-30
3772,Joao Martins,223.683.127-73,1980-07-18
3773,Patricia Carvalho,183.995.578-38,1952-12-08
3774,Julia Pereira,801.771.062-39,2000-08-08
3775,Valentina Ribeiro,026.944.735-04,1969-02-27
3776,Taina Oliveira,439.103.231-70,1997-06-03
3777,Henrique Martins,790.667.477-49,1962-03-07
3778,Camila Oliveira,104.083.843-01,1992-01-05
3779,Samuel Costa,601.877.795-97,1969-11-21
3780,Mariana Lima,225.393.922-61,1973-08-28
3781,Helena Ribeiro,777.277.457-58,1980-06-02
3782,Camila Costa,188.521.148-15,1977-09-21
3783,Henrique Santos,363.839.687-85,1998-08-17
3784,Nicolas Lima,204.759.835-48,1995-02-15
3785,Vinicius Lima,770.693.928-69,1980-07-14
3786,Rafaela Pereira,025.461.679-87,1976-01-01
3787,Gabriel Araujo,781.898.636-73,1957-01-13
3788,Patricia Rocha,594.592.118-10,1980-01-31
3789,Igor Costa,350.194.737-23,1993-09-23
3790,Tiago Martins,263.896.549-95,2005-10-29
3791,Marcos Araujo,917.822.008-43,1961-01-24
3792,Antonio Silva,142.866.906-01,1966-05-07
3793,Andre Souza,575.951.490-37,2000-09-10
3794,Felipe Araujo,108.004.587-29,1966-06-15
3795,Taina Costa,274.966.529-97,1976-09-06
3796,Paulo Rodrigues,051.719.725-16,1955-09-27
3797,Larissa Rodrigues,433.536.757-01,1993-06-05
3798,Marcos Araujo,342.658.750-50,1968-07-21
3799,Daniela Silva,497.914.077-70,1956-09-24
3800,Larissa Mendes,061.990.746-02,1985-04-06
3801,Gabriel Dias,747.217.124-72,1970-08-29
3802,Daniel Ferreira,683.032.536-62,2001-05-23
3803,Daniel Pereira,558.767.350-27,1992-07-29
3804,Samuel Souza,072.839.476-63,1974-01-17
3805,Gabriel Souza,261.499.363-84,1959-08-18
3806,Tiago Ferreira,275.644.390-50,2002-04-23
3807,Andre Souza,956.630.063-89,1984-12-29
3808,Isabela Oliveira,051.640.787-24,1954-12-23
3809,Valter Mendes,113.537.396-51,1982-09-26
3810,Julia Nascimento,295.986.777-70,1955-06-29
3811,Bruno Ribeiro,489.907.129-98,2004-04-16
3812,Eduardo Dias,915.482.700-08,1961-06-03
3813,Tiago Almeida,313.268.937-85,1973-06-28
3814,Gabriel Silva,213.688.415-89,1994-10-31
3815,Lucas Souza,291.842.519-21,1981-09-08
3816,Gabriel Souza,765.589.223-71,1983-01-26
3817,Daniel Pereira,858.706.302-23,1963-04-07
3818,Samuel Costa,933.528.789-00,1994-08-31
3819,Fernanda Ribeiro,359.647.268-79,1977-10-17
3820,Marcos Carvalho,645.507.283-96,1959-03-20
3821,Ana Oliveira,850.880.875-51,1986-03-02
3822,Valter Ribeiro,058.105.801-14,1950-02-19
3823,Samuel Cardoso,679.744.761-50,2002-10-11
3824,Natalia Araujo,886.636.465-77,1971-09-25
3825,Patricia Almeida,477.496.337-23,2001-10-12
3826,Isabela Pereira,628.191.502-09,1969-08-11
3827,Marcos Lima,387.345.052-61,1960-05-06
3828,Vinicius Lima,050.472.609-92,1992-11-25
3829,Tiago Martins,291.459.773-80,1986-10-03
3830,Eduardo Silva,985.919.817-90,1976-09-27
3831,Marcos Almeida,665.397.885-09,1997-01-03
3832,Igor Lima,895.571.319-34,1998-01-07
3833,Sofia Carvalho,496.163.952-46,1980-05-29
3834,Lucas Carvalho,777.437.212-13,1969-12-10
3835,Nicolas Carvalho,877.561.918-03,2000-06-28
3836,Paulo Nascimento,557.983.229-04,1953-08-19
3837,Antonio Santos,590.545.173-79,1984-01-27
3838,Andre Cardoso,540.591.934-96,1977-03-05
3839,Larissa Lima,627.123.933-17,1954-12-18
3840,Gabriel Gomes,335.359.759-05,1998-08-07
3841,Antonio Rocha,628.219.608-67,1993-12-20
3842,Samuel Nascimento,578.827.376-58,1972-03-17
3843,Camila Rocha,773.983.666-47,1952-06-11
3844,Tiago Nascimento,978.550.044-67,1982-08-21
3845,Beatriz Araujo,296.290.107-71,2004-12-02
3846,Patricia Costa,265.278.254-12,1984-08-12
3847,Rafaela Silva,594.156.711-14,1991-03-01
3848,Igor Gomes,398.724.581-62,2002-12-17
3849,Samuel Araujo,088.407.553-22,1999-05-26
3850,Ana Ribeiro,365.972.683-42,2005-07-21
3851,Daniel Santos,705.130.696-07,1990-03-26
3852,Larissa Souza,281.568.387-34,1952-07-09
3853,Larissa Nascimento,853.798.214-80,2001-06-14
3854,Julia Lima,137.173.063-67,2000-10-23
3855,Beatriz Mendes,583.068.483-73,1988-02-19
3856,Paulo Oliveira,672.386.656-89,1954-02-13
3857,Felipe Nascimento,755.957.354-14,1959-01-06
3858,Ana Gomes,772.504.025-01,1997-11-01
3859,William Mendes,810.855.872-74,1968-12-13
3860,Bruno Nascimento,845.720.802-08,1975-11-07
3861,Gabriela Silva,415.074.931-00,1986-06-07
3862,Eduardo Silva,816.115.566-60,1958-01-06
3863,Patricia Lima,047.500.045-53,1999-07-10
3864,Valter Santos,892.270.699-68,1953-05-01
3865,Eduardo Lima,949.356.580-70,1970-03-18
3866,Felipe Rodrigues,836.472.245-02,1979-03-06
3867,Nicolas Oliveira,708.335.142-29,1973-05-20
3868,Taina Dias,663.900.045-83,1968-12-29
3869,Thiago Cardoso,048.867.251-12,1977-01-21
3870,Ana Rocha,617.099.873-32,1956-08-05
3871,Marcos Silva,981.668.813-14,1951-08-07
3872,Patricia Cardoso,469.128.150-90,1959-01-28
3873,Eduardo Carvalho,546.625.731-14,1963-11-21
3874,Carlos Almeida,612.769.876-68,1965-06-14
3875,Julia Rocha,579.474.508-89,1955-05-18
3876,Tiago Mendes,971.733.157-00,1958-06-09
3877,Henrique Santos,426.144.716-90,1979-11-15
3878,Beatriz Carvalho,415.264.458-32,1962-11-14
3879,Vinicius Martins,945.419.137-39,2000-01-13
3880,Beatriz Carvalho,987.620.938-86,1967-04-04
3881,Igor Almeida,965.242.760-86,1993-08-03
3882,Valentina Oliveira,464.402.613-12,1981-08-10
3883,Mariana Lima,255.561.832-52,1988-08-07
3884,Isabela Souza,384.155.109-26,1981-07-17
3885,Taina Pereira,527.505.688-54,1955-07-17
3886,Nicolas Carvalho,820.727.126-45,1966-11-18
3887,Natalia Lima,029.378.132-08,1986-06-28
3888,Lucas Costa,733.262.776-01,1989-05-20
3889,Valentina Martins,958.819.468-71,1990-01-16
3890,Joao Lima,929.449.931-60,1968-01-21
3891,Gabriel Nascimento,572.668.490-71,1979-08-21
3892,Patricia Ferreira,678.320.316-62,1961-01-27
3893,Natalia Oliveira,779.053.403-33,1999-10-03
3894,Rafael Almeida,331.518.016-41,1986-02-20
3895,Taina Cardoso,023.628.019-85,1969-12-04
3896,Nicolas Mendes,953.115.439-22,1993-06-04
3897,Rafael Oliveira,573.415.910-72,1983-11-16
3898,Henrique Silva,862.365.046-87,1953-05-26
3899,Isabela Martins,224.789.225-68,1959-05-26
3900,Samuel Pereira,613.506.210-72,1997-06-29
3901,Valentina Santos,157.997.062-18,2005-03-09
3902,Paulo Souza,099.752.686-68,1987-07-16
3903,Daniel Santos,836.816.821-00,1976-02-06
3904,Beatriz Araujo,373.087.143-90,2001-11-27
3905,Antonio Rodrigues,909.200.562-29,1985-09-09
3906,Beatriz Nascimento,024.748.579-90,1996-12-16
3907,Rafael Mendes,921.327.381-90,1979-08-16
3908,Larissa Pereira,932.297.254-84,1953-05-03
3909,Gabriela Lima,938.475.431-56,1995-05-21
3910,Rafael Ferreira,459.478.007-56,2001-06-30
3911,Larissa Carvalho,636.698.375-58,1982-04-02
3912,Daniel Silva,458.387.500-22,1994-11-03
3913,Joao Santos,990.317.211-74,1970-05-15
3914,Daniel Rocha,804.333.156-10,2002-02-04
3915,Gabriel Carvalho,010.146.019-83,1967-12-08
3916,Natalia Gomes,206.226.093-86,1956-12-06
3917,Eduardo Carvalho,266.331.614-84,1954-09-16
3918,Samuel Pereira,310.171.719-12,2002-03-22
3919,Valentina Gomes,740.519.950-03,1999-09-17
3920,Daniela Dias,005.673.526-09,1970-04-06
3921,Daniel Dias,517.635.241-91,1971-07-08
3922,Antonio Pereira,286.710.665-68,1987-12-27
3923,Antonio Costa,492.357.774-61,1957-04-13
3924,Valter Rocha,057.175.322-10,1994-07-01
3925,William Dias,752.615.878-24,1997-01-07
3926,Vinicius Oliveira,683.171.511-74,1955-12-26
3927,Sofia Costa,412.484.546-42,1989-06-09
3928,Natalia Souza,371.741.906-42,1986-02-03
3929,Vinicius Gomes,450.857.034-80,1950-09-01
3930,Gabriela Souza,761.706.130-76,1960-03-03
3931,Fernanda Pereira,738.318.172-78,1952-08-28
3932,Rafaela Gomes,796.564.001-51,2001-02-11
3933,Daniela Gomes,426.078.241-09,1961-01-12
3934,Gabriel Carvalho,342.411.475-85,1976-03-01
3935,Felipe Martins,248.223.064-02,1961-05-01
3936,Daniela Souza,684.603.895-70,1958-10-10
3937,Bruno Dias,234.665.217-26,1975-09-19
3938,Henrique Carvalho,533.164.950-53,1988-08-04
3939,Beatriz Gomes,411.371.346-40,1971-09-21
3940,Fernanda Silva,789.078.695-61,1990-08-18
3941,Eduardo Santos,188.304.154-64,1975-06-08
3942,Marcos Lima,733.435.973-92,1988-10-04
3943,Vinicius Nascimento,016.852.531-30,1993-05-24
3944,Andre Santos,409.370.118-00,1979-05-19
3945,William Ferreira,897.409.529-76,1951-11-28
3946,Andre Ribeiro,095.792.818-15,1973-12-11
3947,Igor Pereira,668.063.992-15,1975-11-03
3948,Daniela Martins,119.540.627-45,1996-01-03
3949,William Silva,880.683.112-70,1960-07-25
3950,Joao Rocha,592.822.331-54,1966-08-19
3951,Bruno Ferreira,772.503.856-66,1961-01-22
3952,Henrique Costa,714.134.277-07,1966-12-03
3953,Isabela Rodrigues,573.742.142-27,1951-01-24
3954,Vinicius Carvalho,207.937.415-05,1995-08-05
3955,Joao Souza,994.250.592-09,1979-08-10
3956,Patricia Silva,955.877.993-87,1985-06-21
3957,Valentina Costa,737.957.238-50,1958-12-06
3958,Henrique Souza,292.135.111-08,1971-06-23
3959,Natalia Santos,107.535.024-70,1986-05-03
3960,Tiago Carvalho,841.232.223-15,1965-04-06
3961,Beatriz Cardoso,738.570.943-54,2002-06-18
3962,Fernanda Almeida,708.587.837-11,2005-06-10
3963,Julia Oliveira,316.822.608-44,1950-08-02
3964,William Dias,371.519.317-43,1998-10-03
3965,Valter Carvalho,988.380.374-50,1989-04-07
3966,Patricia Cardoso,113.370.494-84,1985-07-01
3967,Julia Lima,554.077.005-65,1970-11-15
3968,Carlos Gomes,882.348.118-00,1952-06-17
3969,Samuel Costa,938.502.847-27,1993-03-05
3970,Thiago Cardoso,258.753.715-01,1988-03-26
3971,Valentina Oliveira,533.070.666-17,1994-04-08
3972,Camila Ferreira,331.191.611-52,2002-12-16
3973,Bruno Gomes,309.373.134-83,1955-02-14
3974,Patricia Nascimento,791.703.793-27,1952-06-19
3975,Gabriel Oliveira,892.004.582-89,1954-01-17
3976,Lucas Pereira,162.474.246-71,2000-02-21
3977,Taina Nascimento,325.506.529-16,2004-05-11
3978,Antonio Gomes,367.912.072-99,1953-01-25
3979,William Ribeiro,789.035.508-46,1958-11-09
3980,Tiago Dias,684.456.578-01,1957-02-16
3981,Igor Carvalho,420.540.515-43,1979-03-26
3982,Gabriel Nascimento,409.201.675-19,2003-12-16
3983,Vinicius Almeida,001.341.405-40,1998-05-05
3984,Camila Ferreira,709.144.654-22,1996-07-29
3985,Sofia Silva,000.400.464-78,1982-03-10
3986,Sofia Dias,768.348.752-04,1982-05-31
3987,Gabriel Silva,489.924.662-50,1978-05-17
3988,Igor Martins,013.807.951-09,1958-01-01
3989,Nicolas Oliveira,216.525.081-12,1983-01-11
3990,Tiago Gomes,904.315.071-12,1994-08-12
3991,Sofia Souza,647.763.103-25,1964-01-09
3992,Rafaela Oliveira,976.702.546-45,1958-12-10
3993,Gabriel Mendes,444.696.458-50,2004-06-14
3994,Larissa Carvalho,418.328.113-01,1989-10-29
3995,Helena Carvalho,479.297.591-30,1973-11-17
3996,Valter Mendes,940.094.658-91,1972-11-19
3997,Felipe Almeida,924.887.807-58,1971-11-19
3998,Lucas Ferreira,764.973.780-22,1978-11-09
3999,Rafaela Carvalho,251.918.716-69,1961-05-17
4000,Rafael Rocha,747.676.660-15,2004-10-12
4001,Eduarda Rocha,193.526.425-70,2001-10-02
4002,William Rodrigues,176.970.856-15,1990-02-23
4003,Andre Rocha,105.639.670-99,1977-03-09
4004,Taina Araujo,771.405.770-05,1962-02-03
4005,Daniel Silva,155.449.409-59,2005-11-22
4006,Rafael Gomes,752.563.744-00,1999-04-22
4007,Taina Ribeiro,557.663.354-74,1966-06-26
4008,Ana Gomes,095.307.277-04,1961-09-24
4009,Paulo Pereira,769.588.708-08,2002-02-17
4010,Taina Costa,660.366.980-38,1966-10-24
4011,Joao Martins,448.294.350-97,1955-01-30
4012,Lucas Dias,616.537.778-50,1972-12-21
4013,Helena Carvalho,716.491.916-00,1967-04-27
4014,Henrique Rocha,507.259.250-27,1958-11-22
4015,Eduardo Dias,156.978.079-02,1995-09-21
4016,Isabela Rodrigues,070.081.334-99,2001-12-28
4017,Antonio Pereira,374.326.924-40,2005-12-09
4018,Valentina Oliveira,801.695.991-16,1960-08-02
4019,Larissa Rocha,464.031.182-69,1999-08-22
4020,Joao Dias,146.595.112-19,1952-06-19
4021,Mariana Almeida,905.966.694-10,1963-11-01
4022,Natalia Rocha,438.375.428-74,1994-12-09
4023,Valter Ferreira,377.348.503-40,1950-11-15
4024,Larissa Araujo,721.793.162-24,1982-02-04
4025,Beatriz Gomes,532.679.924-35,1977-05-20
4026,Nicolas Almeida,726.877.938-09,1997-03-27
4027,Tiago Carvalho,912.867.287-97,1993-01-27
4028,Sofia Nascimento,869.104.076-95,1964-11-02
4029,Vinicius Ferreira,965.241.573-11,1956-08-31
4030,Nicolas Santos,204.041.071-68,2000-11-06
4031,Daniela Pereira,943.370.265-41,1989-04-11
4032,Paulo Oliveira,496.355.019-94,1968-10-18
4033,Daniel Rodrigues,110.158.456-49,1989-09-26
4034,Patricia Souza,370.017.493-46,1958-04-12
4035,Igor Ribeiro,607.302.173-96,1990-08-27
4036,Natalia Almeida,970.101.492-83,1987-02-13
4037,Julia Souza,892.240.061-75,1968-09-22
4038,Paulo Ferreira,549.660.251-33,1974-04-20
4039,Rafaela Gomes,804.711.800-50,1977-03-03
4040,Bruno Santos,153.119.596-22,1955-03-20
4041,Isabela Nascimento,693.477.966-54,1954-06-17
4042,Andre Carvalho,856.257.504-67,1965-03-05
4043,Larissa Lima,640.694.861-00,1994-02-21
4044,Bruno Carvalho,182.771.148-50,2000-01-26
4045,Fernanda Ferreira,058.019.755-78,1993-12-20
4046,Beatriz Cardoso,267.865.044-85,1975-12-28
4047,Eduarda Lima,429.426.708-94,1998-05-04
4048,Camila Ribeiro,015.137.862-29,1986-11-06
4049,Nicolas Carvalho,970.424.169-02,1995-04-19
4050,Gabriela Lima,207.681.700-01,1988-07-03
4051,Rafael Souza,436.597.239-16,1991-12-11
4052,Felipe Martins,105.417.150-54,1952-08-17
4053,Marcos Martins,017.518.007-50,1992-06-16
4054,Samuel Carvalho,284.557.618-81,1988-05-22
4055,Lucas Nascimento,066.721.922-63,1999-08-20
4056,Patricia Lima,914.309.215-28,1964-03-19
4057,Igor Costa,597.833.674-12,1954-11-18
4058,Paulo Rocha,120.599.447-59,1985-01-31
4059,Thiago Cardoso,801.225.620-70,1997-09-27
4060,Natalia Martins,108.802.570-67,1956-04-08
4061,Felipe Costa,063.703.559-33,1981-07-22
4062,William Oliveira,516.761.662-03,2001-05-14
4063,Felipe Ribeiro,863.602.536-23,1996-01-24
4064,Marcos Rodrigues,209.225.450-22,1999-04-22
4065,Antonio Ferreira,940.978.738-65,1994-09-06
4066,Fernanda Cardoso,341.000.665-62,1998-06-09
4067,Valentina Mendes,439.300.460-40,1970-03-14
4068,Andre Martins,089.706.493-36,1992-03-12
4069,Daniel Dias,044.790.583-03,1955-03-06
4070,Sofia Nascimento,027.890.276-68,1973-08-02
4071,Daniel Oliveira,300.501.985-30,1994-01-17
4072,Bruno Lima,738.808.427-44,1977-08-01
4073,Antonio Ferreira,282.850.725-41,1978-03-28
4074,Patricia Costa,052.851.550-02,1960-07-03
4075,Mariana Gomes,247.117.887-19,1980-12-31
4076,Ana Ribeiro,139.184.180-81,1982-03-13
4077,Eduarda Lima,120.074.045-91,1956-01-29
4078,Bruno Martins,993.327.692-14,1984-05-01
4079,Samuel Rocha,947.387.930-04,2000-11-24
4080,Isabela Ribeiro,239.060.563-09,1986-11-30
4081,Beatriz Araujo,124.137.394-91,2005-03-26
4082,Eduarda Pereira,581.936.694-87,1967-01-07
4083,Henrique Lima,365.314.594-50,1983-06-13
4084,Gabriel Cardoso,150.895.146-23,1970-11-17
4085,Fernanda Cardoso,798.976.330-30,1961-07-20
4086,Mariana Silva,423.338.831-54,2001-02-19
4087,Eduardo Silva,250.927.040-04,1952-03-05
4088,Valter Almeida,866.684.707-77,1963-09-17
4089,Eduardo Santos,275.789.663-67,1987-01-30
4090,Nicolas Silva,537.380.882-29,1968-01-21
4091,Mariana Santos,970.199.824-33,1991-08-22
4092,Marcos Santos,751.862.109-60,1995-06-27
4093,Gabriel Rodrigues,678.281.689-00,1984-09-27
4094,Ana Silva,668.812.790-35,1977-12-14
4095,Julia Ribeiro,284.658.068-53,1956-09-26
4096,Igor Dias,224.199.797-88,1950-10-02
4097,Natalia Oliveira,080.834.809-40,1998-12-28
4098,Carlos Carvalho,487.890.483-69,1967-04-06
4099,Sofia Martins,586.726.021-61,1969-06-05
4100,Daniela Mendes,066.640.599-91,1992-10-02
4101,Valter Almeida,087.803.782-93,1980-01-02
4102,Rafaela Araujo,126.887.041-25,1979-12-07
4103,Andre Nascimento,813.731.421-03,1992-11-19
4104,Bruno Ferreira,247.994.433-64,1959-12-24
4105,Marcos Cardoso,273.059.766-28,1962-02-06
4106,Beatriz Mendes,407.846.401-73,1979-10-16
4107,Igor Araujo,466.219.978-68,1978-05-28
4108,Henrique Gomes,255.424.586-02,1986-01-21
4109,Joao Costa,929.907.226-45,1992-05-12
4110,William Carvalho,060.154.138-32,1964-09-06
4111,Igor Almeida,868.833.923-60,1998-02-14
4112,Vinicius Mendes,622.546.862-59,2000-07-05
4113,Gabriel Martins,103.565.748-14,1954-08-25
4114,Samuel Lima,371.492.627-59,1970-10-19
4115,Daniel Silva,600.126.646-85,1953-04-06
4116,Thiago Martins,149.091.009-38,1959-07-18
4117,Henrique Ferreira,595.454.300-36,1958-08-15
4118,Lucas Mendes,462.742.052-84,1961-09-17
4119,Bruno Cardoso,987.307.321-31,1986-12-07
4120,Felipe Ribeiro,691.070.861-05,1960-07-31
4121,Marcos Souza,340.250.064-72,1965-10-20
4122,Isabela Araujo,643.494.652-00,1988-09-02
4123,Carlos Santos,534.774.116-33,1951-05-03
4124,Julia Mendes,595.388.755-83,2003-10-14
4125,Samuel Nascimento,592.041.552-56,1997-06-30
4126,Julia Almeida,016.430.329-41,1994-05-30
4127,Joao Carvalho,443.329.457-86,1997-02-16
4128,Henrique Nascimento,404.772.464-51,2005-08-27
4129,Lucas Pereira,834.190.671-60,1951-12-15
4130,Beatriz Dias,978.442.982-94,2001-12-09
4131,Tiago Almeida,164.212.826-01,1981-11-22
4132,Nicolas Ribeiro,970.248.910-50,1980-09-19
4133,Daniel Nascimento,999.158.434-02,1981-06-20
4134,Eduardo Ribeiro,123.434.407-60,1952-05-29
4135,Nicolas Silva,631.395.943-48,1978-12-13
4136,Igor Cardoso,459.073.128-23,1964-09-02
4137,Daniela Oliveira,126.421.815-02,1972-12-20
4138,Sofia Nascimento,889.377.070-98,1983-03-10
4139,Antonio Araujo,095.062.632-56,1989-10-24
4140,Felipe Costa,432.657.207-80,2004-05-26
4141,Paulo Santos,470.789.379-10,1996-05-23
4142,Marcos Nascimento,523.999.636-95,2000-10-02
4143,Fernanda Mendes,454.419.838-09,1982-07-04
4144,Igor Rocha,282.629.016-90,1981-07-28
4145,Fernanda Gomes,995.274.787-07,1958-11-14
4146,Daniel Gomes,333.179.313-29,1976-10-20
4147,Marcos Gomes,619.617.650-12,1962-10-14
4148,Gabriela Silva,002.786.499-55,1982-01-03
4149,Paulo Araujo,005.125.380-18,1987-11-04
4150,Mariana Oliveira,905.376.932-38,1999-11-28
4151,Joao Rocha,274.622.689-81,1992-09-05
4152,Andre Rodrigues,115.243.872-74,1952-05-11
4153,Igor Gomes,793.144.494-91,1960-04-27
4154,Thiago Rocha,645.962.438-08,1974-12-08
4155,Ana Rocha,277.157.368-72,1979-09-25
4156,Ana Araujo,051.825.110-19,1967-03-07
4157,Eduarda Cardoso,672.075.914-03,1974-12-04
4158,Daniel Martins,619.667.601-67,1979-11-13
4159,Camila Carvalho,340.102.655-07,1990-09-11
4160,Eduardo Lima,756.657.329-23,1992-10-04
4161,Lucas Lima,105.068.590-37,1963-08-18
4162,Rafaela Almeida,094.621.470-00,1987-07-08
4163,Fernanda Ferreira,537.305.342-20,1998-09-24
4164,Vinicius Silva,781.629.309-73,1983-11-24
4165,Gabriela Ribeiro,071.066.169-07,1954-11-24
4166,Patricia Martins,705.904.117-64,2001-07-04
4167,Lucas Araujo,963.199.467-84,1952-11-23
4168,Tiago Dias,608.749.612-20,1963-06-03
4169,Vinicius Mendes,308.788.477-40,2000-07-11
4170,Rafael Mendes,824.375.968-95,1985-02-21
4171,Rafael Martins,274.823.009-45,1989-07-01
4172,Daniela Gomes,475.950.133-99,1984-07-05
4173,Igor Pereira,115.678.140-00,1998-01-22
4174,Julia Cardoso,246.491.371-52,1987-09-11
4175,Andre Santos,942.315.963-01,1992-02-04
4176,Rafael Souza,319.151.813-48,1984-03-14
4177,Thiago Silva,047.904.644-15,2003-09-09
4178,Sofia Santos,581.519.394-19,1963-12-21
4179,Marcos Cardoso,911.926.890-46,1951-11-23
4180,William Mendes,606.814.416-07,1988-04-11
4181,Eduardo Oliveira,177.294.206-51,1992-01-22
4182,Camila Cardoso,058.582.404-53,2005-11-24
4183,Lucas Nascimento,957.240.030-40,1967-09-13
4184,Eduarda Ribeiro,186.175.989-48,1989-01-16
4185,Larissa Pereira,494.764.194-07,2002-11-30
4186,Carlos Mendes,325.199.010-12,1962-03-24
4187,Felipe Almeida,349.227.770-59,1997-09-07
4188,Andre Rocha,426.823.955-38,1973-09-05
4189,Mariana Carvalho,482.138.011-05,1978-02-10
4190,Bruno Nascimento,694.151.398-54,1982-07-10
4191,Daniel Almeida,237.508.397-00,1971-09-24
4192,Gabriela Araujo,525.232.434-40,1962-12-27
4193,Fernanda Rodrigues,957.965.628-27,1950-08-01
4194,Marcos Rodrigues,350.064.558-53,1953-12-22
4195,Valter Mendes,294.078.286-54,1966-10-17
4196,Daniel Ribeiro,872.937.062-00,1982-05-28
4197,Nicolas Araujo,360.805.582-70,1962-03-11
4198,Gabriel Pereira,316.750.115-40,1967-10-05
4199,Helena Araujo,034.147.756-70,1998-11-17
4200,Nicolas Martins,371.379.987-39,1950-09-16
4201,Paulo Silva,538.289.812-08,1963-06-18
4202,Patricia Dias,657.537.644-44,1979-10-20
4203,Gabriela Costa,562.220.834-39,1986-08-04
4204,Sofia Carvalho,299.613.807-46,1956-09-29
4205,Samuel Ferreira,069.939.945-93,1956-08-29
4206,Beatriz Ferreira,838.292.162-03,2002-03-27
4207,Paulo Ferreira,042.785.710-46,1972-01-09
4208,Gabriel Rodrigues,056.956.250-33,2002-02-24
4209,Eduardo Dias,412.352.888-03,2005-02-15
4210,Thiago Silva,888.608.110-31,1991-04-22
4211,Fernanda Lima,923.603.680-52,1995-07-16
4212,Bruno Cardoso,844.437.213-71,1965-08-04
4213,Henrique Nascimento,763.831.918-45,1954-12-02
4214,Valter Almeida,843.097.975-12,1983-09-19
4215,Nicolas Carvalho,218.180.187-80,1975-01-21
4216,Joao Costa,913.112.659-61,1989-07-17
4217,Valter Ferreira,030.231.217-02,1997-05-09
4218,Gabriela Araujo,042.327.588-79,1999-06-21
4219,Eduarda Souza,859.206.304-34,1960-06-09
4220,Eduardo Ribeiro,272.618.910-53,2001-07-26
4221,Carlos Almeida,100.179.251-34,1970-03-26
4222,Felipe Costa,238.013.702-16,1952-09-06
4223,Tiago Cardoso,194.014.696-87,1957-05-22
4224,Rafaela Ferreira,077.272.045-28,1954-05-11
4225,Tiago Cardoso,063.533.350-32,1960-01-20
4226,Felipe Costa,625.104.946-43,1960-09-21
4227,Marcos Almeida,051.513.320-58,2003-01-31
4228,Felipe Araujo,309.240.741-59,1968-01-30
4229,Bruno Rocha,665.339.036-59,1970-03-19
4230,Paulo Ribeiro,743.391.958-98,1951-09-29
4231,Ana Silva,841.626.750-23,1958-04-20
4232,Valter Martins,831.465.003-02,2001-10-25
4233,Sofia Ribeiro,584.642.018-42,1959-06-21
4234,Vinicius Silva,232.016.519-31,1996-11-09
4235,Samuel Dias,060.917.507-63,1980-10-27
4236,Gabriela Rocha,267.750.461-89,1985-02-13
4237,Julia Pereira,843.965.688-27,1994-10-09
4238,Julia Silva,204.871.036-02,1980-06-12
4239,Patricia Lima,764.144.271-44,2002-03-21
4240,Igor Lima,531.459.550-80,2000-03-26
4241,Camila Santos,290.695.473-09,1978-04-10
4242,Henrique Carvalho,272.943.610-37,2004-09-29
4243,Antonio Rocha,824.508.146-98,1976-08-28
4244,Igor Santos,236.074.170-59,1988-05-22
4245,Ana Costa,252.553.134-59,1958-05-16
4246,Igor Martins,228.095.417-60,1983-03-12
4247,Taina Santos,163.790.584-00,1999-09-29
4248,Julia Cardoso,173.933.969-04,1959-04-09
4249,Antonio Cardoso,296.561.206-80,1975-07-24
4250,Eduardo Carvalho,676.478.562-78,1979-09-08
4251,Camila Cardoso,450.143.999-83,1963-12-05
4252,Carlos Araujo,099.286.102-07,1996-09-27
4253,Carlos Gomes,143.825.520-95,1972-01-30
4254,Larissa Cardoso,659.181.980-08,1981-04-20
4255,Larissa Mendes,390.530.673-53,1951-05-06
4256,Rafael Almeida,038.840.167-25,1991-08-15
4257,Felipe Rocha,219.105.071-99,2001-11-29
4258,Joao Santos,957.445.406-10,2003-01-12
4259,Gabriela Lima,387.673.843-15,1960-06-12
4260,Andre Ribeiro,676.959.792-60,2000-07-11
4261,Eduardo Costa,632.732.437-16,1953-11-06
4262,Mariana Dias,190.566.514-80,1955-08-23
4263,Patricia Lima,307.683.298-09,1989-10-30
4264,Eduardo Cardoso,160.519.170-12,1964-05-14
4265,Taina Costa,363.743.738-47,1954-01-23
4266,Daniela Rodrigues,184.341.357-44,1960-09-14
4267,Henrique Cardoso,261.114.762-03,1952-04-04
4268,Igor Rodrigues,478.735.414-01,1979-01-13
4269,Carlos Martins,473.116.885-66,2003-02-25
4270,Larissa Ferreira,637.008.894-37,1970-01-22
4271,Samuel Rodrigues,014.857.816-04,1983-07-06
4272,Henrique Silva,880.418.902-96,1975-03-28
4273,Valentina Ferreira,288.261.734-86,1983-11-15
4274,Beatriz Cardoso,736.314.931-34,1996-04-26
4275,Eduarda Rodrigues,722.938.045-69,1950-08-10
4276,Patricia Silva,834.911.647-10,1987-01-01
4277,Sofia Rocha,273.868.133-68,1992-08-14
4278,Helena Costa,781.815.539-26,1966-08-20
4279,Daniel Mendes,830.213.671-94,1986-08-12
4280,Camila Almeida,384.178.760-65,1963-11-12
4281,Nicolas Nascimento,490.726.488-70,1956-05-14
4282,Ana Gomes,039.167.812-43,1997-08-24
4283,Nicolas Almeida,793.985.930-76,1999-11-24
4284,Isabela Costa,781.469.539-21,1978-05-31
4285,Rafaela Martins,982.320.724-07,1995-11-27
4286,Gabriel Oliveira,156.230.678-24,1952-08-20
4287,Daniela Rocha,467.014.128-74,1950-01-29
4288,Sofia Lima,712.083.624-29,1999-03-18
4289,Igor Lima,856.237.886-02,1956-04-20
4290,Lucas Almeida,277.606.395-46,1955-12-12
4291,Rafaela Martins,899.065.741-51,1987-01-16
4292,Thiago Cardoso,436.633.756-84,1957-09-06
4293,Nicolas Carvalho,535.777.785-39,2000-06-30
4294,Helena Dias,458.361.883-27,1989-06-16
4295,Valentina Lima,892.396.042-00,1974-02-07
4296,Taina Gomes,025.670.217-95,1996-05-21
4297,Larissa Dias,598.816.103-03,1989-04-23
4298,Gabriel Rodrigues,294.038.043-00,1994-01-14
4299,Sofia Souza,269.808.655-60,1960-10-11
4300,Ana Mendes,619.970.783-41,1968-07-15
4301,Eduarda Almeida,294.027.594-76,1966-04-18
4302,Carlos Santos,165.755.574-73,1996-10-12
4303,Eduardo Rodrigues,281.070.560-78,1980-04-08
4304,Andre Nascimento,384.109.600-01,1988-09-20
4305,Eduardo Oliveira,615.317.660-72,1964-10-05
4306,Valentina Lima,569.791.814-32,1969-02-07
4307,Patricia Ferreira,975.755.460-06,1984-06-30
4308,Samuel Rodrigues,426.053.388-60,1964-02-14
4309,Valter Dias,969.660.818-76,1991-10-31
4310,Andre Mendes,804.140.363-87,1977-06-08
4311,Paulo Araujo,451.261.937-24,2004-12-12
4312,Camila Costa,293.094.431-54,1964-08-26
4313,Eduarda Rodrigues,455.799.900-06,1992-08-27
4314,Larissa Gomes,668.723.063-86,1987-08-07
4315,Carlos Araujo,837.151.041-12,1971-03-09
4316,Felipe Nascimento,776.795.932-56,1961-11-24
4317,Taina Dias,673.719.675-69,1979-06-20
4318,Igor Rocha,120.945.402-51,1998-04-11
4319,William Carvalho,438.826.976-01,2001-04-07
4320,Taina Oliveira,366.748.868-82,2004-03-20
4321,Thiago Ferreira,908.786.391-87,1976-08-24
4322,Gabriela Cardoso,359.094.904-00,1976-02-10
4323,Sofia Araujo,427.072.544-36,1980-10-28
4324,Isabela Nascimento,861.095.472-20,1999-04-23
4325,Lucas Carvalho,075.193.914-50,1984-04-03
4326,Ana Almeida,782.803.568-35,2003-09-06
4327,Vinicius Oliveira,085.877.707-05,1982-02-20
4328,Antonio Oliveira,399.392.567-01,2004-11-25
4329,Lucas Lima,631.771.862-86,1986-06-15
4330,Gabriel Araujo,861.633.863-29,1997-12-02
4331,Gabriela Almeida,032.624.986-96,1977-03-13
4332,Antonio Dias,466.549.770-25,1978-01-23
4333,Patricia Ferreira,443.495.412-17,1959-10-10
4334,Joao Ferreira,208.012.893-00,1972-11-05
4335,Nicolas Costa,800.920.536-29,1978-10-30
4336,Antonio Lima,568.696.900-06,1957-02-22
4337,Vinicius Costa,331.524.041-82,1978-02-07
4338,Joao Gomes,842.768.612-92,1993-02-04
4339,Igor Rocha,333.356.942-60,1951-10-15
4340,Eduarda Cardoso,445.766.162-77,2001-08-11
4341,Daniel Santos,641.031.841-32,1993-09-04
4342,Rafaela Costa,652.346.554-31,1988-07-13
4343,Daniela Pereira,038.467.264-78,1977-02-27
4344,Camila Souza,989.289.143-02,1979-12-17
4345,Natalia Gomes,425.628.607-13,1995-11-11
4346,Eduarda Almeida,847.513.407-60,1974-07-06
4347,William Souza,850.582.405-99,1978-04-14
4348,Taina Martins,512.069.061-03,1958-08-03
4349,William Ribeiro,973.725.303-50,1960-08-29
4350,Andre Cardoso,464.394.428-56,1951-06-23
4351,Andre Carvalho,009.231.950-50,1992-05-12
4352,Samuel Nascimento,305.390.034-33,1968-10-07
4353,Larissa Dias,262.055.556-62,1963-04-01
4354,Nicolas Lima,975.657.833-58,2003-04-26
4355,Rafaela Dias,943.109.518-13,1995-04-09
4356,Nicolas Ribeiro,787.828.095-93,1993-04-08
4357,Larissa Mendes,397.830.189-06,2000-06-17
4358,Henrique Ribeiro,984.607.456-51,1964-02-13
4359,Andre Ferreira,703.271.887-66,1981-12-31
4360,Paulo Araujo,509.802.075-17,1961-05-20
4361,Beatriz Carvalho,690.743.906-92,1973-04-19
4362,Rafael Carvalho,773.920.244-42,1974-02-15
4363,Ana Nascimento,319.718.901-97,1956-01-24
4364,Larissa Santos,367.291.694-35,1961-03-30
4365,Henrique Souza,666.471.079-08,1969-09-22
4366,Carlos Costa,756.520.831-07,1967-04-18
4367,Ana Silva,161.832.152-87,2001-01-09
4368,Beatriz Santos,741.664.308-23,1983-11-23
4369,Antonio Lima,283.167.232-55,1976-12-23
4370,Eduardo Carvalho,471.060.606-40,1990-10-01
4371,Rafaela Nascimento,788.921.418-99,1960-07-29
4372,Beatriz Santos,729.084.798-93,1954-03-04
4373,Fernanda Oliveira,705.647.658-99,1983-03-25
4374,Joao Ribeiro,790.336.759-51,1975-01-28
4375,Marcos Dias,109.999.378-47,1975-05-02
4376,Rafael Ferreira,523.080.453-02,1967-05-15
4377,Sofia Rodrigues,049.820.700-59,1952-02-08
4378,Isabela Ferreira,755.475.396-78,1976-01-27
4379,Eduarda Martins,382.511.723-57,1954-09-23
4380,Mariana Ribeiro,821.726.330-20,1998-10-24
4381,Camila Carvalho,808.861.125-32,1995-01-18
4382,Antonio Lima,430.657.721-08,1958-12-19
4383,Helena Araujo,168.109.817-21,1987-04-14
4384,Henrique Almeida,521.526.737-51,1960-04-11
4385,Daniela Silva,706.868.646-03,1977-07-22
4386,Fernanda Lima,735.946.895-73,1967-03-05
4387,Joao Lima,252.577.689-50,2001-02-08
4388,Marcos Nascimento,395.166.032-54,1972-05-09
4389,Lucas Silva,140.950.715-75,1958-10-04
4390,William Dias,632.304.772-19,1980-03-19
4391,Thiago Martins,115.953.384-97,1958-03-22
4392,Felipe Pereira,906.288.156-46,1985-09-02
4393,Camila Rodrigues,098.051.834-24,1967-12-12
4394,Taina Rocha,363.568.087-72,1989-09-26
4395,William Almeida,472.441.676-95,1962-12-10
4396,Fernanda Cardoso,743.096.474-56,1961-09-15
4397,Vinicius Rodrigues,268.348.709-62,1965-06-15
4398,Thiago Gomes,162.890.845-93,1973-10-04
4399,Paulo Pereira,627.733.125-62,1996-10-05
4400,Fernanda Pereira,876.634.041-14,2005-11-18
4401,Igor Carvalho,476.522.469-46,1985-12-26
4402,Paulo Gomes,169.217.517-32,1959-05-12
4403,Rafaela Ribeiro,284.547.050-90,1952-01-24
4404,Carlos Araujo,458.076.648-25,1991-03-28
4405,Paulo Lima,138.312.760-30,1994-06-12
4406,Rafael Almeida,359.482.245-11,1961-05-17
4407,Valentina Cardoso,816.035.341-30,1993-09-16
4408,Henrique Ribeiro,461.411.910-70,1958-12-15
4409,Valentina Araujo,391.298.358-52,1972-06-19
4410,Valentina Cardoso,012.771.277-19,1959-06-07
4411,Andre Ferreira,853.909.174-72,1974-05-08
4412,Marcos Rocha,408.030.892-28,1964-12-11
4413,Tiago Santos,641.996.584-59,1952-12-15
4414,Isabela Rocha,376.452.658-09,1990-08-11
4415,Helena Mendes,023.865.626-89,1953-12-04
4416,Ana Cardoso,059.801.888-35,1951-03-19
4417,Ana Almeida,005.378.286-05,1996-12-31
4418,Lucas Costa,203.071.081-47,1988-01-18
4419,Tiago Costa,239.766.215-95,1974-02-22
4420,Daniela Ribeiro,198.070.272-17,2005-08-04
4421,Julia Dias,428.635.834-84,2002-05-16
4422,Julia Ferreira,389.874.955-07,2004-08-20
4423,Eduarda Santos,923.355.885-16,1990-11-14
4424,Isabela Mendes,346.389.161-12,2003-10-26
4425,Antonio Ribeiro,587.530.296-82,1957-09-28
4426,Taina Rocha,909.416.795-60,1964-01-26
4427,Beatriz Costa,798.914.548-00,1957-04-04
4428,Daniela Cardoso,917.284.584-80,1998-02-02
4429,Lucas Carvalho,940.092.628-69,1996-05-12
4430,Felipe Ribeiro,807.200.805-68,1990-12-26
4431,Antonio Souza,974.357.529-40,1961-07-24
4432,Bruno Ribeiro,568.084.690-08,1950-02-17
4433,Fernanda Gomes,812.362.424-75,2005-09-07
4434,Valentina Nascimento,002.519.067-95,1962-06-21
4435,Valter Carvalho,609.577.248-61,1992-12-28
4436,Marcos Lima,763.083.572-86,1998-02-21
4437,Vinicius Silva,910.063.474-37,1957-03-22
4438,Nicolas Silva,420.223.059-06,1992-10-08
4439,Carlos Araujo,336.828.765-61,1990-04-24
4440,Daniel Ribeiro,525.868.568-30,1982-04-22
4441,Antonio Martins,648.782.648-02,1992-06-07
4442,Gabriela Almeida,000.255.464-06,1980-07-21
4443,Rafaela Almeida,479.852.948-64,1975-09-03
4444,Valentina Araujo,041.450.563-88,1967-07-27
4445,Lucas Santos,695.118.196-90,1960-10-27
4446,Mariana Cardoso,759.559.422-70,2001-07-29
4447,Paulo Oliveira,332.419.977-82,1957-10-25
4448,Eduarda Mendes,016.774.360-00,1973-09-08
4449,Rafael Dias,098.592.714-37,1970-01-14
4450,Gabriel Rocha,474.934.768-02,1997-11-02
4451,Thiago Rodrigues,861.618.776-60,1977-07-21
4452,Andre Mendes,084.319.652-15,1956-01-16
4453,Igor Rocha,005.312.605-00,1978-07-31
4454,Marcos Lima,028.459.587-06,1987-12-28
4455,Tiago Gomes,591.268.130-09,1994-07-01
4456,Paulo Almeida,731.835.941-02,1965-05-06
4457,Rafaela Carvalho,592.325.802-17,1975-12-05
4458,Carlos Gomes,711.627.435-90,1959-03-19
4459,Valentina Dias,286.327.023-00,1958-12-09
4460,Joao Carvalho,028.106.076-21,1970-11-07
4461,Valentina Carvalho,334.602.633-77,1982-11-23
4462,Felipe Carvalho,162.987.025-04,1963-07-11
4463,Fernanda Ribeiro,143.517.236-10,1995-07-08
4464,Daniel Santos,448.526.023-28,1979-12-13
4465,Valentina Nascimento,224.055.306-51,1956-11-23
4466,Gabriela Almeida,900.458.927-92,1982-08-21
4467,Julia Rodrigues,408.705.683-02,1969-08-23
4468,Bruno Ribeiro,563.859.818-94,1963-10-21
4469,Samuel Carvalho,399.748.698-03,1953-10-19
4470,Beatriz Ribeiro,573.380.792-00,1986-06-06
4471,Eduardo Silva,940.447.501-73,1990-10-26
4472,Andre Silva,566.558.990-01,1985-09-06
4473,Andre Cardoso,697.223.242-25,1953-10-12
4474,Sofia Almeida,006.319.106-70,2000-07-28
4475,Lucas Oliveira,363.591.142-91,1954-06-08
4476,Isabela Cardoso,612.232.861-85,1974-03-09
4477,Ana Pereira,454.224.922-00,1975-10-09
4478,Rafaela Silva,232.000.132-81,1990-02-26
4479,Paulo Dias,282.435.097-04,2000-11-19
4480,Fernanda Almeida,532.956.176-00,1966-06-28
4481,Thiago Carvalho,846.764.089-86,1990-10-04
4482,Joao Rocha,536.140.830-12,1991-09-18
4483,Beatriz Dias,063.360.273-68,1960-12-11
4484,Bruno Martins,726.173.629-57,1963-01-23
4485,Valentina Gomes,989.777.382-70,1976-12-24
4486,Mariana Mendes,214.629.222-95,1964-05-30
4487,Paulo Almeida,381.385.223-72,1980-04-23
4488,Vinicius Silva,627.094.014-10,1976-11-07
4489,Daniela Costa,452.292.456-97,1989-09-21
4490,Antonio Mendes,939.350.462-86,2005-01-18
4491,Mariana Rodrigues,741.535.833-32,1996-11-09
4492,Igor Mendes,959.190.530-03,2001-12-21
4493,Taina Gomes,875.950.825-60,1992-10-17
4494,Helena Almeida,230.070.861-24,2000-01-08
4495,Henrique Dias,484.674.752-26,2005-08-08
4496,Fernanda Carvalho,835.650.869-04,1962-03-27
4497,Helena Araujo,025.254.110-30,1983-01-05
4498,Carlos Martins,241.266.768-30,1952-05-07
4499,Tiago Carvalho,059.647.033-99,1988-01-25
4500,Taina Costa,453.206.543-75,1962-08-01
4501,Gabriel Souza,434.037.152-13,1973-11-28
4502,Mariana Oliveira,091.568.309-12,1982-10-05
4503,Rafaela Souza,225.264.974-77,1989-04-19
4504,Samuel Araujo,067.644.286-20,1970-11-18
4505,Beatriz Araujo,078.101.012-85,1976-05-28
4506,Valentina Mendes,056.942.118-71,1993-04-11
4507,Valter Rocha,004.491.007-07,1965-03-18
4508,Mariana Souza,492.049.930-22,1987-03-02
4509,Valentina Santos,412.107.043-74,1956-09-24
4510,Antonio Ribeiro,503.158.878-00,1978-05-24
4511,Beatriz Ferreira,606.751.414-19,1996-11-12
4512,Patricia Ribeiro,156.095.142-74,1991-01-28
4513,Lucas Santos,215.386.115-20,1960-12-17
4514,Gabriela Souza,627.143.593-96,1973-08-14
4515,Gabriela Santos,616.504.725-44,1981-03-14
4516,Natalia Oliveira,073.712.207-22,1963-01-05
4517,Andre Santos,845.240.886-28,1953-02-03
4518,William Martins,925.336.010-04,2002-03-30
4519,William Rocha,319.140.099-08,1995-04-25
4520,Gabriela Costa,971.922.887-30,1977-06-11
4521,Daniela Gomes,949.254.345-19,1953-12-11
4522,Isabela Ferreira,642.738.696-40,1989-03-27
4523,Taina Cardoso,110.512.927-60,1963-04-26
4524,Taina Rodrigues,067.779.836-94,1990-11-13
4525,Joao Mendes,107.082.408-95,2004-09-11
4526,Patricia Ribeiro,133.157.920-11,2000-05-31
4527,Larissa Almeida,661.620.172-49,2002-11-25
4528,Andre Oliveira,266.086.961-83,1957-11-05
4529,Antonio Cardoso,403.909.276-78,1993-05-15
4530,Natalia Martins,086.333.995-63,1953-12-14
4531,Felipe Ferreira,676.055.080-34,1953-04-24
4532,Bruno Santos,908.306.925-76,1954-04-21
4533,Thiago Mendes,055.644.199-01,1975-10-31
4534,Daniela Pereira,436.160.502-51,2003-06-29
4535,Thiago Dias,076.191.814-07,2004-11-04
4536,Rafael Rodrigues,678.490.321-87,1990-05-13
4537,Igor Carvalho,911.767.550-21,1953-08-24
4538,Taina Rodrigues,753.157.522-16,2005-09-11
4539,Andre Santos,838.603.903-50,1988-02-01
4540,Marcos Lima,867.567.535-68,1956-09-23
4541,Andre Almeida,474.392.708-00,1959-05-23
4542,Julia Santos,780.037.810-19,1960-05-18
4543,Ana Almeida,208.234.160-70,2003-08-02
4544,William Silva,975.788.516-91,1985-10-04
4545,Eduarda Rocha,076.444.904-42,1970-01-15
4546,Thiago Lima,616.222.772-36,1988-09-18
4547,Fernanda Silva,540.260.284-02,1986-12-27
4548,Carlos Gomes,921.895.688-46,1985-12-13
4549,Sofia Dias,933.974.539-68,1955-09-09
4550,Rafael Santos,238.487.614-75,1977-03-30
4551,Sofia Almeida,373.609.085-40,1989-04-30
4552,Bruno Almeida,794.763.183-25,1972-11-14
4553,Larissa Rocha,002.492.785-61,1964-02-03
4554,Mariana Lima,615.121.676-81,1950-05-29
4555,Paulo Dias,601.066.589-21,1989-12-29
4556,Nicolas Costa,425.658.293-29,1999-12-14
4557,Bruno Carvalho,044.503.986-88,1967-05-17
4558,Paulo Rodrigues,466.908.144-67,2004-06-21
4559,Paulo Ferreira,029.653.283-51,1956-11-19
4560,Carlos Rodrigues,070.791.904-52,1997-04-08
4561,Marcos Mendes,601.508.334-40,1978-08-06
4562,Daniela Costa,982.945.418-50,1968-09-22
4563,Mariana Nascimento,881.474.250-23,1991-01-29
4564,Valter Almeida,820.395.007-82,1995-08-11
4565,Henrique Araujo,755.005.357-06,1984-06-06
4566,Camila Almeida,673.361.424-35,1992-04-28
4567,Taina Souza,516.329.566-75,1955-10-11
4568,Taina Mendes,243.648.517-87,1997-04-28
4569,Julia Araujo,577.306.146-50,1952-08-24
4570,Eduarda Nascimento,419.640.009-47,1963-11-30
4571,Andre Martins,835.962.783-50,1999-12-17
4572,Lucas Nascimento,765.402.347-24,1960-11-22
4573,Valentina Ribeiro,137.402.826-65,1981-12-11
4574,Henrique Gomes,293.675.627-80,1983-03-07
4575,Sofia Gomes,403.498.939-42,1990-04-11
4576,Daniel Dias,553.642.209-07,1973-07-04
4577,Igor Santos,544.765.839-03,1951-01-02
4578,Daniela Cardoso,769.270.438-45,1998-06-18
4579,Bruno Pereira,871.583.443-39,1952-03-18
4580,Helena Rocha,973.854.424-63,1955-06-12
4581,Isabela Dias,480.468.869-20,2000-01-22
4582,William Santos,876.342.724-93,1989-05-27
4583,Joao Oliveira,157.873.781-80,1980-08-17
4584,Gabriel Oliveira,621.736.713-08,1997-04-30
4585,Marcos Rodrigues,140.319.166-20,1987-04-08
4586,Gabriela Martins,246.988.967-70,1985-04-14
4587,Larissa Souza,822.479.224-22,1994-04-28
4588,Felipe Cardoso,670.716.714-60,1996-07-18
4589,Tiago Ribeiro,792.578.523-34,1978-04-20
4590,Isabela Dias,800.934.137-18,1971-06-17
4591,Sofia Gomes,424.711.558-80,1966-08-29
4592,Larissa Souza,819.517.190-77,1990-06-16
4593,Antonio Martins,776.931.316-39,1976-09-17
4594,Andre Almeida,833.642.550-08,1969-12-31
4595,Daniel Almeida,321.012.546-54,1990-06-23
4596,Andre Dias,149.995.977-05,1953-10-17
4597,Patricia Oliveira,705.682.583-47,1966-09-28
4598,Beatriz Souza,435.456.367-39,2005-04-09
4599,Nicolas Mendes,368.636.444-10,2001-12-29
4600,Nicolas Oliveira,063.267.392-33,1952-06-07
4601,Eduardo Silva,429.429.921-58,1958-01-14
4602,William Costa,474.350.697-28,1998-07-31
4603,Julia Santos,993.872.112-58,1951-08-30
4604,Natalia Mendes,299.839.901-05,1983-02-11
4605,Ana Ribeiro,954.761.680-36,1984-10-31
4606,Nicolas Santos,304.005.468-68,1951-07-10
4607,Eduarda Rodrigues,143.360.574-00,1967-08-03
4608,Larissa Oliveira,115.495.992-91,2001-11-06
4609,Eduarda Nascimento,919.690.913-71,1984-01-11
4610,Valentina Souza,765.920.594-35,1998-08-18
4611,Natalia Ferreira,090.168.011-70,1980-07-13
4612,Natalia Martins,096.439.453-75,1973-12-06
4613,Vinicius Nascimento,320.096.015-99,1967-08-17
4614,Bruno Rodrigues,053.256.248-81,1999-01-21
4615,Samuel Cardoso,049.704.648-20,1979-08-25
4616,Andre Ribeiro,169.324.057-25,1975-12-12
4617,Fernanda Souza,935.391.038-21,2001-12-16
4618,Daniela Ferreira,677.095.218-19,1979-10-23
4619,Nicolas Ferreira,804.394.290-05,1952-12-07
4620,Nicolas Mendes,925.857.839-28,1998-11-01
4621,Beatriz Rodrigues,703.773.120-02,1983-01-13
4622,Samuel Cardoso,694.853.074-54,1996-09-11
4623,Joao Cardoso,134.095.140-15,1978-08-28
4624,Camila Souza,813.617.000-25,1974-10-10
4625,Nicolas Ribeiro,412.348.109-48,1975-07-08
4626,Andre Costa,553.962.556-09,1957-01-10
4627,Taina Carvalho,129.870.109-07,1967-02-11
4628,Helena Oliveira,529.417.611-44,1958-08-20
4629,Valter Mendes,324.096.526-70,1956-11-08
4630,Helena Oliveira,669.481.001-63,1955-10-08
4631,Julia Rodrigues,301.679.655-49,1985-01-02
4632,Joao Almeida,238.368.414-79,1971-08-11
4633,Valter Lima,622.807.490-33,1978-02-25
4634,Mariana Mendes,905.950.942-01,1997-01-27
4635,Daniela Martins,836.257.721-59,1952-05-11
4636,Nicolas Nascimento,274.105.915-28,1991-04-27
4637,Tiago Mendes,155.518.495-20,1983-01-08
4638,Julia Dias,643.522.173-10,1961-07-03
4639,Samuel Lima,248.729.802-20,1952-01-08
4640,Isabela Dias,172.651.342-49,1952-12-09
4641,Valter Gomes,781.314.562-34,1983-06-15
4642,Patricia Santos,302.413.001-26,1960-02-24
4643,Natalia Souza,464.421.437-08,1992-11-23
4644,Nicolas Silva,559.227.702-41,1988-05-06
4645,Camila Lima,976.979.987-42,1966-06-29
4646,Carlos Ferreira,964.113.507-44,1988-12-23
4647,Valentina Dias,967.276.339-59,1986-11-11
4648,Nicolas Silva,071.194.750-37,1981-12-15
4649,Larissa Pereira,011.270.422-03,1983-02-19
4650,Tiago Almeida,323.814.331-04,1986-06-14
4651,Daniela Martins,697.446.970-59,1993-10-04
4652,Gabriela Oliveira,989.511.157-63,1998-11-28
4653,Joao Pereira,390.371.558-12,1985-12-11
4654,Ana Costa,642.362.458-50,1998-03-30
4655,Valentina Ferreira,937.147.875-69,1952-04-25
4656,Paulo Silva,571.178.444-77,1954-05-28
4657,Camila Pereira,748.942.443-73,1989-08-13
4658,Vinicius Rodrigues,666.044.867-53,1960-06-21
4659,Gabriela Cardoso,816.182.773-75,1976-07-17
4660,Igor Araujo,496.784.527-40,1971-02-02
4661,Rafaela Oliveira,881.567.541-82,1969-03-01
4662,Bruno Carvalho,557.970.790-89,1992-09-20
4663,Igor Santos,455.300.173-04,1959-04-27
4664,Sofia Oliveira,272.592.129-50,1999-09-21
4665,Carlos Ferreira,724.055.525-90,1959-05-21
4666,Marcos Nascimento,485.652.642-11,1974-03-12
4667,Natalia Araujo,428.220.220-38,1974-09-09
4668,Daniela Silva,649.607.265-55,1964-01-12
4669,Camila Oliveira,487.609.673-23,1989-05-25
4670,Julia Ribeiro,009.321.956-36,2005-10-24
4671,Mariana Costa,050.650.696-70,1960-03-08
4672,Bruno Cardoso,844.523.649-00,1973-09-20
4673,Daniela Oliveira,002.089.676-05,1953-01-22
4674,Valter Santos,623.215.175-57,1961-03-07
4675,Vinicius Ferreira,792.960.586-86,1981-09-23
4676,Patricia Souza,434.220.704-43,1969-06-20
4677,Eduarda Santos,772.228.749-25,2003-08-08
4678,Bruno Mendes,936.742.860-09,1957-05-12
4679,Marcos Ferreira,787.388.011-75,1955-09-20
4680,Natalia Santos,529.238.352-04,1963-04-10
4681,Natalia Araujo,750.448.063-07,1966-10-15
4682,Sofia Carvalho,896.846.041-81,1965-03-11
4683,Gabriel Oliveira,655.427.933-47,2002-10-01
4684,Tiago Nascimento,021.461.690-87,1977-12-24
4685,Lucas Ferreira,102.965.441-75,2002-08-30
4686,Beatriz Carvalho,377.029.670-21,1979-08-15
4687,Ana Rodrigues,562.372.464-79,1979-03-15
4688,Felipe Silva,485.119.906-66,1978-09-24
4689,Felipe Almeida,226.791.117-53,1995-08-21
4690,Bruno Oliveira,259.272.916-00,2003-07-19
4691,Valentina Pereira,229.253.841-53,1999-07-09
4692,Igor Gomes,761.765.722-66,1973-03-06
4693,Daniel Mendes,836.607.983-04,1971-01-28
4694,Valentina Santos,833.783.615-65,2001-09-14
4695,Larissa Ferreira,686.680.807-33,2002-10-30
4696,Daniel Martins,530.002.275-63,1951-03-20
4697,William Rodrigues,604.709.280-26,1971-01-26
4698,Patricia Araujo,142.137.472-20,1994-10-02
4699,Tiago Almeida,922.689.495-75,1973-04-30
4700,Julia Nascimento,629.336.983-15,1962-09-05
4701,Valter Silva,728.195.981-88,1987-05-13
4702,Daniela Mendes,098.098.804-72,1951-09-29
4703,William Rodrigues,362.724.452-45,1966-08-29
4704,Lucas Ribeiro,942.673.272-11,1966-08-19
4705,Isabela Oliveira,553.250.169-62,2001-11-24
4706,Mariana Costa,974.511.651-32,1987-11-13
4707,Ana Cardoso,624.951.339-67,1988-02-25
4708,Henrique Silva,575.296.647-78,1955-11-23
4709,Eduarda Mendes,132.072.391-88,2002-04-20
4710,Eduarda Cardoso,465.506.369-65,1995-08-18
4711,Bruno Souza,676.559.991-63,2003-07-22
4712,Eduardo Martins,976.022.364-32,1977-06-26
4713,Tiago Rocha,514.370.434-02,1963-11-30
4714,Valentina Dias,162.631.777-13,1974-05-14
4715,Taina Pereira,221.242.197-40,1967-03-17
4716,Nicolas Souza,903.473.175-88,1959-01-21
4717,Beatriz Costa,958.385.083-70,1971-02-05
4718,Julia Nascimento,104.535.135-06,1988-04-06
4719,Mariana Lima,317.191.633-91,1981-03-30
4720,Sofia Araujo,154.338.254-18,1959-09-01
4721,Marcos Martins,892.206.829-90,2003-02-06
4722,Sofia Gomes,802.845.718-57,1987-06-20
4723,Tiago Oliveira,981.625.499-94,1967-07-16
4724,Fernanda Lima,536.513.386-22,1959-12-16
4725,Patricia Martins,746.161.605-62,1974-06-19
4726,Rafaela Almeida,707.367.127-04,1973-04-18
4727,Lucas Silva,695.312.178-58,2003-05-13
4728,Valter Silva,697.296.720-16,1974-06-24
4729,Eduarda Cardoso,629.319.167-65,1999-07-09
4730,Igor Gomes,864.740.192-12,1982-08-16
4731,Carlos Almeida,175.504.616-27,1960-01-25
4732,Valentina Almeida,840.397.267-90,1980-03-03
4733,Valentina Ribeiro,769.094.142-76,1981-12-02
4734,Camila Dias,563.603.855-03,1964-05-25
4735,Nicolas Mendes,231.329.967-85,1995-11-29
4736,Natalia Lima,358.599.197-19,1991-10-27
4737,Gabriel Almeida,858.692.254-42,1970-04-30
4738,Marcos Martins,366.287.117-30,1960-05-24
4739,Henrique Ribeiro,359.553.945-16,1954-04-11
4740,Henrique Rocha,895.829.486-80,1971-02-15
4741,Camila Dias,972.855.417-61,2002-01-26
4742,Natalia Dias,431.491.421-13,1981-12-16
4743,Sofia Lima,096.762.428-29,1982-05-13
4744,Marcos Carvalho,040.527.703-23,1983-01-12
4745,Sofia Araujo,663.077.997-57,1978-10-02
4746,Daniela Silva,906.519.407-02,1965-03-19
4747,Patricia Carvalho,615.041.170-26,1996-01-22
4748,Isabela Rocha,220.925.139-74,1952-07-18
4749,Ana Costa,950.114.747-98,1965-11-01
4750,William Rocha,055.523.783-42,2005-06-12
4751,Antonio Carvalho,975.745.684-56,1975-06-10
4752,Helena Ferreira,333.388.465-84,1955-12-10
4753,Tiago Santos,348.308.241-74,1968-09-13
4754,Beatriz Oliveira,606.449.035-70,2000-10-10
4755,Rafaela Lima,177.334.307-63,1959-12-18
4756,Samuel Pereira,182.160.639-62,1964-10-19
4757,Patricia Souza,867.811.080-50,1963-11-03
4758,Rafaela Cardoso,836.970.257-08,2004-07-23
4759,Andre Almeida,564.411.935-15,1976-03-12
4760,Igor Costa,863.996.240-53,1964-01-26
4761,Patricia Mendes,492.031.759-03,1956-10-03
4762,Sofia Gomes,090.903.957-76,1962-06-03
4763,Paulo Ferreira,939.539.106-55,1993-02-19
4764,Patricia Almeida,382.765.348-72,1954-09-16
4765,Larissa Lima,966.899.238-51,1982-06-30
4766,Samuel Ribeiro,520.101.544-10,1977-08-25
4767,Samuel Lima,792.074.051-72,1999-04-15
4768,Joao Silva,322.177.599-73,1954-11-26
4769,Helena Ribeiro,498.391.032-88,1950-07-24
4770,Taina Oliveira,037.281.029-20,1990-09-20
4771,Larissa Dias,575.512.637-21,1955-01-04
4772,Camila Nascimento,963.302.251-76,1991-11-23
4773,Eduardo Martins,689.921.274-99,1987-06-29
4774,Julia Oliveira,334.595.829-52,1982-12-22
4775,Felipe Ribeiro,621.929.590-01,2002-05-06
4776,Tiago Lima,414.753.763-40,1990-07-16
4777,Samuel Costa,564.858.647-76,1989-03-15
4778,Gabriel Rocha,557.705.186-00,1982-10-11
4779,Camila Ferreira,799.645.115-07,2002-07-25
4780,Ana Gomes,925.687.042-84,1988-02-09
4781,Sofia Ferreira,979.508.046-61,1986-07-15
4782,Ana Ferreira,382.850.416-70,1962-10-05
4783,Joao Gomes,020.922.521-19,1966-07-19
4784,Patricia Cardoso,029.446.276-78,1971-11-05
4785,Andre Oliveira,487.497.151-27,1961-10-20
4786,Vinicius Gomes,458.938.533-34,1979-09-28
4787,Nicolas Lima,999.916.953-89,1981-03-28
4788,Vinicius Gomes,228.751.209-80,1953-12-18
4789,Daniela Cardoso,174.973.111-82,1975-10-05
4790,Vinicius Martins,336.098.910-41,1978-03-20
4791,Ana Lima,596.197.400-68,1982-06-28
4792,William Nascimento,583.445.942-00,1957-12-26
4793,Antonio Lima,208.418.286-79,1978-10-04
4794,Taina Rocha,078.725.505-04,1977-11-20
4795,Gabriela Gomes,190.937.577-25,1950-03-14
4796,Igor Rocha,606.169.413-07,1982-10-01
4797,Fernanda Costa,848.369.559-63,1982-09-13
4798,Rafael Costa,770.699.226-80,2003-09-29
4799,Gabriela Ribeiro,694.906.082-38,1994-08-14
4800,Henrique Oliveira,002.351.209-10,1973-03-22
4801,Daniel Rocha,691.573.494-52,1967-06-20
4802,Samuel Ribeiro,633.759.849-01,1957-08-18
4803,Rafaela Cardoso,787.018.811-59,1960-10-06
4804,Patricia Almeida,795.233.143-43,1964-12-06
4805,Taina Souza,707.127.879-25,1987-05-06
4806,Rafaela Almeida,879.081.322-78,1954-07-14
4807,Nicolas Pereira,204.484.351-01,2004-02-29
4808,Marcos Mendes,816.495.710-03,1976-02-06
4809,Isabela Gomes,990.028.422-44,1974-09-02
4810,Fernanda Nascimento,018.313.774-46,1968-10-21
4811,Sofia Santos,305.792.517-05,1970-01-10
4812,Patricia Almeida,581.368.220-18,1957-05-01
4813,Bruno Pereira,979.685.462-73,1957-04-19
4814,Eduarda Ferreira,700.620.821-16,1961-11-27
4815,Taina Silva,766.453.629-43,1961-06-22
4816,Gabriela Almeida,501.134.496-74,1998-08-09
4817,Thiago Gomes,092.918.489-05,2003-03-31
4818,Sofia Ribeiro,494.972.547-50,1963-03-01
4819,Camila Lima,744.217.563-50,2001-01-18
4820,Sofia Rocha,046.514.444-66,1987-09-27
4821,Daniel Nascimento,481.452.528-14,1995-10-30
4822,Rafael Ferreira,465.089.304-60,1971-05-17
4823,Eduarda Nascimento,842.139.136-43,2004-09-01
4824,William Nascimento,548.393.777-58,1961-11-20
4825,Igor Oliveira,542.241.250-80,1968-04-06
4826,Paulo Rodrigues,412.472.237-01,1963-02-13
4827,Beatriz Araujo,419.753.700-07,1988-07-17
4828,Rafaela Costa,399.887.733-90,1983-06-13
4829,Julia Oliveira,085.837.558-33,1966-01-29
4830,Gabriel Almeida,218.945.108-60,1996-12-13
4831,Carlos Mendes,998.181.199-83,1974-04-01
4832,Larissa Cardoso,178.342.064-27,1967-01-08
4833,Mariana Rocha,553.433.497-57,1958-11-12
4834,Vinicius Araujo,204.093.242-99,1974-11-08
4835,Mariana Santos,091.731.633-92,1962-01-01
4836,Valentina Almeida,087.244.783-93,2001-05-23
4837,Antonio Nascimento,121.257.989-56,1988-09-23
4838,Vinicius Souza,024.198.272-36,1975-03-18
4839,Valentina Dias,520.769.915-65,1962-11-11
4840,Rafael Rodrigues,119.778.951-07,1988-03-28
4841,Felipe Ribeiro,018.005.440-65,1962-11-30
4842,Joao Araujo,601.231.625-99,1992-04-15
4843,Daniel Souza,000.366.857-63,1978-01-05
4844,Rafaela Rocha,738.471.845-71,1995-02-13
4845,Daniela Ferreira,302.129.182-14,1967-03-24
4846,Gabriel Rodrigues,725.112.980-90,1968-06-11
4847,Eduarda Santos,262.370.506-20,1990-10-06
4848,Valentina Cardoso,252.292.546-61,1980-03-15
4849,Taina Nascimento,631.691.455-50,2003-05-25
4850,Camila Rodrigues,653.542.372-70,1972-12-07
4851,Henrique Martins,762.267.617-92,1977-04-14
4852,Igor Rocha,045.522.420-08,1982-04-20
4853,Vinicius Martins,425.497.806-55,1974-05-21
4854,Patricia Nascimento,196.034.897-35,1969-12-05
4855,Daniela Oliveira,601.565.399-00,1983-03-30
4856,Larissa Souza,154.240.150-00,1973-06-05
4857,Natalia Araujo,908.680.883-23,1980-05-11
4858,Paulo Ribeiro,583.645.487-60,1983-06-21
4859,William Araujo,997.425.429-96,1955-03-10
4860,Valter Rodrigues,682.756.849-00,1994-05-21
4861,Paulo Gomes,078.672.530-33,1995-11-24
4862,Fernanda Gomes,808.678.945-47,1959-09-20
4863,Fernanda Dias,324.671.999-32,1963-11-05
4864,Joao Gomes,237.100.295-03,2004-12-11
4865,Eduardo Rodrigues,518.757.053-68,1966-04-02
4866,Beatriz Rocha,361.301.446-79,1974-07-19
4867,Fernanda Dias,729.410.367-41,1979-06-09
4868,Paulo Silva,693.289.401-76,1958-03-14
4869,Joao Souza,303.709.718-33,1973-09-23
4870,Gabriel Araujo,908.773.731-91,1987-05-03
4871,Tiago Pereira,759.274.601-86,1953-11-14
4872,Antonio Ferreira,977.400.970-39,1955-08-27
4873,Nicolas Rodrigues,256.618.061-08,1950-04-16
4874,Paulo Gomes,370.070.010-50,1963-06-06
4875,Helena Pereira,126.839.051-81,1953-03-17
4876,Gabriela Souza,816.934.910-95,1984-04-10
4877,Joao Martins,987.101.494-57,1957-02-13
4878,Eduarda Martins,328.225.196-33,1973-01-30
4879,Helena Rocha,586.167.211-34,1993-06-26
4880,Antonio Pereira,544.965.502-96,1974-09-16
4881,Julia Souza,825.480.575-00,2005-06-01
4882,Bruno Silva,242.426.335-30,1966-02-05
4883,Patricia Oliveira,754.877.132-00,1950-03-20
4884,Isabela Silva,613.920.318-00,1987-04-06
4885,Igor Martins,744.822.878-14,1950-12-23
4886,Marcos Rodrigues,900.496.309-03,1984-09-10
4887,Gabriel Ferreira,762.960.296-08,1977-12-24
4888,William Dias,104.716.495-70,1973-01-22
4889,Andre Mendes,446.577.137-10,1959-12-25
4890,Carlos Rodrigues,427.893.287-14,1969-04-15
4891,Isabela Costa,766.548.427-15,1977-05-17
4892,Vinicius Lima,645.403.002-45,1958-12-25
4893,Valter Almeida,665.945.388-10,1965-06-13
4894,Natalia Pereira,345.335.668-39,1964-07-11
4895,Helena Mendes,965.754.920-53,1969-11-01
4896,William Cardoso,013.376.191-67,1982-10-14
4897,Joao Nascimento,014.111.581-56,1984-02-18
4898,Isabela Rodrigues,153.942.811-73,1982-02-19
4899,Rafael Araujo,650.916.397-72,1982-09-07
4900,Antonio Ribeiro,792.151.098-11,1958-04-19
4901,Camila Silva,944.300.277-90,1970-03-19
4902,Helena Silva,656.942.763-61,1999-09-01
4903,Ana Mendes,263.267.631-26,1957-11-14
4904,Valter Almeida,107.539.871-12,1974-10-16
4905,Fernanda Carvalho,264.293.064-53,1984-03-22
4906,Gabriela Lima,383.816.742-20,1998-06-19
4907,Vinicius Gomes,405.847.438-66,2002-05-23
4908,Valentina Nascimento,528.972.459-13,1991-02-10
4909,Tiago Cardoso,982.245.540-23,1975-01-30
4910,Isabela Oliveira,001.499.611-11,1992-06-15
4911,Igor Mendes,545.390.579-44,1999-01-08
4912,Eduardo Ferreira,269.233.953-30,1950-10-03
4913,Beatriz Pereira,553.952.563-93,1990-10-08
4914,Marcos Rodrigues,125.245.870-37,1961-01-13
4915,Patricia Oliveira,117.517.335-56,1999-12-27
4916,Mariana Martins,249.215.156-54,2001-12-16
4917,Valter Lima,387.871.713-09,1979-01-14
4918,Vinicius Rodrigues,589.105.482-58,1979-09-05
4919,Henrique Costa,739.643.316-94,1957-05-25
4920,Isabela Silva,992.868.784-60,1963-09-29
4921,Lucas Nascimento,515.367.209-33,1989-06-09
4922,Carlos Santos,669.912.856-68,1996-06-21
4923,Bruno Rocha,441.649.331-27,1957-07-08
4924,Eduarda Gomes,685.402.621-00,1996-06-18
4925,Beatriz Ferreira,036.323.518-30,1979-03-10
4926,Julia Pereira,916.561.307-42,1971-07-29
4927,William Mendes,714.845.443-31,1952-08-29
4928,Ana Araujo,457.774.146-64,1981-01-26
4929,Fernanda Mendes,316.332.533-50,1988-11-23
4930,Mariana Santos,575.786.607-13,1955-03-28
4931,Larissa Gomes,076.660.695-37,1951-09-24
4932,Nicolas Ribeiro,261.068.965-93,1981-01-20
4933,Natalia Pereira,647.414.124-74,1951-04-04
4934,Sofia Rodrigues,968.483.596-53,1954-06-30
4935,Ana Silva,182.087.163-08,1997-08-27
4936,Samuel Oliveira,939.271.918-33,2003-02-24
4937,Tiago Almeida,819.879.216-31,1979-10-30
4938,Ana Oliveira,817.576.018-48,1952-11-14
4939,Paulo Martins,752.262.491-60,1979-12-12
4940,Helena Mendes,932.816.651-95,1993-09-26
4941,Marcos Rodrigues,131.974.931-33,1971-06-21
4942,Andre Pereira,762.559.376-23,1983-03-09
4943,Daniela Souza,825.665.163-67,2003-06-26
4944,Gabriela Araujo,271.548.362-70,1997-12-31
4945,Eduarda Rodrigues,413.503.346-69,1951-02-10
4946,Lucas Lima,968.757.446-19,1978-04-15
4947,Valter Carvalho,821.873.982-34,1959-06-27
4948,Helena Gomes,588.774.050-74,1969-07-21
4949,Daniela Gomes,134.650.865-89,1987-07-07
4950,William Rocha,638.744.771-26,1970-07-01
4951,Valter Souza,253.834.106-00,1983-01-27
4952,Joao Pereira,997.665.620-32,1987-10-09
4953,Marcos Santos,393.367.774-24,1977-12-08
4954,Fernanda Santos,843.971.182-48,1954-12-07
4955,Ana Rodrigues,409.358.271-88,1993-07-27
4956,Mariana Pereira,031.066.646-57,1982-04-07
4957,Fernanda Mendes,478.879.788-74,1995-12-07
4958,Valter Ribeiro,879.579.711-48,1976-03-22
4959,Vinicius Souza,794.619.069-78,1965-11-15
4960,Patricia Rocha,510.832.786-22,1985-03-18
4961,Paulo Martins,899.842.003-10,1966-10-20
4962,Eduardo Gomes,030.524.114-11,1965-02-09
4963,Beatriz Araujo,651.335.294-06,2003-11-05
4964,Daniel Nascimento,603.961.084-07,2000-11-21
4965,Julia Rocha,704.538.687-70,1985-09-29
4966,Daniela Pereira,976.762.135-09,1976-12-01
4967,Andre Ferreira,143.153.834-57,2000-02-08
4968,Tiago Rocha,531.200.859-10,1953-10-26
4969,Valter Santos,024.170.364-60,1966-06-13
4970,Rafaela Nascimento,331.342.414-71,1989-06-17
4971,Gabriela Mendes,976.217.794-03,1962-08-29
4972,William Costa,101.727.482-75,1957-04-05
4973,Bruno Souza,750.796.313-68,1962-11-25
4974,Taina Santos,496.196.519-79,1985-07-25
4975,Felipe Costa,714.570.658-00,1988-11-21
4976,Nicolas Martins,237.857.717-62,1961-01-12
4977,Larissa Souza,999.391.767-24,1950-02-04
4978,Marcos Silva,022.796.244-35,1980-03-21
4979,Larissa Araujo,843.003.987-20,1994-12-03
4980,Beatriz Martins,465.949.186-21,1998-09-12
4981,Valter Dias,874.932.039-46,1962-09-02
4982,Julia Ferreira,868.703.755-42,1994-01-22
4983,Rafael Ribeiro,457.653.092-59,1973-05-21
4984,Gabriel Lima,308.132.225-16,1991-04-25
4985,Daniel Silva,412.266.435-74,1950-04-10
4986,Tiago Carvalho,557.314.926-11,1987-11-07
4987,Larissa Pereira,477.603.828-55,1955-05-01
4988,Lucas Souza,002.458.864-43,1960-02-27
4989,Joao Rocha,399.697.933-90,2004-12-23
4990,Mariana Almeida,833.876.883-93,1999-07-01
4991,Felipe Mendes,982.581.738-04,1988-11-27
4992,Rafael Oliveira,652.235.079-32,2005-03-28
4993,Rafaela Nascimento,873.521.998-02,1952-04-01
4994,Eduardo Mendes,496.033.429-04,2005-05-03
4995,Carlos Santos,867.226.628-53,1957-11-29
4996,Camila Araujo,677.786.739-24,1993-04-04
4997,Daniela Cardoso,190.597.468-05,2001-07-06
4998,Tiago Almeida,305.374.062-12,1972-12-29
4999,Helena Ferreira,103.324.877-09,1966-11-07
5000,Eduardo Ribeiro,188.491.986-39,1985-04-19
5001,Eduarda Rodrigues,294.063.572-24,1973-09-21
5002,Joao Ferreira,398.572.685-01,1953-02-05
5003,Ana Araujo,284.385.800-33,2001-12-09
5004,William Rocha,866.924.505-19,1955-10-25
5005,Taina Dias,048.735.975-52,1974-07-06
5006,Patricia Lima,536.499.610-75,1993-09-20
5007,Marcos Rocha,977.222.264-77,1983-12-28
5008,Eduarda Gomes,330.027.027-81,1982-08-06
5009,Camila Nascimento,697.693.805-20,1959-09-18
5010,Sofia Ribeiro,386.901.681-76,1963-11-26
5011,Beatriz Nascimento,500.069.915-72,1982-10-31
5012,Paulo Ribeiro,939.224.455-00,1989-02-16
5013,Bruno Costa,322.148.944-70,1957-07-12
5014,Mariana Dias,995.176.993-44,1968-09-18
5015,Camila Almeida,815.695.907-88,1951-03-11
5016,Carlos Martins,951.063.611-84,1962-07-30
5017,Paulo Nascimento,408.117.306-03,2001-11-05
5018,Vinicius Almeida,821.452.878-09,2002-04-21
5019,Vinicius Rocha,962.893.028-17,1975-09-28
5020,Camila Ribeiro,218.505.608-54,1967-01-10
5021,Fernanda Rocha,126.048.589-75,1987-10-10
5022,Andre Carvalho,981.844.093-54,1998-10-09
5023,Henrique Ribeiro,471.927.054-97,1995-10-15
5024,Joao Lima,870.566.230-34,1954-03-30
5025,Daniel Ferreira,094.461.501-59,1962-06-06
5026,Patricia Gomes,066.566.050-28,1981-04-20
5027,William Silva,855.765.789-70,1969-02-01
5028,Lucas Rocha,391.947.437-62,1963-08-20
5029,Tiago Rocha,035.219.609-27,1961-03-11
5030,Antonio Pereira,764.714.243-70,1965-02-07
5031,Eduarda Oliveira,190.266.237-71,1990-05-17
5032,Mariana Cardoso,133.098.314-93,1983-03-12
5033,Julia Almeida,780.346.332-08,1996-03-14
5034,Igor Carvalho,256.568.668-40,1953-01-21
5035,Bruno Cardoso,000.589.538-33,1960-05-23
5036,Andre Nascimento,501.543.857-51,1998-06-27
5037,Fernanda Cardoso,077.949.148-33,1996-08-13
5038,Gabriela Ribeiro,144.661.995-82,1972-08-28
5039,Gabriela Araujo,100.656.266-48,1988-06-01
5040,Rafael Cardoso,545.536.377-82,1988-03-06
5041,Henrique Ribeiro,995.990.234-04,1975-04-06
5042,Helena Almeida,816.226.648-84,1977-10-15
5043,William Oliveira,861.462.883-81,1986-03-27
5044,Natalia Gomes,805.331.513-50,1956-12-05
5045,Mariana Ribeiro,611.702.784-26,1992-08-06
5046,Mariana Lima,479.372.239-36,1959-11-22
5047,Lucas Ferreira,196.822.588-98,1980-08-08
5048,Paulo Carvalho,313.574.087-06,1977-08-01
5049,Igor Carvalho,073.972.961-65,1993-09-13
5050,Carlos Martins,577.990.618-12,1971-10-17
5051,Valentina Carvalho,251.180.954-09,1979-12-11
5052,Andre Souza,924.152.863-03,1977-12-04
5053,Samuel Carvalho,016.170.649-55,1960-07-10
5054,Valter Lima,533.752.015-67,1984-03-13
5055,William Oliveira,461.641.573-07,1966-11-06
5056,Lucas Martins,840.913.417-99,1995-06-21
5057,Daniela Silva,907.195.714-48,1980-12-07
5058,Fernanda Lima,951.495.583-89,1998-09-07
5059,Marcos Rodrigues,680.729.661-46,1996-06-04
5060,Camila Cardoso,438.816.848-32,1962-07-21
5061,Joao Costa,309.907.046-70,1974-09-18
5062,Sofia Gomes,030.060.451-30,2004-09-29
5063,William Santos,818.733.002-39,1994-03-24
5064,Eduardo Almeida,272.237.369-68,1979-01-25
5065,Camila Carvalho,326.059.047-17,1970-12-23
5066,Carlos Rodrigues,522.654.930-07,1980-11-10
5067,Natalia Rocha,734.513.599-36,1988-12-19
5068,Valentina Pereira,606.009.897-55,1964-01-10
5069,Joao Carvalho,051.431.641-17,1956-03-06
5070,Vinicius Dias,136.564.025-66,1975-11-20
5071,Larissa Martins,006.289.223-10,1996-09-16
5072,Sofia Rodrigues,579.938.959-01,1976-12-20
5073,Daniel Cardoso,922.517.475-67,1965-10-14
5074,Vinicius Carvalho,977.565.512-90,1996-03-12
5075,Nicolas Dias,563.836.766-79,1981-02-19
5076,Joao Santos,310.122.133-15,1996-04-11
5077,Marcos Ribeiro,342.144.835-37,1975-11-20
5078,Bruno Araujo,498.839.683-53,2000-05-31
5079,Helena Ribeiro,254.309.353-28,1980-06-20
5080,Larissa Souza,517.346.606-51,1997-10-12
5081,Tiago Rocha,247.157.561-70,1951-07-18
5082,Rafael Santos,103.022.123-53,2002-03-24
5083,Bruno Ribeiro,121.698.323-27,1963-10-03
5084,Samuel Ribeiro,414.226.326-95,1961-06-13
5085,Gabriela Lima,453.715.045-91,1961-03-08
5086,William Ferreira,787.788.011-17,1981-08-31
5087,Vinicius Oliveira,326.842.326-44,1967-01-23
5088,Bruno Ribeiro,469.033.693-84,1957-10-07
5089,Beatriz Gomes,719.732.381-95,1981-10-05
5090,Valentina Gomes,527.876.260-84,1966-05-05
5091,Natalia Gomes,640.930.999-60,1997-11-30
5092,Henrique Mendes,919.507.867-30,2001-01-17
5093,Felipe Rocha,999.381.919-08,1976-01-20
5094,Samuel Araujo,461.231.900-16,1962-09-28
5095,Valentina Souza,551.758.637-62,1968-11-27
5096,Bruno Rodrigues,327.028.996-09,1986-08-22
5097,Henrique Mendes,685.843.116-02,1964-06-30
5098,Daniela Santos,651.494.739-52,1986-02-12
5099,Daniel Lima,310.557.710-69,1968-05-20
5100,Camila Pereira,759.608.895-36,1999-03-02
5101,Eduardo Dias,793.584.342-28,1966-11-24
5102,Fernanda Carvalho,945.212.586-11,1954-01-26
5103,Henrique Pereira,098.180.409-88,2005-07-08
5104,Thiago Oliveira,514.140.508-79,1981-04-12
5105,Ana Souza,347.429.636-10,1972-11-05
5106,Daniela Costa,264.725.439-76,1965-12-30
5107,Valentina Gomes,396.042.408-62,1957-07-04
5108,Joao Lima,425.396.852-00,1990-07-27
5109,Henrique Mendes,209.188.122-83,1977-07-06
5110,Eduardo Ferreira,142.809.702-38,1950-09-20
5111,Vinicius Araujo,909.635.159-26,1956-12-11
5112,Daniela Nascimento,533.170.253-87,1971-06-19
5113,Marcos Dias,708.604.377-01,1981-01-02
5114,Samuel Araujo,253.717.201-97,1979-01-03
5115,Patricia Almeida,300.325.696-37,1974-05-15
5116,Igor Carvalho,133.115.196-12,1995-02-21
5117,Patricia Dias,484.226.631-71,1983-01-05
5118,Valter Rodrigues,099.034.913-60,1956-10-28
5119,Carlos Ferreira,536.671.364-12,1987-07-26
5120,Mariana Gomes,145.228.232-31,1979-03-03
5121,Natalia Lima,852.979.934-82,2003-06-24
5122,Gabriel Ribeiro,775.833.521-77,2004-06-30
5123,Marcos Silva,640.641.231-15,1979-01-08
5124,Taina Santos,244.783.075-04,1951-04-22
5125,Fernanda Ferreira,327.034.914-92,1959-03-04
5126,Antonio Ribeiro,269.636.427-37,1963-09-16
5127,Daniela Costa,645.436.768-15,1993-02-27
5128,William Martins,746.726.986-29,1967-06-13
5129,Ana Souza,333.279.882-00,1958-06-28
5130,Igor Silva,267.199.614-46,2004-02-03
5131,Valentina Dias,185.147.561-33,1987-04-22
5132,Beatriz Rodrigues,849.526.068-99,1966-07-02
5133,Julia Mendes,795.614.109-58,1984-02-15
5134,Eduardo Souza,592.932.578-23,2003-10-01
5135,Beatriz Cardoso,850.690.303-37,1975-08-16
5136,Lucas Souza,120.273.023-01,1997-05-20
5137,Daniel Rocha,512.920.722-02,1967-09-04
5138,Beatriz Rodrigues,358.233.989-05,1982-03-29
5139,Daniela Oliveira,139.977.387-93,2003-12-22
5140,Julia Araujo,876.782.360-26,1999-06-19
5141,Valentina Costa,296.651.444-21,1995-08-31
5142,Eduardo Gomes,743.062.068-07,1955-10-18
5143,Valter Cardoso,499.198.720-24,1965-07-15
5144,Thiago Mendes,113.008.433-73,2002-06-26
5145,Gabriela Lima,198.117.963-19,1967-07-01
5146,Antonio Gomes,074.950.443-90,1965-04-29
5147,Igor Oliveira,929.802.844-08,1960-01-01
5148,Gabriel Souza,693.624.088-72,1979-08-25
5149,Gabriela Martins,323.813.705-01,1993-04-24
5150,Valentina Souza,037.622.659-50,1974-01-08
5151,Gabriela Gomes,258.385.163-21,1978-03-31
5152,Marcos Mendes,116.446.684-40,1992-12-17
5153,Fernanda Rodrigues,290.102.915-96,1996-10-11
5154,Bruno Oliveira,185.811.014-96,1984-06-13
5155,Beatriz Pereira,353.596.828-33,2003-02-16
5156,Ana Oliveira,408.123.563-57,1957-04-27
5157,Felipe Nascimento,660.271.689-19,1966-02-26
5158,Joao Mendes,884.787.181-68,2005-03-27
5159,Mariana Cardoso,347.705.104-11,1992-07-21
5160,Patricia Silva,802.821.311-16,1976-09-28
5161,Nicolas Costa,414.304.446-30,2000-11-16
5162,Joao Cardoso,942.596.349-50,1951-05-30
5163,Antonio Souza,976.893.345-39,1950-08-25
5164,Camila Carvalho,195.113.030-82,1989-10-08
5165,Eduardo Ferreira,170.616.684-23,1987-02-14
5166,Valter Cardoso,209.872.848-43,1956-05-10
5167,Nicolas Oliveira,869.692.344-87,1972-12-22
5168,Camila Gomes,572.477.213-24,2001-03-14
5169,Gabriel Rodrigues,620.916.049-25,1976-06-04
5170,Gabriela Nascimento,231.901.706-22,1987-12-29
5171,Paulo Ferreira,372.185.893-08,1981-01-09
5172,Nicolas Carvalho,047.057.126-84,1978-07-01
5173,Eduardo Ribeiro,641.656.667-26,1958-07-15
5174,Bruno Araujo,111.207.018-48,1951-08-03
5175,Bruno Mendes,935.967.926-73,1966-05-14
5176,Daniel Gomes,257.615.033-01,1981-02-24
5177,Vinicius Mendes,480.861.868-06,1967-02-25
5178,Ana Carvalho,342.299.785-70,1969-06-17
5179,Helena Oliveira,013.398.930-53,2000-09-12
5180,Ana Carvalho,003.765.849-20,1951-06-05
5181,Fernanda Lima,056.502.578-33,1993-10-27
5182,Beatriz Dias,095.902.799-88,1950-08-16
5183,Taina Ferreira,369.199.183-15,1996-10-20
5184,Gabriel Carvalho,883.626.961-33,1987-01-20
5185,Mariana Ferreira,771.775.296-40,2001-03-09
5186,Valter Costa,691.548.978-90,1998-10-28
5187,Eduarda Carvalho,124.527.705-74,1953-06-04
5188,Rafael Nascimento,550.562.448-05,1957-03-17
5189,Rafael Cardoso,867.895.013-71,2001-06-30
5190,Gabriela Rocha,387.074.142-26,1951-12-21
5191,Fernanda Almeida,498.438.281-35,1977-11-14
5192,Antonio Lima,624.786.357-80,1966-08-05
5193,Natalia Martins,273.308.903-08,1977-06-08
5194,Andre Lima,468.432.109-61,1978-11-17
5195,Valentina Dias,686.177.307-73,2000-10-20
5196,Ana Rocha,919.984.676-43,1956-02-12
5197,Joao Silva,995.110.356-14,1964-08-15
5198,Andre Nascimento,621.090.280-41,1981-01-30
5199,Joao Rocha,550.004.441-91,1980-11-23
5200,Henrique Ferreira,305.727.562-16,1966-10-24
5201,Antonio Costa,175.892.839-59,1951-12-19
5202,Andre Rodrigues,701.376.072-29,1950-06-07
5203,Natalia Pereira,489.323.775-61,1987-09-21
5204,Marcos Nascimento,946.685.324-44,1960-06-22
5205,Valentina Mendes,426.898.807-68,1989-08-04
5206,Carlos Nascimento,465.857.856-57,1976-11-07
5207,Daniel Souza,924.279.346-90,1998-04-13
5208,Helena Dias,851.652.287-38,1968-08-23
5209,Andre Oliveira,187.786.341-64,1974-07-23
5210,Valentina Cardoso,777.476.397-08,1956-12-09
5211,Antonio Rodrigues,188.727.796-00,1954-11-30
5212,Gabriel Cardoso,886.742.050-03,1979-02-08
5213,Lucas Cardoso,462.216.346-28,1979-08-25
5214,Eduarda Cardoso,651.531.214-88,1956-06-08
5215,Patricia Mendes,298.790.868-72,1988-04-29
5216,Andre Oliveira,466.017.059-42,1971-04-04
5217,William Martins,701.552.264-01,1956-12-25
5218,Helena Carvalho,655.295.787-48,1967-07-22
5219,Andre Oliveira,683.202.271-94,1957-05-28
5220,Natalia Souza,800.214.980-75,1952-11-10
5221,Rafael Carvalho,755.577.343-09,1963-06-06
5222,Samuel Costa,391.321.836-07,1985-01-03
5223,Thiago Carvalho,983.598.084-57,1984-12-28
5224,Vinicius Mendes,732.975.845-05,1988-04-22
5225,Isabela Nascimento,137.024.469-07,1997-02-13
5226,Taina Ribeiro,989.090.660-08,2001-06-19
5227,Valter Araujo,830.626.465-78,1995-01-15
5228,Rafael Rocha,987.244.463-35,1957-05-14
5229,Isabela Mendes,420.927.493-31,2000-11-17
5230,Beatriz Rocha,811.220.215-00,1958-08-24
5231,Helena Mendes,513.684.054-44,1959-09-15
5232,Eduardo Gomes,237.008.777-30,1983-05-10
5233,Daniela Dias,003.226.073-37,1975-09-29
5234,Joao Mendes,432.674.846-00,1974-06-02
5235,Patricia Souza,032.338.543-58,1990-01-24
5236,Henrique Nascimento,305.858.219-68,1987-12-08
5237,Taina Gomes,996.822.431-65,1962-03-21
5238,Eduarda Pereira,558.898.392-09,1968-06-25
5239,Antonio Nascimento,814.125.706-46,1990-06-03
5240,Camila Araujo,792.445.475-62,2004-01-20
5241,Igor Souza,131.568.731-36,1953-09-21
5242,Helena Lima,264.596.394-34,1988-05-06
5243,Paulo Lima,583.109.035-37,1999-10-10
5244,Carlos Mendes,726.327.502-37,1994-01-15
5245,Daniela Dias,264.210.238-60,1989-05-16
5246,Julia Mendes,807.366.497-60,1953-10-03
5247,Eduardo Dias,599.019.643-18,1971-07-03
5248,Carlos Martins,239.502.111-36,1995-08-24
5249,Lucas Silva,000.822.205-30,1971-02-26
5250,Helena Costa,089.395.608-25,2001-04-01
5251,Paulo Silva,466.171.014-21,1992-03-07
5252,Rafael Costa,475.991.173-18,2000-12-07
5253,Beatriz Ferreira,650.688.857-11,1988-07-17
5254,Beatriz Costa,731.603.502-15,1977-05-25
5255,Bruno Silva,632.705.241-02,1988-05-08
5256,Vinicius Carvalho,564.686.676-66,1972-10-26
5257,Gabriel Dias,142.840.000-12,1959-11-05
5258,Natalia Araujo,437.847.107-86,1971-07-22
5259,Nicolas Costa,322.583.376-23,1964-10-02
5260,Isabela Rodrigues,345.015.417-68,1994-04-21
5261,Felipe Ribeiro,786.610.000-41,1981-07-14
5262,Vinicius Souza,186.247.939-98,1969-04-24
5263,Natalia Lima,891.402.696-55,1970-03-19
5264,Eduarda Gomes,558.008.757-82,1980-05-13
5265,Joao Gomes,131.838.237-80,1954-11-12
5266,Rafael Carvalho,446.850.138-32,1957-11-11
5267,Rafaela Mendes,541.842.932-98,1986-02-24
5268,Taina Gomes,701.773.370-36,1955-12-29
5269,Camila Martins,536.054.971-87,1966-06-30
5270,Lucas Rocha,310.826.277-71,1978-02-17
5271,Gabriel Dias,990.604.186-20,2005-04-14
5272,Eduardo Silva,956.611.828-72,2001-10-13
5273,Helena Souza,075.864.358-63,1971-04-21
5274,Antonio Rocha,753.363.149-86,1962-01-29
5275,Nicolas Rocha,691.861.756-70,1998-12-08
5276,Henrique Rodrigues,454.964.220-35,1987-04-30
5277,Tiago Rocha,255.830.035-02,1997-12-21
5278,Camila Cardoso,756.344.910-88,1995-06-25
5279,Paulo Ribeiro,348.831.927-09,1964-09-04
5280,Igor Araujo,834.079.328-47,1957-02-01
5281,Samuel Souza,671.771.103-56,1975-07-11
5282,Beatriz Costa,073.617.457-50,1973-06-24
5283,Fernanda Nascimento,918.480.000-30,1951-05-19
5284,Eduarda Almeida,302.148.904-49,1950-09-21
5285,Eduarda Souza,392.158.192-31,1991-10-25
5286,Marcos Pereira,443.764.561-87,1996-06-12
5287,Valter Martins,891.583.365-16,2005-09-19
5288,Igor Lima,709.148.719-27,1966-08-11
5289,Vinicius Silva,833.826.561-67,2000-10-30
5290,Lucas Cardoso,968.126.669-20,2002-01-22
5291,Gabriela Ferreira,992.770.866-10,1981-11-09
5292,Joao Lima,865.977.597-02,1993-12-31
5293,Henrique Nascimento,380.075.068-61,1961-12-10
5294,Mariana Almeida,733.934.741-03,1965-10-06
5295,Henrique Nascimento,886.570.738-03,1983-01-09
5296,Sofia Ferreira,052.173.213-18,1969-07-18
5297,Ana Gomes,878.928.802-59,1964-01-13
5298,Thiago Ribeiro,576.930.888-57,1969-04-25
5299,Marcos Santos,799.190.623-08,1957-06-16
5300,Carlos Lima,344.919.747-99,1950-04-11
5301,Rafael Lima,867.117.249-09,1997-05-29
5302,Andre Rocha,634.365.094-69,1959-05-13
5303,Gabriel Pereira,672.408.962-00,2000-03-17
5304,Marcos Santos,132.156.670-02,1955-08-28
5305,William Souza,871.710.459-94,2001-05-05
5306,Vinicius Costa,071.898.022-07,1957-01-25
5307,Rafaela Oliveira,896.050.346-03,1959-10-12
5308,Eduarda Nascimento,341.741.465-27,1982-09-04
5309,Valter Gomes,123.355.916-81,1977-01-24
5310,William Souza,566.303.633-45,1995-12-25
5311,Gabriel Lima,865.007.443-06,1979-03-18
5312,Larissa Gomes,019.165.364-09,1991-05-13
5313,Antonio Ferreira,696.778.134-04,1955-10-15
5314,Valter Gomes,244.864.915-48,1969-05-21
5315,Carlos Silva,904.351.840-91,1983-12-20
5316,Natalia Dias,294.651.327-05,1957-09-12
5317,Camila Santos,499.126.438-36,1973-10-19
5318,Lucas Silva,981.920.509-39,1958-07-13
5319,Eduardo Rodrigues,392.362.593-67,1962-01-12
5320,Samuel Martins,571.192.491-50,1962-07-24
5321,Nicolas Rodrigues,006.238.183-02,2005-11-09
5322,Julia Carvalho,516.791.776-05,1960-12-23
5323,Tiago Martins,079.117.292-98,1971-04-11
5324,Patricia Gomes,913.353.153-65,1981-08-07
5325,Henrique Costa,872.450.409-23,1972-10-04
5326,Fernanda Carvalho,771.682.898-37,1965-07-16
5327,Daniela Cardoso,244.682.163-44,1983-09-05
5328,Helena Dias,703.864.732-69,1964-07-26
5329,Natalia Pereira,242.637.836-03,1995-12-22
5330,Eduarda Costa,541.452.878-00,1975-02-17
5331,Lucas Ribeiro,904.474.176-49,1978-01-03
5332,Natalia Carvalho,410.579.406-07,1978-11-12
5333,Larissa Ribeiro,329.324.448-32,1970-10-23
5334,Taina Ribeiro,199.550.897-76,1993-04-26
5335,Andre Carvalho,728.157.066-01,1965-12-18
5336,Carlos Silva,162.204.377-48,1961-03-17
5337,Sofia Dias,487.248.492-43,1988-07-18
5338,Gabriela Ribeiro,283.056.820-64,2000-03-18
5339,Camila Mendes,207.809.882-56,1965-05-06
5340,Beatriz Rocha,252.109.423-41,1980-12-30
5341,Sofia Nascimento,913.027.929-11,2002-01-20
5342,Ana Costa,510.022.798-28,1962-03-21
5343,Daniel Araujo,998.835.943-80,1965-02-23
5344,Henrique Santos,322.408.077-92,1952-11-18
5345,Ana Almeida,781.715.068-01,1979-05-29
5346,Isabela Lima,608.889.592-65,1954-06-26
5347,Rafael Gomes,151.228.660-58,1951-12-07
5348,Tiago Rocha,974.941.171-48,1983-06-28
5349,Thiago Santos,364.873.725-28,2005-01-20
5350,Antonio Oliveira,259.968.483-84,1974-02-20
5351,Patricia Pereira,978.671.542-05,2000-11-12
5352,Bruno Dias,957.194.770-98,1953-12-28
5353,Joao Souza,910.353.363-83,1981-05-04
5354,William Pereira,172.340.515-97,1978-10-04
5355,Rafael Cardoso,663.143.870-51,1983-09-05
5356,Gabriela Souza,542.118.895-75,2004-11-21
5357,Sofia Dias,192.659.517-37,1968-06-01
5358,Patricia Ferreira,664.814.313-44,1990-06-03
5359,Sofia Silva,019.801.106-70,1972-04-02
5360,Samuel Costa,244.326.549-88,1978-03-11
5361,Eduarda Mendes,981.978.551-02,1990-05-20
5362,Vinicius Oliveira,543.698.034-11,1982-12-10
5363,Vinicius Carvalho,893.049.408-00,1954-03-10
5364,Vinicius Souza,006.956.981-92,2004-02-02
5365,Rafael Rodrigues,331.679.266-00,1975-11-05
5366,Antonio Almeida,075.059.990-10,1988-08-20
5367,Taina Silva,810.671.091-29,1989-08-14
5368,William Ferreira,510.592.086-44,1979-06-11
5369,Natalia Nascimento,494.558.393-50,1957-08-20
5370,Paulo Ribeiro,665.493.478-40,1959-07-06
5371,Isabela Martins,888.107.863-51,1965-10-10
5372,Camila Souza,970.307.817-67,1988-01-09
5373,Helena Almeida,255.881.191-69,1964-11-03
5374,Igor Araujo,615.180.784-78,1977-11-27
5375,Helena Carvalho,676.004.259-04,1989-10-24
5376,Gabriel Gomes,712.544.584-50,1989-07-07
5377,Tiago Ribeiro,196.149.901-04,1973-09-28
5378,Antonio Rocha,054.449.625-60,1962-12-24
5379,Gabriela Martins,538.973.907-87,1986-03-21
5380,Eduardo Ferreira,752.442.031-50,1978-10-11
5381,Lucas Rocha,970.658.112-04,1974-11-22
5382,Daniel Santos,778.363.509-16,1987-10-26
5383,Nicolas Santos,192.271.662-62,1968-07-05
5384,Vinicius Almeida,526.017.726-62,1980-10-19
5385,Bruno Mendes,132.613.542-24,1990-08-03
5386,Ana Souza,823.320.025-53,1969-12-26
5387,Beatriz Carvalho,674.071.853-95,1970-11-08
5388,Gabriela Souza,564.835.628-53,1991-05-03
5389,Bruno Rodrigues,184.833.649-72,1963-07-09
5390,Gabriela Ribeiro,296.458.716-70,1984-06-13
5391,Mariana Dias,303.221.688-56,1954-02-27
5392,Joao Silva,182.155.741-73,1962-01-03
5393,Daniel Oliveira,218.833.401-95,1992-02-03
5394,Tiago Souza,944.557.669-10,1983-10-22
5395,Isabela Ribeiro,367.117.120-05,1970-06-21
5396,Valter Ribeiro,741.756.592-18,1968-09-04
5397,Ana Santos,224.223.716-04,1984-07-18
5398,Valter Almeida,335.199.972-07,1955-11-15
5399,Daniela Souza,529.270.993-08,1954-12-26
5400,Gabriel Nascimento,642.011.731-35,1953-08-07
5401,Daniela Santos,910.460.052-51,1954-03-15
5402,Valter Rocha,566.865.103-78,1999-03-11
5403,Vinicius Ribeiro,372.278.392-57,2003-11-13
5404,Ana Costa,532.448.880-11,1994-02-11
5405,Gabriel Dias,657.765.439-59,1981-08-16
5406,Vinicius Costa,891.463.124-98,1980-09-23
5407,Rafaela Carvalho,749.116.084-04,1991-10-06
5408,Rafael Oliveira,822.234.494-33,1974-12-24
5409,Joao Lima,848.569.445-76,1957-03-18
5410,Sofia Costa,157.299.142-96,1984-01-16
5411,Camila Nascimento,133.914.382-82,1989-07-15
5412,Felipe Lima,612.395.545-40,1963-03-20
5413,Bruno Rocha,137.206.773-62,1955-05-30
5414,William Araujo,803.993.468-05,1985-06-13
5415,Julia Santos,753.919.193-71,1999-04-03
5416,Julia Mendes,918.350.739-64,1994-11-21
5417,Valter Cardoso,550.506.815-45,1958-06-05
5418,Eduarda Carvalho,627.856.621-48,1992-02-13
5419,Felipe Costa,724.381.445-05,1986-09-28
5420,Carlos Souza,499.753.014-01,1973-04-16
5421,Eduardo Rodrigues,384.554.501-18,1961-03-23
5422,Isabela Pereira,198.848.131-75,1961-06-30
5423,Camila Ribeiro,930.898.930-70,2000-10-07
5424,Isabela Costa,202.417.669-07,1989-05-10
5425,Beatriz Ferreira,838.282.667-97,1975-12-23
5426,Camila Silva,097.735.496-23,1966-08-16
5427,Daniel Dias,590.121.355-67,1966-12-12
5428,Camila Oliveira,253.436.466-97,2002-03-03
5429,Patricia Araujo,067.564.403-81,1957-09-29
5430,Taina Mendes,221.194.572-47,1951-09-09
5431,Carlos Ribeiro,532.168.555-03,1950-01-27
5432,Isabela Ferreira,945.058.360-96,1991-07-02
5433,Julia Pereira,884.993.928-06,2000-02-26
5434,Gabriel Ferreira,898.010.652-14,1997-07-27
5435,Carlos Lima,430.523.614-14,1958-07-30
5436,Henrique Almeida,707.274.200-03,1981-05-11
5437,Camila Costa,940.799.397-36,1992-06-30
5438,Samuel Mendes,104.859.159-01,1952-03-21
5439,Carlos Carvalho,248.784.041-24,1977-07-27
5440,Marcos Oliveira,408.877.951-70,1979-01-01
5441,Felipe Dias,922.913.790-11,1955-08-29
5442,Felipe Cardoso,840.476.330-54,2005-11-25
5443,Thiago Lima,791.415.928-08,1977-02-03
5444,Helena Araujo,677.416.537-09,1975-02-11
5445,Gabriel Ferreira,785.637.164-17,1971-03-23
5446,Felipe Souza,116.859.524-02,1956-05-11
5447,Marcos Oliveira,687.478.256-85,1972-04-02
5448,Taina Rodrigues,251.011.028-49,1996-12-16
5449,Mariana Oliveira,491.410.112-28,1954-01-29
5450,Eduarda Araujo,474.815.796-87,1958-08-28
5451,Thiago Carvalho,238.021.245-70,1998-05-11
5452,Isabela Carvalho,708.070.927-03,1996-06-02
5453,Daniel Araujo,436.425.424-09,1991-06-07
5454,Camila Costa,691.546.669-02,1961-10-22
5455,Ana Nascimento,297.223.187-21,1952-04-14
5456,Nicolas Martins,334.453.975-20,1954-03-14
5457,Samuel Costa,903.856.980-70,1962-06-02
5458,Samuel Lima,402.783.626-05,1999-07-16
5459,Taina Dias,414.790.447-50,1979-04-10
5460,Eduarda Ribeiro,379.260.608-95,1961-08-03
5461,Rafaela Mendes,200.029.780-32,1987-10-17
5462,Lucas Cardoso,246.553.092-53,1963-05-23
5463,Larissa Costa,128.816.903-51,1978-09-24
5464,Rafael Rodrigues,223.272.344-50,1962-05-26
5465,Taina Souza,608.388.148-08,2002-05-28
5466,Vinicius Carvalho,822.332.284-64,1988-02-16
5467,Felipe Oliveira,999.710.818-30,1985-11-20
5468,Mariana Pereira,133.752.145-02,1982-01-17
5469,Valter Carvalho,722.700.489-97,2005-06-17
5470,Marcos Carvalho,422.597.303-45,1994-02-08
5471,Sofia Mendes,508.374.320-57,1954-09-07
5472,Felipe Silva,830.773.667-62,1982-08-09
5473,Nicolas Ribeiro,987.715.733-05,1970-11-14
5474,Bruno Almeida,837.902.389-70,1976-02-10
5475,Camila Gomes,694.761.927-04,1997-01-20
5476,Gabriela Pereira,079.624.809-55,2005-01-21
5477,Carlos Costa,242.756.173-80,1990-01-25
5478,Isabela Santos,170.117.555-00,1985-02-13
5479,Joao Araujo,473.510.674-06,1976-08-27
5480,Sofia Dias,989.071.677-10,1996-08-05
5481,Nicolas Santos,302.492.300-46,2000-03-31
5482,Natalia Almeida,418.715.503-19,2005-05-10
5483,Mariana Santos,380.354.313-40,1989-07-26
5484,Patricia Oliveira,295.048.881-19,2005-04-21
5485,Rafael Nascimento,599.732.292-07,1993-02-24
5486,Paulo Santos,992.839.863-18,2001-11-07
5487,Fernanda Santos,620.467.863-94,1953-08-13
5488,Patricia Cardoso,169.194.867-50,1953-07-04
5489,Joao Ferreira,986.444.911-72,1998-12-16
5490,Carlos Souza,015.427.255-85,1991-03-19
5491,Patricia Silva,180.872.584-01,1965-09-27
5492,Patricia Silva,227.275.215-29,1965-01-28
5493,Marcos Pereira,311.434.166-78,1970-12-25
5494,Rafael Costa,677.597.277-63,1991-10-28
5495,Gabriela Rocha,846.053.465-03,1989-07-04
5496,Valentina Santos,968.348.698-32,1993-12-08
5497,Fernanda Martins,462.929.177-62,1967-04-27
5498,Eduardo Silva,539.081.100-33,1952-11-13
5499,Lucas Nascimento,831.826.374-01,1956-05-05
5500,Thiago Cardoso,703.225.081-50,1967-11-04
5501,Patricia Dias,227.445.454-06,1975-05-29
5502,Lucas Costa,787.924.477-83,1956-10-20
5503,Joao Lima,066.867.994-83,1961-04-10
5504,Ana Ferreira,137.698.237-45,1983-09-20
5505,Eduarda Cardoso,259.308.787-06,2000-07-29
5506,Antonio Dias,128.121.263-61,1978-05-10
5507,Samuel Oliveira,567.102.622-94,1979-02-15
5508,Fernanda Dias,335.628.443-60,1993-09-19
5509,Larissa Cardoso,284.012.520-08,1953-11-14
5510,Sofia Almeida,209.182.812-29,1976-03-01
5511,Lucas Dias,666.783.031-13,1993-12-23
5512,Julia Dias,409.937.513-77,1993-09-05
5513,Gabriel Cardoso,481.419.679-24,2005-02-23
5514,Fernanda Cardoso,451.920.849-11,1988-04-08
5515,Carlos Almeida,851.940.568-18,1976-01-08
5516,Carlos Rocha,340.107.528-40,1990-08-16
5517,Vinicius Dias,722.575.022-48,1980-03-04
5518,William Almeida,122.725.449-08,1982-10-24
5519,Andre Silva,307.958.254-39,1988-05-23
5520,Lucas Araujo,239.677.839-01,1950-12-25
5521,Igor Gomes,163.806.626-42,1993-04-26
5522,William Lima,099.073.722-50,2005-05-18
5523,Gabriela Nascimento,648.036.145-80,1977-03-31
5524,Sofia Silva,291.956.505-20,1996-11-19
5525,Taina Cardoso,414.922.835-33,1986-01-09
5526,Beatriz Pereira,293.511.748-40,1986-06-09
5527,Mariana Martins,938.058.460-10,1992-07-29
5528,Ana Carvalho,351.759.317-68,1964-05-26
5529,Henrique Souza,084.563.147-06,2003-01-30
5530,Felipe Oliveira,265.088.997-75,1982-04-24
5531,Bruno Mendes,537.997.881-90,1988-03-16
5532,Gabriel Mendes,096.511.988-26,1999-09-04
5533,Igor Lima,473.217.785-92,1976-04-27
5534,Andre Araujo,477.060.855-11,1999-07-14
5535,Nicolas Rodrigues,485.643.275-38,1977-08-25
5536,Eduarda Souza,565.277.015-51,1984-05-06
5537,Julia Ferreira,699.818.052-70,1990-06-05
5538,Thiago Pereira,008.546.316-74,1974-11-26
5539,Gabriel Santos,664.932.375-64,1979-07-06
5540,Rafael Rodrigues,883.331.493-67,1963-11-17
5541,Carlos Lima,859.282.066-90,1989-01-02
5542,Andre Rodrigues,479.710.900-99,1963-08-10
5543,Rafael Souza,000.326.661-36,1991-11-08
5544,Samuel Silva,886.449.916-47,1962-11-20
5545,Marcos Nascimento,650.294.250-47,1957-08-19
5546,Isabela Pereira,915.353.759-90,1964-01-08
5547,Lucas Souza,976.616.242-57,2004-05-15
5548,Mariana Rodrigues,801.070.177-76,1976-05-07
5549,Valter Ferreira,083.486.491-66,1993-09-22
5550,Andre Silva,783.123.315-65,1970-04-20
5551,Taina Dias,762.174.103-11,1990-08-07
5552,Carlos Oliveira,416.486.689-68,2000-03-19
5553,Larissa Rodrigues,973.278.602-74,1997-03-02
5554,Valentina Dias,635.550.121-50,2003-11-07
5555,Tiago Souza,499.525.359-96,1982-10-11
5556,Rafaela Silva,196.549.705-54,2005-12-10
5557,Valentina Carvalho,599.145.210-53,1962-04-11
5558,Beatriz Rodrigues,887.071.360-13,1975-11-04
5559,Helena Souza,210.046.879-07,1992-04-21
5560,Carlos Pereira,100.848.654-07,1965-09-23
5561,Carlos Gomes,686.222.905-22,1973-11-21
5562,Valentina Oliveira,710.567.392-31,2005-08-17
5563,Natalia Martins,907.064.872-57,1971-07-25
5564,Bruno Mendes,389.517.520-03,1977-04-15
5565,Joao Nascimento,004.830.762-95,1991-06-18
5566,Rafaela Costa,553.827.438-19,1971-01-06
5567,Isabela Ferreira,225.063.483-10,1990-11-11
5568,Rafaela Pereira,301.464.675-07,1952-09-06
5569,Rafaela Mendes,095.418.520-09,1969-01-10
5570,Thiago Nascimento,101.044.330-51,1982-08-14
5571,Beatriz Rocha,809.934.096-52,1951-10-09
5572,Camila Mendes,768.486.558-72,1977-03-14
5573,Isabela Costa,527.768.575-86,1982-11-09
5574,Henrique Lima,429.277.501-06,2004-02-06
5575,Natalia Pereira,526.749.422-40,1965-07-12
5576,Eduarda Martins,609.523.814-51,2004-08-23
5577,Samuel Araujo,142.035.777-80,2005-11-16
5578,Patricia Oliveira,240.493.863-05,1983-08-24
5579,Isabela Almeida,175.533.734-51,1993-05-05
5580,Joao Martins,306.585.827-47,1988-09-04
5581,Carlos Lima,699.158.973-08,1952-07-23
5582,Rafaela Nascimento,858.144.298-60,1967-11-22
5583,Gabriel Cardoso,761.907.505-40,1985-07-06
5584,Eduarda Oliveira,555.107.498-65,1961-01-01
5585,Samuel Mendes,696.115.889-76,1952-06-20
5586,Daniela Nascimento,187.297.012-52,1987-03-15
5587,Nicolas Rodrigues,156.242.060-70,1983-07-31
5588,Daniela Oliveira,697.690.543-05,1979-12-09
5589,Isabela Ferreira,821.947.190-59,1961-10-02
5590,Rafaela Costa,710.732.575-25,2005-12-07
5591,Helena Oliveira,230.348.990-33,1979-02-15
5592,Gabriel Carvalho,317.210.463-05,1955-12-25
5593,Daniela Mendes,670.198.783-42,1981-05-20
5594,Antonio Gomes,445.931.813-05,1958-07-14
5595,Isabela Ribeiro,470.997.341-56,1971-03-04
5596,Carlos Silva,540.764.718-49,1984-07-03
5597,Helena Rocha,436.813.145-27,1970-12-26
5598,William Lima,807.207.845-30,1996-06-22
5599,Taina Gomes,840.222.776-70,1950-07-09
5600,Helena Oliveira,806.672.527-20,2002-12-27
5601,Mariana Lima,445.190.677-66,1976-08-28
5602,Isabela Souza,083.063.443-67,1993-12-15
5603,Fernanda Silva,842.575.423-22,1991-04-15
5604,Rafaela Gomes,349.724.868-13,2005-07-04
5605,Nicolas Rodrigues,225.350.227-88,1990-01-03
5606,Sofia Ferreira,903.384.713-24,1992-10-11
5607,Ana Gomes,877.522.212-44,1954-01-19
5608,Beatriz Lima,023.420.338-26,1992-12-07
5609,Natalia Cardoso,453.500.215-08,1986-11-27
5610,Rafaela Cardoso,366.694.365-99,1995-07-22
5611,Eduardo Dias,491.997.851-02,1969-09-22
5612,Valter Lima,553.296.773-35,1994-02-07
5613,Andre Rocha,428.318.886-70,1959-10-05
5614,Felipe Martins,633.428.091-08,1958-09-27
5615,Bruno Carvalho,168.249.770-47,1981-12-17
5616,Sofia Rocha,114.065.476-46,1981-09-14
5617,Fernanda Costa,674.907.535-54,1959-02-04
5618,Mariana Mendes,345.629.334-88,2003-11-19
5619,Andre Martins,515.822.309-27,1976-11-08
5620,Marcos Ferreira,059.676.561-46,1965-01-19
5621,Taina Rocha,833.441.467-69,2002-01-13
5622,Eduardo Rocha,389.252.914-01,2003-06-02
5623,Patricia Nascimento,352.908.311-93,1985-01-22
5624,Nicolas Martins,744.786.873-66,1961-10-07
5625,Ana Araujo,181.169.441-18,1999-03-20
5626,Isabela Ferreira,971.870.153-21,2001-04-09
5627,Samuel Araujo,405.419.199-11,2002-04-23
5628,Valter Dias,851.174.261-18,1977-12-12
5629,Helena Pereira,740.451.228-00,1979-07-10
5630,Nicolas Rocha,370.810.357-28,1974-10-08
5631,Patricia Souza,891.004.924-34,1986-01-25
5632,Beatriz Oliveira,285.499.726-30,1970-06-15
5633,Fernanda Gomes,081.086.670-62,1974-02-03
5634,Helena Rocha,579.035.406-88,1974-04-20
5635,Isabela Mendes,235.984.887-93,1985-09-28
5636,William Souza,864.841.212-90,1971-05-05
5637,Valentina Rocha,605.937.062-42,1991-08-13
5638,Isabela Almeida,526.436.113-49,1996-06-30
5639,Rafael Nascimento,057.162.984-94,1994-08-19
5640,Daniel Lima,870.096.461-12,1973-12-12
5641,Eduardo Rocha,948.385.601-92,1988-12-28
5642,Henrique Mendes,586.778.953-53,1962-04-21
5643,Valter Dias,753.930.361-16,2004-11-22
5644,Tiago Rocha,326.038.615-73,1989-04-30
5645,Valentina Pereira,368.378.037-19,1957-02-19
5646,Joao Souza,865.880.746-03,1960-06-06
5647,Isabela Santos,465.456.566-35,1969-11-01
5648,Eduardo Rodrigues,638.139.222-35,1968-11-29
5649,Camila Lima,210.379.982-86,1952-10-01
5650,Valter Cardoso,793.701.233-18,1980-01-26
5651,Igor Rocha,377.590.129-93,1961-08-25
5652,Thiago Dias,292.013.370-51,1975-08-23
5653,Andre Nascimento,408.507.491-15,1957-04-02
5654,Patricia Dias,282.369.649-06,1971-06-29
5655,Rafael Pereira,683.138.003-48,1972-05-28
5656,Samuel Rodrigues,367.361.404-55,1994-10-06
5657,Gabriel Souza,945.615.818-71,1959-12-24
5658,Daniela Silva,699.429.223-18,1955-09-12
5659,William Nascimento,895.893.201-55,1953-06-24
5660,Samuel Dias,810.723.227-57,1976-11-30
5661,Igor Mendes,301.944.108-03,1998-02-01
5662,Natalia Lima,442.537.424-08,2003-08-30
5663,Valter Souza,785.847.702-16,1969-04-20
5664,Thiago Pereira,831.091.571-36,2003-07-30
5665,Eduarda Silva,439.792.341-85,1952-07-11
5666,Isabela Lima,250.596.310-01,1983-10-13
5667,Julia Martins,844.187.768-85,2004-10-24
5668,Gabriel Souza,768.729.620-62,1977-01-14
5669,Julia Rocha,758.101.410-05,1952-08-10
5670,Paulo Pereira,592.306.511-84,1992-12-13
5671,Gabriel Cardoso,251.528.800-67,1977-10-23
5672,Vinicius Martins,054.690.508-07,1976-12-19
5673,Thiago Gomes,170.420.473-97,1951-12-18
5674,Paulo Araujo,887.526.322-10,1996-11-06
5675,Sofia Lima,133.358.021-52,1955-05-08
5676,Natalia Nascimento,700.233.582-03,1967-10-17
5677,Bruno Silva,627.415.708-50,1997-08-15
5678,Mariana Costa,860.416.143-00,1980-08-27
5679,Taina Almeida,491.892.455-71,1990-08-10
5680,Valentina Martins,433.304.030-20,1980-05-28
5681,Samuel Souza,815.853.506-21,1961-04-03
5682,Vinicius Pereira,580.994.919-39,1972-07-24
5683,Rafaela Araujo,333.129.386-51,1981-08-28
5684,Bruno Ferreira,850.220.805-59,1967-01-17
5685,Rafael Lima,792.795.132-73,1975-02-13
5686,Felipe Gomes,183.591.461-60,1965-01-02
5687,Beatriz Oliveira,407.983.400-45,1990-05-07
5688,Igor Souza,601.083.173-31,1977-09-21
5689,Vinicius Rocha,632.155.339-52,1991-08-24
5690,Andre Rodrigues,175.286.122-19,1972-11-29
5691,Antonio Santos,025.937.581-04,1997-10-27
5692,Patricia Gomes,002.287.408-94,2003-01-18
5693,Marcos Ribeiro,784.235.180-51,1964-05-12
5694,Henrique Lima,214.928.841-97,1984-10-11
5695,Patricia Carvalho,477.927.969-06,1967-10-31
5696,William Pereira,055.157.045-84,1966-12-07
5697,Patricia Silva,434.948.159-17,2000-06-14
5698,Nicolas Pereira,687.443.373-37,1959-12-30
5699,Sofia Silva,290.300.810-82,1969-12-04
5700,Vinicius Souza,114.075.597-88,1998-03-25
5701,Henrique Costa,163.484.430-00,1979-12-05
5702,Natalia Lima,475.508.238-20,1963-01-20
5703,Paulo Cardoso,816.137.195-40,1996-03-28
5704,Rafael Silva,732.714.635-06,1980-10-16
5705,Valentina Pereira,846.863.872-21,1954-09-19
5706,Natalia Costa,383.227.049-33,1973-06-20
5707,Rafaela Pereira,740.265.585-76,2005-05-12
5708,Larissa Carvalho,580.233.108-95,1958-12-02
5709,Nicolas Ribeiro,480.514.388-68,1965-10-10
5710,Lucas Almeida,749.099.447-02,1958-03-06
5711,Rafael Souza,324.062.146-05,1958-07-08
5712,Patricia Rodrigues,547.337.025-07,1978-11-23
5713,Carlos Ferreira,348.141.577-03,1959-12-09
5714,Samuel Santos,749.223.966-16,1982-05-10
5715,Helena Cardoso,514.190.827-52,1974-12-13
5716,Andre Araujo,456.599.250-73,1993-10-07
5717,Henrique Rodrigues,373.643.537-12,1960-01-26
5718,Larissa Oliveira,463.070.095-19,1997-08-03
5719,Natalia Silva,428.632.310-22,1965-11-21
5720,Felipe Ribeiro,574.744.936-24,1985-04-19
5721,Marcos Almeida,521.608.340-50,1964-12-24
5722,Nicolas Rocha,740.939.349-16,1985-02-03
5723,Taina Nascimento,935.395.621-84,1979-02-16
5724,Valentina Pereira,626.718.892-24,1986-09-27
5725,Lucas Santos,136.191.667-22,1969-08-18
5726,Larissa Pereira,177.594.144-20,1993-08-25
5727,Lucas Costa,045.337.697-56,2003-09-01
5728,Fernanda Martins,276.243.960-41,1985-12-19
5729,Patricia Santos,079.823.389-33,1956-11-02
5730,Lucas Mendes,735.639.211-99,1995-03-08
5731,Joao Cardoso,162.698.773-42,1979-06-17
5732,Gabriela Santos,597.344.685-96,1950-03-07
5733,Beatriz Dias,479.479.293-00,1985-10-07
5734,Fernanda Ferreira,629.087.929-40,1985-04-27
5735,Rafael Ferreira,367.763.966-20,1970-08-30
5736,Daniel Pereira,736.007.550-56,1973-01-15
5737,Ana Cardoso,413.838.901-61,1955-12-14
5738,Joao Gomes,282.079.077-11,2002-02-05
5739,Nicolas Cardoso,618.256.166-12,1973-05-31
5740,Beatriz Costa,802.802.224-32,1976-05-23
5741,Eduardo Martins,165.175.866-28,1986-09-18
5742,Larissa Ferreira,570.438.833-77,2001-03-20
5743,Larissa Rodrigues,840.991.269-43,1956-12-20
5744,Joao Ferreira,498.577.427-85,1968-10-23
5745,Andre Rocha,840.705.472-07,1954-04-25
5746,William Pereira,646.529.679-93,1972-07-15
5747,Lucas Oliveira,891.668.073-52,1960-04-09
5748,Beatriz Silva,179.776.600-75,1966-01-19
5749,Julia Silva,036.423.822-40,1972-04-09
5750,Bruno Gomes,220.941.245-50,1986-01-05
5751,Larissa Oliveira,202.540.941-98,1957-02-25
5752,Mariana Rocha,654.525.517-78,1984-12-10
5753,Andre Martins,983.649.509-67,1965-11-09
5754,Gabriel Pereira,897.572.031-49,1975-09-23
5755,Mariana Silva,614.328.858-55,2001-10-23
5756,William Lima,709.906.998-54,1960-03-13
5757,Samuel Rocha,237.104.490-30,1994-05-28
5758,Fernanda Oliveira,364.689.068-14,1997-05-09
5759,Joao Mendes,580.391.277-85,2005-06-08
5760,Beatriz Gomes,387.518.953-15,1972-07-31
5761,Larissa Rocha,703.977.338-44,1950-04-16
5762,Antonio Carvalho,143.269.441-37,1950-09-18
5763,Sofia Pereira,320.086.586-51,1965-08-13
5764,Mariana Almeida,487.819.342-54,1958-05-14
5765,Daniela Lima,746.757.325-18,1957-08-03
5766,Sofia Oliveira,561.731.243-00,1963-06-05
5767,Gabriela Rocha,792.476.174-80,1954-05-09
5768,Patricia Gomes,300.568.417-28,1964-01-01
5769,Marcos Rodrigues,406.975.413-04,1966-05-02
5770,Eduardo Rodrigues,015.089.229-26,1995-04-02
5771,Mariana Santos,922.133.704-94,1978-11-18
5772,Beatriz Rodrigues,860.729.430-04,1986-10-19
5773,Helena Mendes,734.512.951-99,2005-02-26
5774,Igor Pereira,855.867.931-21,1984-01-15
5775,Beatriz Pereira,786.348.765-00,1985-03-03
5776,Fernanda Pereira,806.955.211-52,1953-03-12
5777,Vinicius Gomes,316.156.678-57,1980-04-10
5778,William Araujo,134.112.928-49,1996-08-15
5779,Daniela Silva,423.852.479-92,1985-12-02
5780,Andre Ribeiro,450.855.488-17,1980-02-19
5781,Vinicius Mendes,069.043.987-36,1996-03-16
5782,Paulo Cardoso,999.498.440-37,1985-06-29
5783,Beatriz Pereira,690.959.405-35,1961-11-28
5784,Fernanda Rocha,899.020.777-06,1967-05-28
5785,Camila Cardoso,815.302.933-91,1968-03-13
5786,Eduardo Araujo,705.297.925-08,1971-01-01
5787,Rafael Lima,127.913.253-10,1972-04-20
5788,Helena Ribeiro,888.404.162-77,1993-08-15
5789,Taina Costa,212.115.444-27,1996-02-20
5790,Carlos Silva,246.101.681-03,1950-04-26
5791,Marcos Oliveira,377.973.095-23,1958-07-21
5792,Valter Ferreira,073.720.403-61,1965-12-21
5793,Valter Silva,440.121.785-39,1988-02-09
5794,Natalia Lima,361.455.012-51,2003-11-02
5795,Antonio Carvalho,312.868.667-07,1989-05-09
5796,Carlos Ferreira,469.836.332-29,1953-02-13
5797,Tiago Lima,816.853.199-04,2003-07-08
5798,Ana Mendes,701.461.870-91,1964-09-04
5799,Lucas Almeida,924.678.314-00,1984-10-26
5800,Taina Costa,508.823.243-81,1986-11-12
5801,Tiago Martins,477.323.724-41,2003-01-21
5802,Julia Dias,213.324.061-65,1996-05-20
5803,Felipe Dias,460.569.274-66,1983-04-12
5804,Antonio Ribeiro,695.826.169-03,1958-07-03
5805,Mariana Carvalho,381.258.025-09,1985-02-28
5806,Julia Souza,974.760.440-02,1976-09-03
5807,Isabela Carvalho,142.656.261-65,1985-06-13
5808,Camila Carvalho,643.007.247-92,1985-04-17
5809,Eduardo Silva,531.397.837-36,1975-06-21
5810,Lucas Ferreira,693.777.242-44,1973-01-19
5811,Julia Nascimento,841.287.612-14,1995-04-11
5812,Isabela Martins,124.998.779-28,2000-11-21
5813,Vinicius Lima,819.406.812-60,1991-02-06
5814,Carlos Ferreira,104.086.732-49,1979-01-13
5815,Paulo Ferreira,848.106.247-22,1956-08-29
5816,Eduardo Ribeiro,693.865.120-50,1980-03-03
5817,Sofia Oliveira,528.078.647-08,1993-05-17
5818,Ana Oliveira,696.202.336-70,1961-04-05
5819,Marcos Silva,653.813.789-04,1979-09-13
5820,Eduardo Pereira,354.351.290-01,1977-12-09
5821,Daniel Cardoso,963.859.524-87,1954-04-23
5822,Bruno Santos,045.106.660-04,1983-07-02
5823,Samuel Mendes,095.924.398-42,1957-08-24
5824,Bruno Mendes,832.257.021-02,1959-08-18
5825,Gabriel Cardoso,660.289.281-94,1973-01-31
5826,William Mendes,965.691.781-21,1982-10-27
5827,Sofia Cardoso,361.153.833-74,1983-11-25
5828,Eduardo Lima,493.474.303-07,1976-06-01
5829,Isabela Martins,784.566.115-57,1981-05-30
5830,Felipe Cardoso,160.964.057-89,1995-11-18
5831,Marcos Martins,601.782.961-04,1975-07-03
5832,Lucas Almeida,074.802.797-10,1962-01-03
5833,Marcos Rodrigues,019.969.946-11,1983-06-18
5834,Isabela Oliveira,745.658.988-70,1973-11-25
5835,Mariana Cardoso,684.438.068-26,1974-07-20
5836,Fernanda Lima,579.557.381-79,1980-09-17
5837,Henrique Araujo,997.281.561-70,1966-11-16
5838,Antonio Pereira,327.639.169-45,1975-06-27
5839,Vinicius Nascimento,397.687.659-33,1986-08-26
5840,Valentina Nascimento,181.753.409-24,1988-10-12
5841,Fernanda Rocha,975.117.563-10,1975-05-28
5842,Taina Santos,602.109.162-06,1988-11-15
5843,William Martins,967.278.332-90,1965-12-12
5844,Eduardo Rodrigues,731.968.243-57,1987-09-20
5845,Thiago Mendes,120.067.897-40,1964-03-03
5846,Henrique Araujo,156.914.701-91,1964-02-23
5847,William Cardoso,394.541.646-94,1952-06-12
5848,Marcos Oliveira,500.665.285-34,1967-12-18
5849,Camila Santos,455.786.859-27,1966-05-12
5850,Isabela Pereira,200.659.774-40,1960-05-07
5851,Valter Carvalho,201.803.420-02,1983-12-18
5852,Samuel Araujo,217.046.687-86,1952-06-20
5853,Samuel Oliveira,796.211.671-40,1963-03-05
5854,Rafaela Santos,465.836.599-56,1998-05-23
5855,Ana Oliveira,665.813.662-93,1964-12-28
5856,Isabela Santos,861.021.305-61,1952-03-13
5857,Tiago Ferreira,399.478.348-83,1999-01-30
5858,Daniela Carvalho,608.247.407-42,2000-10-25
5859,Valter Rodrigues,444.175.666-66,1958-01-06
5860,Vinicius Ferreira,213.239.295-17,1950-11-21
5861,Gabriela Rocha,761.032.165-67,1995-01-23
5862,Ana Cardoso,726.705.119-70,1970-02-17
5863,Paulo Cardoso,309.045.816-08,1992-03-05
5864,Larissa Dias,193.042.018-88,1982-10-21
5865,Thiago Santos,527.311.876-03,1981-07-01
5866,Gabriel Nascimento,224.128.650-86,1972-04-13
5867,Paulo Lima,101.959.922-70,1966-04-08
5868,Sofia Rocha,244.406.615-48,2001-06-19
5869,Larissa Pereira,209.764.861-48,1999-07-02
5870,Mariana Cardoso,255.914.321-66,1960-04-05
5871,Lucas Costa,456.051.820-30,1997-04-18
5872,Beatriz Cardoso,617.808.713-68,1980-07-07
5873,Patricia Mendes,473.242.057-55,1955-04-24
5874,Patricia Martins,595.925.707-60,1966-10-07
5875,Lucas Rocha,290.469.981-34,1956-03-27
5876,Igor Pereira,137.026.167-56,1958-04-15
5877,Eduardo Nascimento,270.224.102-67,1987-06-27
5878,Julia Oliveira,083.083.209-29,1957-10-10
5879,Valter Almeida,193.841.531-09,1956-02-24
5880,Paulo Dias,230.731.397-45,1962-10-19
5881,Tiago Cardoso,872.877.130-39,1977-02-25
5882,Isabela Almeida,876.809.007-28,1991-03-04
5883,William Martins,427.709.785-51,1963-05-21
5884,Daniel Almeida,991.385.413-00,1960-12-29
5885,Joao Carvalho,485.195.442-58,1969-12-31
5886,Natalia Carvalho,402.588.551-42,1950-11-01
5887,Paulo Mendes,921.710.874-04,1998-01-13
5888,Andre Almeida,159.964.608-07,1990-03-30
5889,Helena Gomes,477.753.881-88,1990-05-14
5890,Henrique Cardoso,353.247.811-00,1951-01-14
5891,Gabriela Martins,219.897.446-05,2002-02-03
5892,Mariana Souza,681.516.491-86,2005-02-19
5893,Antonio Nascimento,044.519.649-11,1966-03-22
5894,Rafaela Silva,661.901.748-76,1976-04-27
5895,Julia Gomes,246.719.306-33,1976-08-05
5896,Marcos Rodrigues,908.753.589-93,2000-03-27
5897,Natalia Costa,435.951.333-07,1956-03-16
5898,Gabriel Dias,543.232.469-51,1969-09-06
5899,Carlos Ribeiro,169.788.377-09,1993-03-27
5900,Julia Santos,439.718.884-02,1962-09-18
5901,Joao Oliveira,696.564.553-98,2003-10-01
5902,Julia Mendes,403.476.964-57,1983-04-13
5903,Taina Lima,066.899.425-89,1969-06-13
5904,Julia Mendes,369.308.011-94,1998-07-12
5905,Marcos Costa,139.830.200-70,1981-09-30
5906,Henrique Gomes,723.861.601-73,1998-11-25
5907,Henrique Souza,913.640.695-39,1998-07-14
5908,Beatriz Ribeiro,184.047.735-05,1953-03-19
5909,Rafaela Oliveira,884.974.163-41,1966-05-18
5910,Julia Mendes,556.336.602-26,1970-01-05
5911,Bruno Pereira,179.211.828-79,2001-06-28
5912,Daniela Almeida,051.027.190-17,1981-07-19
5913,Paulo Souza,479.605.623-85,1969-06-18
5914,Beatriz Rocha,479.768.854-80,1967-09-19
5915,Sofia Ferreira,458.295.463-45,1992-10-12
5916,Natalia Almeida,300.304.716-72,1986-05-03
5917,Isabela Almeida,425.301.281-70,2003-03-14
5918,Valentina Silva,011.295.207-06,1995-02-05
5919,Fernanda Cardoso,741.465.663-20,1990-06-04
5920,Beatriz Nascimento,043.737.514-55,1971-03-05
5921,Daniel Almeida,554.622.284-06,1991-02-09
5922,Felipe Ferreira,009.749.091-14,1963-10-30
5923,Eduardo Oliveira,935.815.141-25,1998-10-24
5924,Daniel Dias,400.489.656-85,1950-09-13
5925,Samuel Carvalho,695.449.569-72,1991-11-18
5926,Joao Ribeiro,561.234.001-00,1979-06-01
5927,Helena Costa,904.015.076-10,1964-10-20
5928,Thiago Carvalho,201.217.220-23,2003-02-13
5929,Valter Almeida,422.082.419-75,1999-02-15
5930,Daniel Araujo,787.341.372-11,1968-08-27
5931,Beatriz Araujo,357.136.187-30,1991-11-03
5932,Sofia Rocha,789.535.258-02,1978-08-07
5933,Rafaela Gomes,599.515.414-10,1972-04-06
5934,Gabriel Santos,438.724.308-23,1995-12-29
5935,Valentina Cardoso,606.414.425-48,1954-06-21
5936,Tiago Ferreira,933.757.901-47,1979-04-14
5937,Carlos Silva,880.639.584-03,1979-10-25
5938,Taina Ribeiro,052.965.370-25,1972-10-22
5939,Lucas Martins,809.856.835-03,1954-11-12
5940,Carlos Oliveira,834.402.755-15,1973-06-28
5941,Marcos Santos,142.950.336-00,2001-08-29
5942,Rafaela Ferreira,834.021.104-82,1981-01-10
5943,Valter Rocha,804.606.534-07,2001-12-31
5944,Natalia Silva,966.634.916-79,1983-09-24
5945,Camila Ribeiro,577.390.455-19,1976-07-14
5946,Mariana Martins,233.193.121-62,1954-03-16
5947,Samuel Oliveira,103.877.380-61,1953-01-06
5948,Igor Nascimento,898.196.870-55,1987-05-08
5949,Eduardo Martins,884.331.650-89,2003-08-06
5950,Rafael Rodrigues,381.272.490-17,1959-09-12
5951,Taina Santos,543.934.698-87,2003-12-13
5952,Paulo Carvalho,738.439.537-24,1965-12-18
5953,Daniel Mendes,015.358.496-30,1963-09-16
5954,Antonio Santos,323.020.192-29,1984-01-22
5955,Rafael Ferreira,017.385.555-50,1981-10-02
5956,Camila Ribeiro,181.761.426-62,1987-08-14
5957,Helena Lima,436.770.411-47,1951-06-05
5958,Nicolas Santos,026.491.359-05,1992-10-03
5959,Sofia Mendes,956.425.275-09,1969-04-09
5960,Eduarda Araujo,791.053.725-50,1986-10-16
5961,Carlos Ferreira,337.343.488-20,2004-07-15
5962,Daniela Dias,000.024.201-20,1961-11-22
5963,Igor Araujo,606.625.957-18,1998-10-23
5964,Lucas Lima,411.284.842-00,1958-05-21
5965,Lucas Costa,742.194.047-24,1999-12-22
5966,Tiago Souza,367.161.684-94,2002-10-08
5967,Nicolas Rocha,912.638.279-26,1977-09-06
5968,Eduarda Lima,550.973.330-63,2004-02-20
5969,Paulo Nascimento,038.242.985-03,1963-12-26
5970,Marcos Santos,497.344.463-47,1976-06-04
5971,Eduardo Carvalho,749.659.131-91,1957-06-15
5972,Ana Souza,522.181.595-89,1998-06-30
5973,Rafael Souza,236.886.608-62,1999-08-01
5974,Larissa Almeida,235.113.952-67,1965-06-28
5975,Andre Carvalho,945.703.176-85,1998-12-21
5976,Fernanda Santos,132.470.730-51,1995-11-09
5977,Fernanda Lima,142.375.745-98,1974-07-28
5978,Daniel Oliveira,733.016.548-43,1990-11-14
5979,Felipe Ribeiro,781.591.665-16,1980-02-15
5980,Eduarda Araujo,286.421.360-57,1960-03-15
5981,Lucas Souza,472.229.453-42,1958-11-12
5982,Tiago Ferreira,516.441.805-37,1974-01-19
5983,Ana Silva,853.809.420-32,1991-10-29
5984,William Ferreira,199.097.989-05,1988-03-19
5985,Bruno Rocha,131.187.087-35,1996-08-04
5986,Daniela Gomes,749.167.165-90,1988-11-24
5987,Lucas Santos,986.678.851-26,1988-03-03
5988,Samuel Costa,038.528.579-53,1976-10-25
5989,Camila Souza,541.506.898-81,1980-06-30
5990,Eduarda Oliveira,881.167.873-06,1974-05-22
5991,Nicolas Santos,851.496.675-87,1991-02-03
5992,Fernanda Ferreira,954.023.134-58,1966-07-16
5993,Eduardo Cardoso,396.995.713-30,2004-11-18
5994,Carlos Araujo,001.684.512-98,1965-02-07
5995,Taina Santos,238.789.303-48,1998-03-14
5996,Gabriela Lima,760.409.626-31,1962-12-09
5997,Tiago Costa,259.537.621-78,1950-07-01
5998,Tiago Cardoso,532.727.206-00,1985-08-10
5999,Joao Ribeiro,490.597.303-13,1990-12-25
6000,Andre Almeida,745.088.306-68,2000-04-21
6001,Helena Rocha,481.704.967-72,1963-05-14
6002,Thiago Lima,279.191.637-73,2005-03-31
6003,Paulo Silva,047.202.888-04,1965-02-20
6004,Natalia Rocha,797.087.701-08,1978-05-08
6005,Julia Lima,244.310.299-82,1969-06-24
6006,Isabela Oliveira,036.740.092-85,1980-07-25
6007,Sofia Pereira,709.831.818-37,1955-06-11
6008,Rafaela Carvalho,307.148.830-00,1979-08-27
6009,Valter Ribeiro,082.759.868-85,1983-01-31
6010,Samuel Oliveira,974.884.674-18,1999-01-20
6011,Isabela Costa,328.642.504-46,1986-07-26
6012,Taina Araujo,174.265.884-91,1954-10-18
6013,Gabriel Martins,124.501.160-01,1959-01-07
6014,Julia Carvalho,181.160.762-48,1959-01-30
6015,Antonio Rocha,692.621.684-38,1992-01-28
6016,Larissa Silva,206.314.109-61,1961-09-25
6017,Taina Carvalho,329.540.568-94,1985-01-15
6018,Valentina Pereira,961.724.727-55,1968-09-20
6019,Daniela Mendes,897.060.446-47,1962-10-01
6020,Antonio Rodrigues,744.571.991-17,1989-02-23
6021,Lucas Rodrigues,421.421.140-59,1991-08-03
6022,Samuel Souza,366.492.907-18,1955-02-21
6023,Mariana Mendes,394.271.342-08,1976-09-14
6024,Marcos Santos,649.222.571-60,1987-10-14
6025,Valentina Santos,048.952.414-16,1969-12-04
6026,Taina Ribeiro,646.639.718-14,1953-10-09
6027,Eduarda Pereira,063.357.599-26,1992-10-25
6028,William Carvalho,975.675.646-29,1987-11-13
6029,Marcos Ferreira,674.913.481-57,1985-04-04
6030,Thiago Carvalho,032.422.164-90,1981-09-06
6031,Mariana Pereira,442.146.100-83,1975-06-26
6032,Tiago Mendes,359.005.819-69,2000-04-16
6033,Mariana Martins,514.690.591-69,1998-03-04
6034,Patricia Nascimento,653.979.005-83,1991-03-01
6035,Rafael Rodrigues,410.807.509-91,1979-10-11
6036,Camila Rodrigues,545.136.402-86,2004-07-06
6037,Valter Costa,208.595.031-00,1963-01-01
6038,Fernanda Ribeiro,595.995.924-09,1956-04-16
6039,Vinicius Araujo,166.553.601-29,1998-12-22
6040,Eduarda Oliveira,703.280.325-30,1968-01-16
6041,Rafael Rodrigues,614.491.792-66,1956-05-02
6042,Gabriel Gomes,148.111.468-91,1994-09-26
6043,Larissa Ferreira,117.370.215-60,1968-09-30
6044,Rafael Carvalho,503.559.967-15,1970-01-24
6045,Eduarda Rodrigues,121.312.434-48,1984-03-13
6046,Eduardo Ferreira,291.362.153-84,2003-02-26
6047,Taina Carvalho,060.146.120-76,1980-10-16
6048,Samuel Carvalho,984.475.393-77,1988-03-10
6049,Camila Silva,748.133.533-80,1971-12-10
6050,Henrique Dias,417.518.007-92,1981-05-21
6051,Eduardo Ribeiro,825.548.386-15,2000-02-11
6052,Eduardo Souza,235.879.050-88,1992-12-31
6053,Natalia Santos,907.294.856-41,1972-04-12
6054,Eduardo Martins,673.139.628-19,1985-07-29
6055,Rafaela Rodrigues,897.547.011-30,1966-04-17
6056,Eduarda Lima,359.393.942-80,1989-12-01
6057,Julia Mendes,288.156.596-41,1951-03-27
6058,Valentina Santos,287.447.706-00,1975-03-05
6059,Rafael Souza,335.782.992-43,1974-01-21
6060,Valentina Pereira,350.688.439-54,1972-03-25
6061,Thiago Almeida,960.626.382-76,1970-08-24
6062,William Oliveira,929.478.745-10,1973-01-02
6063,Daniel Martins,031.868.659-72,1966-06-01
6064,Lucas Dias,948.129.645-80,1975-07-15
6065,Paulo Pereira,771.959.119-42,2002-09-11
6066,Sofia Oliveira,364.477.291-66,1960-09-16
6067,Rafael Mendes,440.147.082-68,1967-11-11
6068,Eduarda Rocha,617.258.828-17,1973-03-09
6069,Sofia Costa,718.045.591-13,1965-10-08
6070,Rafael Dias,951.217.447-22,1983-07-29
6071,Henrique Almeida,651.837.047-59,1953-10-15
6072,Julia Rodrigues,712.506.821-93,1962-04-27
6073,Ana Almeida,581.397.951-43,2005-11-04
6074,Henrique Costa,452.405.589-49,1991-10-19
6075,Larissa Almeida,591.998.855-06,1964-01-18
6076,Julia Dias,297.702.598-70,1975-06-07
6077,Carlos Cardoso,554.220.548-81,1990-07-26
6078,Larissa Rocha,129.896.733-34,1982-11-04
6079,Rafaela Araujo,063.230.017-56,1957-09-03
6080,Vinicius Ribeiro,576.329.516-10,1987-02-21
6081,Helena Souza,567.486.374-14,1994-01-31
6082,Camila Almeida,036.638.602-64,1984-08-17
6083,Nicolas Araujo,175.840.531-73,1997-09-04
6084,Samuel Martins,585.228.876-40,1961-01-18
6085,Igor Costa,746.003.410-07,1983-07-11
6086,Samuel Cardoso,287.035.171-28,2002-10-31
6087,Thiago Carvalho,974.500.970-95,1988-04-30
6088,Taina Carvalho,071.253.461-03,1958-09-13
6089,Andre Gomes,524.027.820-21,1960-03-09
6090,Daniel Cardoso,113.083.953-29,1959-12-25
6091,Daniela Martins,951.522.345-80,1954-11-30
6092,Samuel Rocha,607.137.667-00,1951-02-01
6093,Samuel Santos,606.050.640-24,1981-10-31
6094,Fernanda Souza,832.840.144-46,1953-08-26
6095,Joao Dias,043.893.531-44,1990-10-11
6096,Mariana Pereira,461.552.241-02,1955-12-27
6097,Rafaela Carvalho,148.126.892-95,1984-07-05
6098,Daniel Cardoso,352.738.396-45,1994-11-29
6099,Rafael Gomes,606.945.684-06,1989-05-23
6100,Camila Dias,319.579.965-01,2000-09-15
6101,Fernanda Costa,394.494.930-73,1991-07-13
6102,Samuel Lima,578.449.023-02,1955-03-28
6103,Lucas Nascimento,146.502.860-93,1956-09-25
6104,Daniela Mendes,376.910.818-39,2003-11-15
6105,Rafael Oliveira,378.011.047-49,1950-04-18
6106,Nicolas Carvalho,444.532.567-87,1962-01-04
6107,Eduarda Souza,951.109.452-17,1986-01-25
6108,Carlos Mendes,216.551.462-20,1950-12-25
6109,Ana Silva,888.876.414-39,1971-07-13
6110,Joao Araujo,222.855.693-94,1957-01-05
6111,Taina Rocha,354.881.073-04,1962-11-03
6112,Joao Martins,199.037.773-45,1957-12-06
6113,Fernanda Silva,253.759.335-94,1998-10-15
6114,Andre Oliveira,514.940.074-28,1988-09-20
6115,Lucas Pereira,397.988.118-01,1995-04-18
6116,Isabela Oliveira,076.059.558-55,1991-07-21
6117,Beatriz Carvalho,253.776.967-86,1972-05-23
6118,Helena Ribeiro,496.607.028-76,1992-02-16
6119,Natalia Nascimento,238.057.121-03,1986-02-28
6120,Henrique Costa,966.827.342-71,1996-12-20
6121,Tiago Santos,426.854.460-79,1986-03-05
6122,Nicolas Mendes,958.993.219-38,1956-12-02
6123,Patricia Rodrigues,044.217.953-72,1976-11-18
6124,Rafael Ribeiro,645.044.624-27,1952-03-23
6125,Valter Lima,163.166.417-45,1954-12-07
6126,Camila Santos,337.904.742-23,1960-06-23
6127,Helena Santos,660.580.856-83,2003-03-31
6128,Ana Pereira,891.708.880-51,1989-05-19
6129,Isabela Carvalho,207.530.877-23,1963-02-02
6130,Isabela Ferreira,966.734.958-63,1989-02-22
6131,Camila Souza,500.858.549-56,1956-01-18
6132,Valentina Ferreira,516.792.127-96,1955-11-06
6133,Vinicius Gomes,261.718.670-98,2002-06-27
6134,Henrique Mendes,372.016.485-35,1973-04-17
6135,Joao Souza,332.581.963-03,1972-10-03
6136,Samuel Souza,300.436.256-22,2000-11-17
6137,Gabriela Gomes,393.058.187-65,1984-01-31
6138,Julia Lima,046.610.106-63,1955-11-03
6139,Tiago Ribeiro,816.189.329-26,1998-08-16
6140,Henrique Gomes,366.145.018-28,1956-06-08
6141,Samuel Nascimento,850.374.361-25,1965-11-11
6142,Bruno Souza,426.189.124-70,1955-09-08
6143,Andre Costa,121.933.873-70,1951-07-18
6144,Beatriz Ferreira,032.897.957-05,1970-05-20
6145,Joao Araujo,564.108.945-11,1962-05-16
6146,Beatriz Nascimento,259.403.764-87,2002-06-06
6147,Valter Souza,330.984.552-41,1962-02-15
6148,Daniel Gomes,494.228.514-32,1958-03-06
6149,Rafaela Ferreira,325.586.133-08,1967-01-10
6150,Natalia Silva,561.311.137-50,1962-07-14
6151,Natalia Martins,790.821.352-99,1963-08-16
6152,Daniela Oliveira,118.909.830-04,1995-07-09
6153,Lucas Rocha,933.309.138-60,2004-04-02
6154,Eduarda Dias,860.208.289-48,1986-07-08
6155,Nicolas Oliveira,814.335.862-31,1998-08-28
6156,Rafaela Ribeiro,880.588.779-05,1989-01-30
6157,Nicolas Santos,768.790.244-08,1987-07-26
6158,Sofia Carvalho,235.986.484-05,1952-07-14
6159,Thiago Costa,702.907.542-08,1963-09-21
6160,Sofia Cardoso,980.147.689-30,1999-05-09
6161,Natalia Ferreira,391.596.586-30,1987-05-17
6162,Paulo Oliveira,403.484.545-70,1971-09-07
6163,Gabriel Araujo,932.633.457-02,1955-03-23
6164,Nicolas Souza,175.966.144-93,1988-01-12
6165,Eduardo Ribeiro,849.089.571-69,1954-05-30
6166,Lucas Santos,611.402.235-18,2002-11-14
6167,Gabriel Silva,658.552.295-80,1952-01-21
6168,Vinicius Lima,436.048.848-37,1985-06-06
6169,Daniela Cardoso,174.575.768-60,1961-08-30
6170,Henrique Rodrigues,690.089.730-49,1969-10-21
6171,Henrique Ribeiro,907.746.743-26,1967-07-06
6172,Valter Silva,970.555.013-18,1968-07-14
6173,Mariana Lima,317.274.963-02,1958-09-01
6174,Nicolas Mendes,534.026.101-83,1979-10-04
6175,Paulo Gomes,263.231.078-48,1980-03-08
6176,Lucas Nascimento,884.620.542-14,1951-08-30
6177,Eduarda Souza,866.827.263-25,1977-03-22
6178,Beatriz Souza,881.497.741-06,1999-04-27
6179,Daniela Mendes,271.513.194-10,1997-03-01
6180,Julia Cardoso,827.634.394-54,1988-10-09
6181,Patricia Ribeiro,718.868.354-97,1992-05-23
6182,Patricia Araujo,457.147.274-95,1990-11-06
6183,Vinicius Rodrigues,198.071.233-64,1988-01-14
6184,Igor Mendes,121.554.237-21,1971-12-31
6185,Thiago Rocha,770.414.588-65,1987-02-11
6186,Eduarda Rodrigues,643.235.906-60,1971-09-28
6187,Helena Mendes,775.548.400-96,1975-05-14
6188,Isabela Souza,099.798.857-69,1986-07-20
6189,Ana Souza,966.679.399-76,1966-10-21
6190,Marcos Cardoso,360.798.909-50,1993-09-06
6191,Rafael Dias,207.983.381-21,1951-03-08
6192,Fernanda Rodrigues,624.083.195-60,1963-06-13
6193,Eduardo Carvalho,674.456.322-04,1979-07-06
6194,Antonio Ribeiro,467.884.880-02,1983-08-02
6195,Tiago Gomes,474.200.289-07,1963-05-22
6196,Patricia Lima,371.424.388-78,1955-05-25
6197,Gabriela Almeida,724.928.840-74,2001-04-18
6198,Felipe Dias,657.385.375-05,1959-10-16
6199,Larissa Pereira,072.159.805-61,1984-06-21
6200,Ana Costa,224.703.213-36,1967-02-11
6201,Joao Cardoso,006.840.964-80,1963-04-26
6202,Tiago Almeida,855.507.932-29,1950-08-30
6203,Beatriz Mendes,224.491.306-67,1959-01-24
6204,Ana Mendes,557.041.936-50,1972-11-05
6205,Ana Ferreira,415.118.222-52,1975-10-17
6206,Gabriela Almeida,295.010.232-81,1967-06-20
6207,Julia Oliveira,399.285.814-60,1966-09-29
6208,Marcos Almeida,502.214.916-86,1958-05-09
6209,Camila Souza,995.321.059-48,1993-01-04
6210,Nicolas Lima,281.435.194-06,1960-12-17
6211,William Rocha,798.176.301-02,2003-05-06
6212,Fernanda Oliveira,543.167.014-01,1959-11-04
6213,Ana Lima,882.064.562-95,1952-08-30
6214,Antonio Dias,832.736.529-00,1968-05-09
6215,William Araujo,252.056.567-51,2005-07-09
6216,Fernanda Martins,712.794.401-63,1970-06-25
6217,Antonio Ribeiro,972.533.249-00,1990-10-14
6218,Beatriz Araujo,306.868.878-75,1989-03-14
6219,Gabriela Rocha,202.285.404-70,1951-04-04
6220,Isabela Ferreira,166.845.015-17,1988-09-27
6221,Helena Costa,584.819.060-77,1976-01-21
6222,Bruno Dias,827.814.705-11,1988-12-25
6223,Valter Dias,717.291.269-10,1996-01-17
6224,Fernanda Gomes,334.533.843-26,1951-11-17
6225,William Pereira,697.883.310-09,1965-10-26
6226,Camila Mendes,520.564.598-92,1950-11-16
6227,Mariana Carvalho,405.856.595-08,1957-01-31
6228,Thiago Nascimento,439.504.449-20,1962-07-28
6229,Antonio Rocha,545.549.128-84,1968-11-28
6230,Daniela Oliveira,794.944.228-05,1971-03-24
6231,Isabela Dias,958.742.796-36,1969-09-12
6232,Ana Carvalho,955.094.786-67,1975-07-29
6233,Daniela Martins,388.281.059-92,1964-06-05
6234,Carlos Oliveira,211.894.623-62,1959-06-13
6235,Eduarda Martins,655.636.300-64,1976-07-02
6236,Mariana Rodrigues,590.156.407-34,1982-10-05
6237,Bruno Ferreira,941.467.359-80,1963-01-22
6238,Nicolas Rodrigues,962.577.416-53,1960-12-29
6239,Henrique Ribeiro,665.764.063-39,1971-11-09
6240,Eduardo Ribeiro,586.171.106-27,2001-03-03
6241,Gabriel Araujo,969.392.496-72,1963-11-05
6242,Patricia Lima,436.928.515-10,1987-04-14
6243,Larissa Mendes,379.477.417-51,1969-05-12
6244,Patricia Almeida,601.078.676-21,1954-01-18
6245,Daniel Rodrigues,450.358.165-16,1977-10-02
6246,William Cardoso,061.846.487-56,1983-10-08
6247,Ana Mendes,576.460.363-31,1965-02-27
6248,Valentina Pereira,866.227.192-84,1957-10-27
6249,Joao Almeida,665.667.390-25,1983-11-25
6250,Beatriz Nascimento,277.236.576-09,1956-09-29
6251,Sofia Araujo,665.716.402-52,1964-02-27
6252,Felipe Oliveira,234.945.724-96,1973-07-22
6253,Vinicius Souza,764.826.148-09,1956-07-23
6254,Antonio Rocha,957.818.338-03,1951-07-09
6255,Marcos Silva,331.566.705-53,1967-05-05
6256,Rafaela Santos,851.983.860-06,1985-08-24
6257,Tiago Ferreira,249.895.691-30,1955-09-13
6258,Beatriz Rodrigues,089.758.638-75,1952-07-15
6259,Sofia Santos,441.616.613-39,1950-04-28
6260,Felipe Rodrigues,548.539.610-03,1976-02-01
6261,Nicolas Silva,880.574.987-73,1982-04-26
6262,Paulo Carvalho,024.938.713-16,1998-04-23
6263,Vinicius Dias,279.354.445-01,1998-07-29
6264,William Silva,573.019.952-02,1985-07-05
6265,Daniela Carvalho,578.245.663-90,1988-12-26
6266,Natalia Santos,512.816.379-20,2002-07-08
6267,Henrique Almeida,173.338.568-10,1972-06-02
6268,Felipe Rocha,570.015.034-44,1968-04-29
6269,Gabriela Martins,292.356.213-56,1973-06-30
6270,Mariana Almeida,571.205.749-22,1961-07-21
6271,Daniela Almeida,860.682.897-10,1961-12-10
6272,Nicolas Araujo,024.564.531-40,1954-06-30
6273,Lucas Ferreira,907.009.608-05,2001-07-02
6274,Henrique Araujo,443.593.457-47,1956-05-15
6275,Gabriel Oliveira,563.360.610-86,1957-01-24
6276,Rafaela Costa,312.303.672-33,1988-05-01
6277,Nicolas Lima,730.816.903-07,1980-09-27
6278,Antonio Rodrigues,420.628.958-10,1950-10-17
6279,Taina Pereira,485.116.883-74,2002-06-17
6280,Julia Souza,143.678.587-15,1970-12-20
6281,Mariana Carvalho,667.668.293-11,1954-11-20
6282,Antonio Nascimento,370.387.746-46,1974-02-10
6283,Patricia Mendes,508.825.704-04,1973-10-31
6284,Bruno Ribeiro,428.358.874-15,1965-06-05
6285,Fernanda Santos,943.805.479-06,1973-09-07
6286,Nicolas Rocha,830.186.080-46,1992-01-20
6287,Daniel Almeida,939.856.760-11,1952-08-02
6288,Sofia Costa,709.839.654-04,1997-02-24
6289,Thiago Lima,338.053.634-27,1989-10-22
6290,Eduarda Ferreira,780.478.054-01,1972-06-18
6291,Carlos Pereira,925.824.914-38,1999-01-07
6292,Ana Cardoso,745.921.893-61,1958-10-09
6293,Beatriz Ribeiro,876.869.461-00,1999-04-29
6294,Taina Souza,657.141.787-18,1978-01-04
6295,Gabriela Silva,566.326.246-69,1969-07-27
6296,Beatriz Costa,578.653.578-93,1984-05-30
6297,Gabriel Ferreira,736.032.112-35,1974-11-16
6298,Andre Cardoso,615.479.984-58,1973-10-26
6299,Fernanda Cardoso,519.968.327-60,1987-08-03
6300,Isabela Cardoso,908.237.105-72,2003-02-17
6301,Gabriel Silva,233.980.473-60,1963-09-01
6302,Marcos Costa,243.758.116-25,1962-01-08
6303,Carlos Rocha,697.185.114-58,1989-08-19
6304,Igor Araujo,163.159.380-35,2003-04-14
6305,Felipe Pereira,786.118.919-88,1964-10-12
6306,Samuel Almeida,440.260.835-00,1999-10-24
6307,Rafael Rocha,743.540.858-10,1976-01-13
6308,Julia Silva,495.492.876-10,1991-12-15
6309,Bruno Martins,753.866.881-03,1977-12-24
6310,Bruno Rodrigues,924.133.733-81,1965-07-16
6311,Felipe Lima,081.944.489-80,1955-05-25
6312,Isabela Silva,842.735.991-80,2001-04-16
6313,Helena Souza,578.644.829-02,1988-11-12
6314,Eduarda Costa,052.870.019-75,1954-04-11
6315,Eduardo Costa,465.212.256-00,1963-10-12
6316,Sofia Lima,376.292.066-40,1981-06-06
6317,Sofia Ribeiro,667.037.070-90,1956-01-09
6318,Camila Rocha,557.538.825-52,1990-08-26
6319,Samuel Carvalho,371.171.856-60,2005-06-03
6320,Fernanda Souza,781.887.581-67,1982-03-31
6321,Samuel Rocha,186.239.378-80,1973-12-25
6322,Camila Mendes,719.571.562-01,1959-07-11
6323,Ana Santos,047.194.065-80,1988-11-15
6324,Paulo Gomes,900.370.861-46,1977-02-23
6325,Henrique Rodrigues,910.274.237-36,1995-06-04
6326,Mariana Araujo,623.147.012-16,1985-04-30
6327,Antonio Ribeiro,629.266.923-82,1984-10-13
6328,Helena Santos,134.214.876-26,1970-07-25
6329,Antonio Pereira,986.281.180-39,1968-02-19
6330,Gabriela Rocha,688.535.913-07,1981-04-28
6331,Nicolas Costa,637.478.882-67,1976-08-24
6332,Bruno Dias,198.781.339-15,1960-10-21
6333,Marcos Pereira,328.823.927-29,1978-09-04
6334,Valter Souza,387.055.440-17,1980-02-05
6335,Valter Nascimento,553.241.369-05,1953-08-22
6336,Lucas Santos,249.914.107-70,1958-10-18
6337,Lucas Cardoso,789.675.360-03,1950-01-18
6338,Taina Gomes,457.942.753-08,1991-10-24
6339,Natalia Araujo,326.953.724-77,1978-01-08
6340,Taina Rocha,712.269.514-06,1971-09-22
6341,Gabriel Dias,200.912.585-10,1971-02-24
6342,Valter Santos,297.089.538-22,2004-08-28
6343,Lucas Silva,640.137.489-67,1985-03-03
6344,Marcos Cardoso,263.769.246-46,1956-03-18
6345,Ana Gomes,993.180.447-55,2004-08-24
6346,Valentina Silva,505.159.490-51,1986-09-15
6347,Camila Almeida,562.706.105-75,1953-07-21
6348,Camila Dias,171.953.728-39,1958-08-15
6349,Joao Nascimento,408.988.479-90,1989-08-08
6350,Daniel Rodrigues,115.451.643-12,1971-11-21
6351,Thiago Mendes,288.367.009-93,1990-10-31
6352,Sofia Oliveira,886.828.757-99,1958-08-12
6353,Thiago Cardoso,872.307.557-00,1999-04-11
6354,Gabriel Oliveira,658.413.009-62,1968-05-01
6355,Julia Costa,064.620.667-25,1965-06-06
6356,William Mendes,361.941.028-37,1965-12-06
6357,Vinicius Ferreira,380.264.928-11,1954-11-23
6358,Patricia Souza,512.265.817-06,1991-07-08
6359,Larissa Rocha,257.836.368-43,1959-08-10
6360,Helena Almeida,053.252.600-73,1956-02-22
6361,Eduarda Cardoso,123.073.888-69,1955-06-28
6362,Daniela Pereira,212.436.521-52,1955-05-27
6363,Daniela Santos,745.205.009-66,2001-09-24
6364,Eduarda Souza,971.580.851-47,1957-06-22
6365,Daniela Gomes,041.225.011-05,1964-12-10
6366,Nicolas Araujo,508.267.039-50,1954-12-07
6367,Thiago Nascimento,380.799.149-23,1971-08-03
6368,Marcos Oliveira,910.451.414-96,1984-03-21
6369,Rafael Mendes,175.610.958-30,1970-05-26
6370,Valentina Cardoso,359.127.536-03,1966-08-02
6371,Valter Nascimento,990.523.347-49,1980-04-15
6372,Ana Rocha,178.356.364-84,1953-02-23
6373,Daniel Mendes,588.118.557-99,1992-08-17
6374,Eduarda Nascimento,077.576.627-53,1956-05-25
6375,Camila Ferreira,104.203.073-11,1981-04-21
6376,Patricia Cardoso,682.815.978-01,1951-11-25
6377,Ana Araujo,861.690.085-39,1972-01-06
6378,Sofia Araujo,550.748.144-05,1977-06-04
6379,Rafaela Rocha,446.926.626-46,1969-06-09
6380,Vinicius Ribeiro,198.138.334-40,2005-03-28
6381,Valter Souza,552.992.777-76,1990-09-20
6382,Eduarda Rodrigues,589.961.600-83,1957-04-04
6383,Natalia Oliveira,137.871.879-87,1991-05-19
6384,Paulo Rocha,293.090.772-04,1978-09-02
6385,Samuel Lima,009.062.509-94,1974-05-24
6386,Gabriel Ferreira,605.068.902-44,1982-08-08
6387,Daniel Costa,889.737.840-48,1989-08-25
6388,Ana Carvalho,190.241.617-11,1990-03-05
6389,Helena Rodrigues,797.309.053-39,1967-06-20
6390,Camila Oliveira,925.186.470-58,1973-03-07
6391,Paulo Ribeiro,502.313.744-96,1993-10-29
6392,Gabriela Ribeiro,650.371.500-51,1993-06-10
6393,Sofia Cardoso,838.268.201-42,1962-11-02
6394,Beatriz Pereira,152.620.767-26,2001-05-14
6395,Daniel Nascimento,571.869.725-60,1951-05-30
6396,Antonio Martins,973.658.794-08,2002-11-18
6397,Isabela Rodrigues,151.108.178-39,1967-10-05
6398,Eduarda Almeida,571.909.366-45,1959-11-29
6399,Lucas Martins,588.188.376-48,1951-12-06
6400,Gabriel Souza,712.550.758-13,1973-10-30
6401,Tiago Rodrigues,917.826.408-19,1967-09-11
6402,Taina Carvalho,434.028.855-14,2003-04-03
6403,Vinicius Souza,087.717.566-71,1972-02-28
6404,Andre Nascimento,903.818.683-54,1964-06-28
6405,Camila Silva,738.654.370-01,1959-06-21
6406,Gabriela Pereira,699.289.722-57,1973-07-10
6407,Tiago Araujo,619.348.776-03,1953-11-30
6408,Fernanda Almeida,109.862.453-05,1957-02-12
6409,Gabriela Gomes,718.265.227-78,1960-06-28
6410,Ana Ferreira,846.665.658-84,1972-06-12
6411,Beatriz Lima,291.037.497-11,1967-05-14
6412,Henrique Lima,567.121.249-99,1999-07-20
6413,Igor Martins,415.572.131-78,2005-09-22
6414,Eduarda Almeida,968.390.282-08,2001-09-29
6415,Igor Martins,722.071.135-23,1952-06-27
6416,Patricia Rodrigues,668.949.492-63,1994-05-16
6417,Samuel Rodrigues,677.447.324-56,1979-10-06
6418,Igor Oliveira,955.496.847-72,1964-02-12
6419,Joao Ferreira,041.281.771-30,1993-08-09
6420,Eduarda Ferreira,994.442.839-68,1983-12-17
6421,Natalia Costa,470.042.955-08,1974-04-29
6422,Lucas Oliveira,200.731.680-33,1998-02-27
6423,Beatriz Ferreira,824.239.977-87,1985-02-22
6424,Lucas Gomes,329.998.391-11,1999-06-07
6425,Lucas Gomes,990.588.419-01,1977-10-18
6426,Nicolas Costa,464.118.803-36,1974-03-10
6427,Felipe Araujo,006.169.384-70,1993-12-30
6428,Rafaela Mendes,106.370.721-89,2000-06-04
6429,Daniel Santos,822.616.340-48,1980-10-31
6430,Valentina Ferreira,498.590.175-06,1965-04-19
6431,Valter Santos,017.550.493-82,1979-03-18
6432,Igor Cardoso,141.277.015-79,1971-07-05
6433,Mariana Mendes,792.839.291-79,1963-10-29
6434,Rafaela Mendes,118.740.074-20,1970-01-18
6435,Isabela Ferreira,284.323.760-27,1969-02-08
6436,Andre Ferreira,729.442.472-12,1962-06-02
6437,Julia Martins,472.833.343-43,1964-03-24
6438,Eduardo Santos,322.275.617-18,1981-10-01
6439,Paulo Rodrigues,441.730.981-70,1996-04-02
6440,Eduarda Rocha,242.412.963-00,1981-12-16
6441,Vinicius Nascimento,522.883.209-23,1969-10-09
6442,Thiago Nascimento,498.009.293-47,1986-07-24
6443,Igor Araujo,851.455.494-82,1975-06-28
6444,Taina Lima,297.372.683-26,1964-09-04
6445,Patricia Rodrigues,483.375.573-46,1994-03-11
6446,Rafael Gomes,139.311.653-10,1960-03-19
6447,Isabela Martins,456.967.570-06,1981-10-15
6448,Lucas Oliveira,715.918.333-96,1970-11-04
6449,Daniel Ferreira,255.013.584-92,1960-02-28
6450,Camila Almeida,411.373.202-73,1961-11-14
6451,Beatriz Souza,738.226.068-20,1985-05-03
6452,Samuel Martins,630.709.964-00,1998-10-19
6453,Rafael Martins,399.875.681-73,2001-09-09
6454,Julia Dias,959.110.298-47,1977-05-19
6455,Thiago Rodrigues,835.093.275-94,1967-01-30
6456,Helena Dias,694.863.201-79,1971-10-04
6457,Ana Ferreira,533.239.691-03,1958-10-08
6458,Samuel Ferreira,641.151.644-84,1987-01-15
6459,Bruno Dias,239.659.782-50,1988-10-21
6460,Thiago Silva,080.047.032-08,1964-05-18
6461,Gabriel Santos,088.843.913-00,1973-12-27
6462,William Araujo,310.538.889-37,1969-11-20
6463,Fernanda Costa,904.428.236-06,1961-03-05
6464,Henrique Santos,109.728.938-90,1965-05-19
6465,Daniela Pereira,101.510.609-91,1993-12-22
6466,Nicolas Lima,970.420.977-00,1986-05-15
6467,Henrique Almeida,100.945.319-00,1974-12-25
6468,Helena Pereira,365.327.147-98,1966-01-10
6469,Carlos Silva,762.332.750-08,2002-03-05
6470,Taina Lima,483.174.936-28,1950-10-25
6471,Daniela Ferreira,168.763.073-95,1991-09-24
6472,Julia Pereira,575.848.363-05,2003-10-21
6473,Gabriela Araujo,013.898.810-24,1962-11-19
6474,Tiago Gomes,788.223.358-72,1988-07-09
6475,Helena Rodrigues,422.342.264-22,1956-10-30
6476,Antonio Oliveira,442.305.665-81,1989-04-16
6477,Igor Martins,061.251.743-87,1977-01-28
6478,Larissa Oliveira,084.398.893-21,2000-11-16
6479,Antonio Almeida,169.646.680-63,1963-06-17
6480,Felipe Cardoso,748.511.766-19,1960-04-10
6481,Isabela Carvalho,768.597.664-17,1988-05-20
6482,Tiago Costa,659.028.277-36,1976-09-06
6483,Gabriel Dias,482.545.763-00,1976-06-01
6484,Valentina Araujo,820.013.768-63,1972-03-04
6485,Daniel Costa,813.724.204-01,1987-08-22
6486,Daniel Almeida,521.705.726-27,1994-05-29
6487,Joao Rocha,830.020.304-49,1967-02-15
6488,Mariana Santos,779.001.215-01,1967-07-03
6489,Larissa Almeida,884.099.555-20,1950-11-18
6490,Henrique Costa,718.106.319-71,1997-12-14
6491,Daniel Lima,480.667.646-26,1962-07-30
6492,William Santos,651.651.265-52,1972-06-08
6493,Lucas Rodrigues,704.214.152-07,1971-02-19
6494,Samuel Araujo,787.000.985-74,1974-04-28
6495,Carlos Santos,693.576.338-04,1960-07-05
6496,Larissa Rodrigues,543.360.620-13,1968-07-13
6497,Marcos Martins,020.707.373-22,1985-06-29
6498,Gabriel Cardoso,031.697.607-50,2004-05-22
6499,Ana Carvalho,660.055.931-45,2002-05-21
6500,Thiago Carvalho,934.499.161-81,1982-08-28
6501,William Santos,287.982.622-54,1979-02-08
6502,Bruno Gomes,741.945.089-71,1953-06-05
6503,Henrique Ferreira,036.340.916-57,1957-01-05
6504,Gabriel Rocha,313.336.345-01,1965-06-25
6505,Rafael Silva,433.264.445-08,1995-10-26
6506,Fernanda Ferreira,494.615.286-55,1999-06-27
6507,Gabriela Gomes,915.674.079-43,1972-08-20
6508,Tiago Oliveira,790.608.125-06,1989-06-11
6509,Camila Ferreira,029.822.489-56,1989-04-14
6510,Daniela Lima,706.759.650-55,1951-08-23
6511,Antonio Costa,197.976.470-05,1977-11-02
6512,Samuel Martins,016.561.246-02,1986-12-09
6513,Helena Gomes,695.125.162-25,1995-01-11
6514,Antonio Costa,614.228.474-89,1984-07-01
6515,Thiago Nascimento,851.368.194-64,1998-05-31
6516,Antonio Carvalho,463.580.027-08,1962-04-18
6517,William Souza,714.112.129-32,1953-08-25
6518,Carlos Mendes,884.193.626-62,1968-11-16
6519,Eduarda Almeida,494.607.818-53,1964-05-13
6520,William Gomes,219.385.222-73,2005-03-16
6521,Natalia Oliveira,142.311.547-32,2002-03-20
6522,Igor Silva,499.883.120-83,1983-12-25
6523,Beatriz Gomes,395.432.845-39,1956-11-13
6524,Helena Dias,938.788.431-78,1950-04-20
6525,Igor Lima,914.876.427-25,1969-06-17
6526,Ana Silva,920.188.706-02,2003-09-11
6527,Rafael Rodrigues,292.401.162-06,1995-09-26
6528,Antonio Souza,680.732.819-29,1991-08-09
6529,Daniel Santos,772.188.906-52,1987-08-11
6530,Carlos Santos,565.534.002-02,1989-01-24
6531,Marcos Souza,617.277.539-17,2000-10-20
6532,Bruno Carvalho,316.118.698-20,1959-12-15
6533,Taina Costa,185.929.300-06,1976-06-21
6534,Taina Dias,229.468.976-30,1959-02-23
6535,Gabriel Martins,118.570.010-28,2001-06-15
6536,Julia Santos,737.866.557-66,1960-05-05
6537,Vinicius Gomes,572.903.413-09,1999-01-08
6538,Gabriel Gomes,176.737.272-85,1980-11-28
6539,Thiago Silva,635.931.215-81,1956-08-31
6540,Beatriz Silva,999.129.982-35,1974-07-11
6541,Paulo Martins,131.103.580-00,1990-10-14
6542,Joao Souza,091.204.593-00,1995-11-18
6543,Lucas Dias,596.384.535-16,1974-09-22
6544,Felipe Cardoso,196.623.003-68,1989-10-22
6545,Patricia Ferreira,375.708.151-06,1998-04-11
6546,Ana Araujo,783.368.261-65,1976-01-29
6547,Valter Ferreira,455.753.100-86,1962-03-12
6548,Gabriel Martins,897.427.571-60,1974-07-13
6549,Paulo Dias,125.529.165-62,1968-03-10
6550,Vinicius Nascimento,944.740.158-94,1987-01-15
6551,Gabriel Mendes,492.725.452-69,1997-07-11
6552,Mariana Pereira,402.308.912-50,1964-07-17
6553,Thiago Lima,397.150.102-88,1972-02-23
6554,Tiago Lima,142.900.940-31,1960-11-27
6555,Igor Nascimento,491.928.324-58,2000-10-20
6556,Daniel Oliveira,109.670.249-51,1955-09-26
6557,Daniela Martins,993.478.776-89,1962-10-31
6558,Vinicius Nascimento,467.930.721-88,1993-07-27
6559,Samuel Costa,192.790.068-94,1972-09-10
6560,Felipe Lima,287.345.763-55,1982-10-09
6561,Nicolas Araujo,311.135.492-03,1978-02-15
6562,Samuel Ferreira,745.644.313-07,1964-09-17
6563,Rafael Oliveira,561.368.233-06,1963-01-13
6564,William Santos,460.846.740-97,1992-03-08
6565,Helena Lima,801.879.997-08,1959-03-08
6566,Marcos Dias,084.815.277-85,1959-07-05
6567,Daniela Ribeiro,275.073.613-73,1966-10-22
6568,Beatriz Lima,063.223.628-01,1958-07-28
6569,Thiago Araujo,991.113.073-82,1987-09-22
6570,Eduardo Souza,967.197.969-68,1989-04-29
6571,Paulo Souza,626.671.416-79,1998-12-15
6572,Larissa Martins,597.007.321-00,1962-05-21
6573,Igor Souza,215.197.096-50,1963-10-16
6574,Joao Almeida,167.349.928-70,1973-03-24
6575,Isabela Martins,786.178.405-36,1976-12-08
6576,Rafael Ribeiro,120.612.687-65,1972-05-02
6577,Lucas Silva,144.987.715-08,1997-03-22
6578,Vinicius Pereira,781.259.833-09,2000-07-17
6579,Tiago Souza,979.368.642-10,1960-07-19
6580,Andre Souza,126.109.128-03,1963-07-16
6581,Lucas Nascimento,565.399.837-00,1988-05-21
6582,Joao Almeida,264.266.773-10,1952-06-27
6583,Eduarda Carvalho,235.279.434-04,1953-05-10
6584,Joao Souza,627.664.784-50,1996-10-22
6585,Henrique Silva,564.131.066-20,1985-04-16
6586,Beatriz Pereira,972.945.135-46,1986-11-04
6587,Ana Dias,901.480.681-70,1955-04-03
6588,Henrique Gomes,950.363.262-53,1970-05-06
6589,Lucas Gomes,054.322.602-63,1993-03-21
6590,Samuel Carvalho,624.068.375-21,2003-05-20
6591,Sofia Ribeiro,870.230.710-32,1979-06-15
6592,Eduardo Lima,006.741.586-52,1994-06-04
6593,William Gomes,240.874.155-62,1951-07-10
6594,Joao Gomes,764.496.392-88,1958-08-07
6595,Valter Cardoso,196.424.043-38,1985-12-08
6596,Daniel Lima,519.160.022-34,1963-08-14
6597,Henrique Gomes,679.926.624-31,1970-07-30
6598,Taina Oliveira,781.480.896-04,1982-05-08
6599,Samuel Ferreira,146.921.193-90,1984-03-22
6600,Rafael Araujo,574.122.876-30,1993-07-28
6601,Ana Carvalho,447.186.941-83,1970-05-29
6602,Vinicius Santos,408.086.283-05,1978-06-24
6603,Andre Nascimento,142.709.319-90,1957-06-19
6604,Larissa Souza,259.535.324-15,1960-09-13
6605,Julia Martins,662.068.566-82,1953-11-24
6606,William Silva,288.541.111-20,1961-10-23
6607,Antonio Souza,502.615.542-12,1991-08-08
6608,Igor Souza,410.452.887-05,1986-06-14
6609,Valentina Martins,880.904.952-73,1984-02-25
6610,Antonio Gomes,185.464.137-97,1963-01-13
6611,Samuel Oliveira,122.314.488-74,1986-06-05
6612,Patricia Martins,680.295.548-26,1980-10-23
6613,Tiago Dias,752.657.005-52,1986-10-30
6614,Helena Mendes,443.290.811-48,1988-03-24
6615,Beatriz Dias,629.395.613-38,1984-04-13
6616,Eduarda Gomes,100.374.921-60,1963-06-22
6617,Ana Dias,698.600.775-25,1990-02-15
6618,Eduarda Ribeiro,556.239.476-62,1977-09-10
6619,Gabriel Dias,145.785.909-25,1980-03-03
6620,Gabriela Dias,809.599.056-69,1951-08-03
6621,Natalia Pereira,662.510.315-22,1972-04-03
6622,Antonio Mendes,703.302.467-39,1993-02-06
6623,Gabriel Dias,688.706.410-31,1995-07-28
6624,Camila Dias,107.299.672-39,1965-10-15
6625,Valentina Mendes,551.570.343-00,1975-05-29
6626,Tiago Souza,710.035.705-50,1997-11-26
6627,Patricia Almeida,494.374.750-75,1988-07-17
6628,Natalia Ferreira,853.992.863-94,1983-09-20
6629,Thiago Almeida,411.525.641-96,1985-10-28
6630,Carlos Santos,643.305.406-49,2001-02-18
6631,Henrique Ribeiro,148.268.272-96,1980-06-01
6632,Gabriel Almeida,930.092.241-68,1958-03-13
6633,Lucas Nascimento,155.367.317-42,1976-02-09
6634,Julia Souza,152.192.693-05,1987-08-31
6635,Ana Rocha,970.739.955-48,1958-12-27
6636,Patricia Souza,039.868.863-03,1979-11-13
6637,Vinicius Lima,123.075.674-45,1978-01-20
6638,Rafaela Araujo,709.642.256-03,1968-09-11
6639,Nicolas Ribeiro,160.312.191-90,1976-11-27
6640,Sofia Pereira,381.454.032-86,1992-10-12
6641,Taina Oliveira,546.422.559-58,1962-06-30
6642,Helena Nascimento,192.074.411-87,1976-05-04
6643,Paulo Ferreira,297.832.845-25,1967-04-07
6644,Paulo Oliveira,291.660.400-60,2001-12-30
6645,Samuel Rocha,368.701.721-45,1982-12-24
6646,Eduarda Cardoso,474.400.054-14,1972-06-01
6647,Eduarda Costa,226.492.327-06,1964-10-29
6648,Valter Lima,503.893.476-55,1975-02-14
6649,William Rocha,523.253.774-15,1966-03-16
6650,Julia Martins,716.484.351-14,1975-09-20
6651,Carlos Lima,626.055.385-40,1981-11-06
6652,Carlos Cardoso,859.918.903-40,1974-01-10
6653,Lucas Araujo,449.958.539-28,1959-05-31
6654,Gabriela Souza,308.321.216-06,1959-01-30
6655,Igor Martins,251.973.102-86,2003-12-06
6656,Paulo Almeida,312.652.810-41,1954-12-16
6657,Igor Lima,988.871.054-05,1996-11-28
6658,Valentina Santos,438.008.666-68,1979-09-04
6659,Paulo Souza,539.362.233-35,2005-02-17
6660,Natalia Ferreira,469.549.465-59,2000-07-08
6661,Isabela Silva,548.885.073-25,1963-06-26
6662,Daniel Araujo,916.290.772-75,1987-04-04
6663,Vinicius Pereira,523.209.966-30,1963-02-17
6664,Igor Pereira,507.012.008-55,1975-07-03
6665,Beatriz Nascimento,588.222.724-04,1995-12-27
6666,Andre Rocha,931.785.878-37,1993-05-16
6667,Natalia Carvalho,053.867.677-98,1951-02-04
6668,Mariana Nascimento,379.672.803-00,1986-09-03
6669,Igor Oliveira,999.465.012-28,1967-05-01
6670,Bruno Nascimento,822.394.970-92,1998-08-22
6671,Patricia Lima,062.629.536-04,1978-01-11
6672,Valter Souza,487.774.599-89,1974-09-22
6673,Gabriela Mendes,836.808.988-35,1955-07-20
6674,Thiago Rodrigues,207.964.481-59,1992-09-08
6675,Carlos Ribeiro,253.912.552-28,1978-10-18
6676,Antonio Silva,308.973.760-48,1965-08-27
6677,Lucas Mendes,703.321.583-57,1986-04-06
6678,Natalia Santos,392.858.674-21,1970-01-30
6679,Eduardo Silva,489.883.362-40,1999-03-20
6680,Gabriela Araujo,506.094.718-13,1995-11-07
6681,Paulo Silva,695.131.914-60,1964-08-28
6682,Tiago Martins,730.746.863-83,1998-04-27
6683,Eduardo Lima,610.781.277-60,2003-12-13
6684,Sofia Dias,176.558.988-63,1961-09-16
6685,Patricia Dias,162.704.914-28,1960-09-03
6686,Paulo Ribeiro,623.338.316-18,1994-09-30
6687,Larissa Rocha,003.724.709-39,1972-10-20
6688,Gabriela Dias,513.074.552-39,2003-10-10
6689,Beatriz Silva,359.205.708-14,1967-08-16
6690,Thiago Pereira,263.030.783-20,1994-08-03
6691,Daniela Martins,429.461.257-69,2004-09-22
6692,Rafael Oliveira,233.160.308-16,2004-12-01
6693,Vinicius Costa,563.114.021-73,1981-05-17
6694,Natalia Santos,804.027.617-90,1993-11-08
6695,Rafael Oliveira,289.332.345-60,1973-01-07
6696,Helena Pereira,317.781.621-26,1974-08-10
6697,Julia Nascimento,656.570.762-65,1956-01-23
6698,Sofia Oliveira,635.021.421-81,1952-01-18
6699,Eduardo Oliveira,141.064.558-46,1966-09-17
6700,Ana Silva,941.244.516-44,1958-09-08
6701,Vinicius Lima,653.709.238-84,1992-04-02
6702,Vinicius Mendes,323.236.770-47,2003-08-11
6703,Samuel Rocha,534.251.701-04,1967-03-29
6704,Andre Mendes,812.155.524-83,2000-03-02
6705,Tiago Dias,308.713.016-87,1958-03-25
6706,Samuel Mendes,041.121.261-31,1954-06-24
6707,Thiago Silva,610.296.746-12,2003-04-23
6708,Lucas Araujo,803.493.163-25,2003-04-16
6709,Natalia Lima,835.574.908-15,1980-08-25
6710,Igor Lima,717.715.564-39,1996-10-19
6711,Tiago Ferreira,432.246.963-97,1959-08-02
6712,Rafael Oliveira,589.960.993-17,1964-04-24
6713,Eduardo Rodrigues,430.926.204-02,1995-12-21
6714,Helena Carvalho,015.217.381-14,1954-07-21
6715,Daniela Mendes,973.324.715-40,1964-07-27
6716,Bruno Cardoso,999.673.903-10,1959-04-03
6717,Eduardo Rocha,728.188.584-96,1953-05-05
6718,Joao Almeida,431.908.573-69,1974-10-10
6719,Felipe Dias,867.589.701-40,1979-08-01
6720,Valentina Pereira,270.955.772-00,1953-02-13
6721,Camila Gomes,368.890.896-18,1974-07-12
6722,Patricia Gomes,382.018.776-67,1990-07-15
6723,Eduarda Costa,944.115.309-53,1959-08-30
6724,Isabela Nascimento,073.662.062-10,1994-07-23
6725,Helena Carvalho,470.996.745-87,1951-03-19
6726,Joao Souza,623.925.265-40,1982-09-14
6727,Bruno Araujo,576.811.200-68,1982-02-03
6728,Gabriel Gomes,553.040.743-94,2003-06-07
6729,Natalia Mendes,727.075.933-20,1981-07-30
6730,William Costa,423.844.823-51,1963-06-30
6731,Rafael Rocha,017.106.378-38,1956-10-15
6732,Gabriela Cardoso,689.383.954-56,1967-02-17
6733,Taina Gomes,712.840.384-16,1955-07-28
6734,Daniel Cardoso,870.491.931-94,1999-01-27
6735,Joao Almeida,233.519.509-34,1987-03-03
6736,Helena Rodrigues,344.059.389-46,1998-10-22
6737,Rafaela Almeida,337.873.358-62,1955-04-18
6738,Andre Cardoso,299.895.981-42,1975-05-27
6739,Paulo Cardoso,059.515.567-75,1974-08-07
6740,Felipe Lima,227.300.636-50,1976-04-16
6741,Joao Santos,487.042.804-07,1998-07-11
6742,William Oliveira,929.447.633-26,1990-11-07
6743,Marcos Dias,938.047.013-45,1950-10-17
6744,Mariana Araujo,604.919.179-45,2000-09-10
6745,Joao Silva,579.731.080-50,1965-07-19
6746,Marcos Souza,362.255.784-20,1956-06-12
6747,Tiago Silva,322.211.388-21,1988-04-08
6748,William Souza,866.070.941-12,2002-03-09
6749,Andre Nascimento,241.685.845-93,1968-09-19
6750,Eduardo Rocha,810.534.053-40,1976-05-14
6751,Marcos Lima,923.081.079-79,2002-04-24
6752,Patricia Carvalho,565.139.072-33,1984-10-29
6753,Joao Lima,533.962.599-04,2000-09-10
6754,Eduarda Araujo,802.715.227-55,1971-01-22
6755,Lucas Costa,263.861.716-40,2000-06-04
6756,Daniela Rodrigues,835.817.810-77,1982-03-15
6757,Isabela Lima,503.578.354-50,1965-12-18
6758,Daniela Oliveira,357.961.444-48,1952-01-28
6759,Camila Gomes,799.798.431-36,1980-08-03
6760,Julia Costa,791.107.465-87,1980-08-04
6761,Beatriz Ferreira,530.200.686-30,1981-02-17
6762,Julia Rodrigues,204.204.224-20,1991-09-17
6763,Ana Carvalho,284.850.136-70,1993-04-17
6764,Helena Lima,508.932.008-08,1978-06-18
6765,Samuel Araujo,521.932.694-59,1974-10-30
6766,Eduardo Lima,310.291.209-51,1993-11-26
6767,Henrique Gomes,835.717.862-62,1951-02-26
6768,Paulo Dias,279.979.348-71,1969-02-12
6769,Larissa Rocha,480.742.689-34,1950-10-16
6770,Gabriela Araujo,501.775.475-02,1952-11-27
6771,Patricia Souza,681.573.664-45,1951-04-05
6772,Vinicius Martins,801.200.390-28,1997-07-23
6773,Gabriela Dias,704.765.954-44,1975-11-30
6774,Beatriz Cardoso,888.503.721-67,2001-06-08
6775,Natalia Silva,418.084.829-56,1986-07-31
6776,Antonio Lima,620.873.843-12,1962-06-16
6777,Julia Oliveira,563.439.768-50,1962-10-18
6778,Carlos Pereira,381.547.432-99,2004-06-06
6779,Vinicius Ribeiro,575.538.350-21,1989-01-29
6780,Carlos Carvalho,139.074.432-92,2001-03-27
6781,Marcos Rocha,202.221.237-10,1950-09-28
6782,Patricia Pereira,288.897.026-05,1952-09-21
6783,Camila Ribeiro,206.108.410-92,1984-08-13
6784,Thiago Nascimento,775.323.863-92,1993-06-15
6785,Lucas Rodrigues,642.178.572-76,1965-03-09
6786,Nicolas Silva,436.917.423-60,1999-09-26
6787,Camila Cardoso,691.918.098-78,1959-04-30
6788,Lucas Lima,552.753.700-91,1972-07-20
6789,Gabriela Santos,233.628.641-63,1956-02-29
6790,Felipe Dias,277.038.931-96,1970-02-04
6791,Henrique Carvalho,903.657.168-55,1996-08-05
6792,Vinicius Nascimento,293.190.101-61,1998-08-23
6793,Carlos Ribeiro,405.744.870-50,1969-10-14
6794,Samuel Souza,717.474.907-09,2004-12-13
6795,Larissa Almeida,285.337.362-23,1967-11-02
6796,Antonio Gomes,762.072.669-19,1971-10-05
6797,Gabriela Cardoso,585.218.625-20,1969-11-21
6798,Vinicius Ribeiro,639.487.422-19,1972-10-24
6799,Natalia Lima,909.342.692-38,1986-09-19
6800,Patricia Lima,448.304.105-31,1977-08-28
6801,Bruno Mendes,960.193.772-29,1999-06-16
6802,Eduardo Nascimento,566.807.345-92,1991-03-15
6803,Gabriela Silva,717.806.550-88,1965-06-06
6804,Henrique Lima,722.314.642-76,1954-02-20
6805,Isabela Silva,765.796.675-08,1996-11-06
6806,Eduarda Rodrigues,434.477.623-22,1985-08-05
6807,Tiago Ferreira,637.861.204-80,1981-09-17
6808,William Nascimento,767.404.950-76,1985-07-08
6809,Vinicius Costa,519.115.565-33,1965-12-03
6810,William Pereira,781.362.480-79,1973-11-20
6811,Henrique Nascimento,793.383.950-90,1963-07-18
6812,Joao Cardoso,626.314.135-20,1953-01-20
6813,Mariana Dias,785.141.201-31,1956-08-22
6814,Thiago Silva,677.368.523-08,1990-10-20
6815,Valter Araujo,611.558.497-36,1967-02-15
6816,Nicolas Lima,008.110.521-50,1965-01-25
6817,Sofia Silva,766.786.198-62,1984-11-21
6818,Eduardo Lima,533.837.331-90,1954-02-06
6819,Igor Lima,760.310.777-60,1967-02-07
6820,Daniel Almeida,396.414.412-64,1993-02-20
6821,Daniel Nascimento,988.027.209-91,2004-09-01
6822,Mariana Gomes,251.209.875-32,1980-07-23
6823,Valter Ferreira,700.475.870-24,1958-11-23
6824,Helena Mendes,087.034.116-21,1967-08-07
6825,Rafael Martins,101.083.015-59,1967-05-26
6826,Bruno Pereira,780.056.088-02,1986-08-04
6827,Mariana Cardoso,419.628.419-10,1973-06-19
6828,Sofia Araujo,469.057.923-73,1965-01-27
6829,Daniela Cardoso,395.768.538-93,2004-05-16
6830,Patricia Rodrigues,562.419.517-69,1999-10-15
6831,Felipe Almeida,189.278.698-26,1982-10-30
6832,Gabriel Mendes,796.737.995-04,1984-05-12
6833,Rafael Mendes,085.966.521-67,1984-03-03
6834,Natalia Lima,878.648.010-30,1979-08-03
6835,Gabriela Souza,842.641.022-78,1954-07-13
6836,Daniel Cardoso,359.578.808-76,1970-01-15
6837,Carlos Pereira,627.382.760-59,1989-02-22
6838,Joao Santos,625.091.792-68,1986-03-11
6839,Fernanda Oliveira,980.956.069-95,2004-09-04
6840,Rafaela Costa,323.673.654-23,1954-04-13
6841,Eduarda Rocha,731.112.027-63,1965-03-05
6842,Larissa Oliveira,631.741.993-01,1999-02-20
6843,Tiago Pereira,733.409.586-37,1971-12-05
6844,Andre Lima,692.326.624-69,1963-08-29
6845,Thiago Rocha,663.907.426-57,1987-12-18
6846,Natalia Rodrigues,891.228.002-39,1969-12-18
6847,Lucas Santos,609.314.173-09,1972-05-01
6848,Eduardo Oliveira,239.338.189-90,1973-01-18
6849,Bruno Carvalho,975.152.385-00,2000-04-25
6850,Tiago Araujo,250.671.322-05,1969-10-01
6851,Igor Silva,903.134.644-64,1970-05-28
6852,Vinicius Silva,153.395.833-50,1961-12-26
6853,Henrique Ribeiro,090.128.184-00,1997-11-04
6854,William Almeida,645.903.006-56,1991-10-14
6855,Tiago Rocha,134.680.606-37,1981-02-10
6856,Felipe Souza,217.472.672-60,1969-01-01
6857,Valter Santos,688.772.753-67,1999-03-03
6858,Gabriel Ferreira,897.073.421-02,1998-03-19
6859,Antonio Mendes,931.698.237-52,2001-09-19
6860,Thiago Ribeiro,342.056.680-82,1990-12-13
6861,Patricia Ribeiro,267.565.298-97,1950-09-03
6862,Daniel Almeida,036.100.460-58,1979-10-24
6863,Fernanda Silva,019.950.098-30,1992-02-09
6864,Julia Ferreira,462.716.752-04,1950-11-07
6865,Daniel Rocha,354.157.239-60,1994-06-28
6866,Sofia Costa,474.258.919-05,2002-02-19
6867,Andre Dias,746.519.846-14,1983-08-02
6868,Eduardo Rodrigues,160.328.889-91,1973-02-25
6869,Rafael Rocha,789.417.263-44,1981-12-18
6870,Helena Mendes,828.082.314-07,1967-04-12
6871,Beatriz Pereira,520.029.890-36,1976-01-03
6872,Julia Martins,980.878.253-14,1973-06-16
6873,Eduardo Nascimento,099.785.061-28,1984-05-16
6874,Daniela Almeida,121.788.881-00,1988-12-26
6875,Larissa Ferreira,669.874.223-62,1970-06-03
6876,Paulo Lima,446.117.954-03,2003-04-13
6877,Daniel Araujo,117.049.441-20,1982-08-09
6878,Mariana Ferreira,145.183.132-32,1958-06-30
6879,Paulo Oliveira,670.491.561-32,1951-01-02
6880,Camila Nascimento,260.768.516-86,1976-02-13
6881,Camila Martins,400.584.451-02,1962-01-19
6882,Nicolas Costa,729.428.981-60,1959-11-19
6883,Henrique Martins,497.248.325-38,2003-12-04
6884,Andre Nascimento,485.913.375-73,2002-02-15
6885,Thiago Rodrigues,345.823.881-67,1995-01-18
6886,Marcos Oliveira,694.675.689-42,1962-03-14
6887,Vinicius Costa,476.807.257-72,2001-03-09
6888,Igor Ribeiro,131.546.367-90,1987-11-20
6889,Isabela Oliveira,360.629.494-84,1973-11-30
6890,Joao Costa,724.557.699-84,2002-06-01
6891,Rafael Nascimento,511.948.933-84,1969-12-18
6892,Felipe Rodrigues,996.014.471-21,1982-09-12
6893,Tiago Rocha,771.944.595-31,2005-05-12
6894,Felipe Souza,409.774.184-56,1959-04-02
6895,Isabela Ferreira,405.352.932-83,1962-02-06
6896,Joao Ferreira,973.057.218-67,1988-08-24
6897,Taina Gomes,326.169.174-32,2001-05-19
6898,Tiago Almeida,945.227.918-44,1950-12-20
6899,Carlos Gomes,470.068.873-48,1950-05-29
6900,Helena Rocha,620.563.364-72,1954-04-20
6901,Thiago Araujo,628.271.288-29,1965-10-24
6902,Gabriel Almeida,109.687.254-49,1954-03-05
6903,Igor Nascimento,488.168.204-03,1969-05-16
6904,Julia Mendes,127.731.774-79,1965-02-06
6905,Lucas Cardoso,943.788.724-12,1962-06-07
6906,Joao Ribeiro,814.065.058-70,1950-09-21
6907,Tiago Ribeiro,316.470.594-88,1999-05-03
6908,Samuel Araujo,534.073.284-35,1980-12-10
6909,Eduardo Cardoso,893.228.171-86,1953-03-05
6910,Samuel Costa,281.940.334-46,2001-01-07
6911,Lucas Araujo,593.367.835-05,1996-02-15
6912,Samuel Lima,549.086.781-70,1968-10-17
6913,Nicolas Pereira,311.967.647-00,1978-04-19
6914,Paulo Almeida,356.638.828-98,1964-11-03
6915,Larissa Araujo,069.777.730-81,1997-10-09
6916,Valter Costa,985.077.023-68,1988-10-18
6917,Rafael Souza,046.363.201-07,1980-11-26
6918,Valter Ferreira,121.491.228-12,1987-03-17
6919,Igor Rodrigues,194.194.926-64,1978-08-14
6920,Fernanda Oliveira,858.020.231-04,1979-01-29
6921,Julia Oliveira,809.612.492-77,1955-07-17
6922,Gabriela Cardoso,435.973.098-52,1954-11-04
6923,Gabriel Gomes,727.380.165-88,1999-08-01
6924,Valter Ribeiro,632.454.053-75,1988-10-07
6925,Ana Ferreira,568.154.098-72,1982-09-15
6926,Julia Oliveira,772.962.292-09,1970-05-08
6927,Valentina Martins,718.446.173-86,1962-08-04
6928,Igor Lima,307.667.400-56,1958-12-06
6929,Paulo Lima,766.995.359-43,1983-09-17
6930,Antonio Araujo,124.084.765-34,1963-11-13
6931,Antonio Ribeiro,622.471.803-29,1996-04-08
6932,Paulo Souza,437.104.582-00,1984-01-29
6933,Camila Rocha,600.750.797-12,1980-02-26
6934,Isabela Costa,178.066.774-45,1994-12-09
6935,Daniela Mendes,930.163.684-04,1961-04-02
6936,Henrique Almeida,361.891.355-95,2003-06-20
6937,Henrique Ribeiro,727.287.818-50,1972-12-07
6938,Gabriela Lima,762.380.267-40,1955-03-14
6939,Vinicius Lima,618.677.164-45,1956-07-08
6940,Paulo Oliveira,460.499.129-47,1969-12-08
6941,Henrique Rodrigues,228.029.798-17,1950-05-30
6942,Daniela Rodrigues,472.096.738-81,1987-11-10
6943,Eduardo Nascimento,519.653.767-89,1952-04-04
6944,Rafaela Dias,274.991.438-80,1971-04-01
6945,William Araujo,505.308.336-38,1953-04-26
6946,Fernanda Lima,671.511.888-46,1999-12-03
6947,Larissa Nascimento,032.248.913-00,1983-10-15
6948,Beatriz Lima,374.557.663-27,2001-02-10
6949,Valter Silva,819.275.848-68,1964-02-04
6950,Marcos Araujo,594.792.270-37,1957-06-15
6951,Thiago Pereira,467.595.796-07,1968-06-10
6952,Rafaela Nascimento,119.351.708-72,1990-11-21
6953,Gabriela Martins,508.170.376-16,1956-02-16
6954,Natalia Gomes,242.816.945-95,1971-07-24
6955,Rafael Carvalho,554.272.447-78,1981-01-09
6956,Mariana Dias,879.201.482-86,2004-11-23
6957,Julia Rodrigues,792.599.686-23,1978-11-11
6958,Ana Ferreira,601.165.586-60,1981-09-29
6959,Fernanda Souza,503.555.818-50,1955-01-05
6960,Camila Martins,605.677.213-61,1989-02-21
6961,Antonio Santos,843.800.639-68,2004-01-24
6962,Patricia Nascimento,823.691.099-71,1994-10-24
6963,Paulo Araujo,219.163.091-00,1988-10-05
6964,Bruno Souza,680.047.215-83,1967-11-11
6965,Bruno Nascimento,009.358.717-13,1955-04-06
6966,Larissa Silva,055.501.878-41,2001-12-09
6967,Ana Santos,529.942.325-02,1981-01-21
6968,Sofia Rodrigues,349.232.124-03,1967-11-12
6969,Ana Pereira,583.303.613-57,1962-02-13
6970,Helena Nascimento,690.474.473-10,1951-01-27
6971,Vinicius Mendes,110.780.876-60,1984-03-02
6972,Lucas Mendes,453.343.357-06,1995-12-19
6973,Valter Almeida,701.180.336-03,1957-06-29
6974,Natalia Ferreira,375.060.503-31,1971-10-31
6975,Daniel Oliveira,163.784.573-10,1987-01-03
6976,Julia Ribeiro,303.426.027-05,1971-03-14
6977,Larissa Pereira,699.272.870-97,1961-09-01
6978,Larissa Dias,400.975.110-05,1966-09-22
6979,Tiago Almeida,940.996.567-56,2000-01-10
6980,Tiago Ribeiro,645.981.713-83,1953-05-20
6981,Patricia Costa,928.442.213-27,1998-11-17
6982,Valentina Rodrigues,321.330.004-70,1964-11-10
6983,William Gomes,603.029.309-57,1980-05-03
6984,Nicolas Nascimento,202.075.200-03,1965-06-14
6985,Andre Ribeiro,693.186.062-30,1969-12-28
6986,Gabriela Carvalho,387.443.730-23,1981-06-14
6987,Patricia Ribeiro,962.763.009-85,1993-12-22
6988,Eduardo Almeida,252.739.767-07,1973-03-20
6989,Samuel Cardoso,139.142.037-30,1982-07-08
6990,Felipe Dias,414.314.013-66,2002-11-14
6991,Paulo Cardoso,784.295.337-61,1959-04-09
6992,Nicolas Rocha,428.408.885-80,1986-12-04
6993,Patricia Mendes,028.521.200-11,1975-09-26
6994,Eduarda Ferreira,485.155.964-07,1998-06-25
6995,Lucas Santos,321.870.395-60,1953-09-01
6996,Samuel Cardoso,884.235.940-84,1962-02-17
6997,Daniela Martins,980.681.356-18,1968-04-21
6998,Eduardo Pereira,244.626.556-13,1960-11-30
6999,Daniel Nascimento,723.551.727-14,1975-03-04
7000,Samuel Lima,792.705.994-77,1974-12-17
7001,Eduardo Oliveira,735.360.684-30,1976-01-29
7002,Marcos Silva,674.091.260-27,1963-10-09
7003,Nicolas Araujo,007.110.648-06,1954-10-03
7004,Isabela Rodrigues,258.699.800-62,1998-08-29
7005,Rafael Oliveira,484.894.654-95,1956-08-12
7006,Daniela Costa,422.960.691-50,1972-05-25
7007,Samuel Costa,172.952.186-02,1988-08-18
7008,Igor Mendes,239.675.676-13,1983-04-10
7009,Thiago Lima,863.787.855-54,2002-11-28
7010,Igor Oliveira,189.724.818-07,1989-10-20
7011,Antonio Martins,337.874.726-90,1989-09-23
7012,Natalia Costa,681.361.593-94,1985-10-16
7013,Valter Santos,762.028.207-64,1977-08-01
7014,Thiago Gomes,962.413.245-35,2003-10-28
7015,Fernanda Pereira,314.142.158-78,1963-04-18
7016,Bruno Carvalho,514.343.825-08,1955-06-20
7017,Camila Mendes,699.205.103-27,1972-07-15
7018,Daniela Ribeiro,949.283.494-40,1963-09-01
7019,Paulo Almeida,527.060.771-90,1974-09-04
7020,Vinicius Nascimento,642.369.170-33,1971-01-16
7021,Helena Lima,223.417.792-80,1957-02-27
7022,Fernanda Araujo,005.245.960-85,2005-09-25
7023,Antonio Oliveira,271.720.984-04,1951-06-14
7024,Julia Araujo,094.315.211-99,2004-07-15
7025,William Nascimento,178.625.615-03,1986-07-25
7026,Rafaela Martins,886.465.045-81,1983-09-14
7027,Tiago Ferreira,062.853.674-77,2004-04-02
7028,Julia Cardoso,187.113.635-09,1975-12-03
7029,Mariana Oliveira,331.127.064-98,1978-09-17
7030,Valter Nascimento,839.904.979-44,1958-01-09
7031,Antonio Almeida,033.799.161-88,1996-01-22
7032,Bruno Silva,297.670.644-19,1950-07-19
7033,Vinicius Rodrigues,057.761.406-17,2002-07-24
7034,Isabela Ferreira,005.428.635-29,1993-10-29
7035,Taina Santos,885.174.444-00,1956-09-14
7036,Rafaela Mendes,825.823.552-40,1985-03-15
7037,Patricia Araujo,338.061.779-29,2003-11-20
7038,Nicolas Rocha,043.810.063-80,1959-08-28
7039,Ana Gomes,950.761.404-44,1996-03-03
7040,Henrique Mendes,716.907.338-29,1963-02-13
7041,Fernanda Santos,920.091.149-81,1997-02-26
7042,Vinicius Pereira,168.509.894-05,1991-07-11
7043,William Rodrigues,983.646.906-04,1960-02-19
7044,Ana Dias,603.382.238-27,1964-11-16
7045,Larissa Almeida,537.557.270-21,1979-11-23
7046,William Pereira,501.887.206-34,2005-05-01
7047,Felipe Ribeiro,776.778.871-71,1967-01-08
7048,Ana Mendes,483.972.006-14,1988-02-22
7049,Natalia Pereira,956.898.657-02,1977-10-26
7050,Nicolas Rocha,367.061.975-56,1950-09-27
7051,Ana Rodrigues,814.043.880-44,1957-12-03
7052,Carlos Rodrigues,150.058.353-77,1977-02-19
7053,Rafael Gomes,842.556.141-80,1989-08-10
7054,Paulo Lima,376.018.325-54,1992-11-12
7055,Tiago Mendes,169.535.246-77,2003-03-22
7056,Mariana Martins,042.599.040-00,1956-03-09
7057,William Almeida,958.981.843-92,1966-09-22
7058,Taina Lima,574.342.595-74,1956-10-08
7059,Julia Pereira,869.529.382-30,1959-03-31
7060,Camila Martins,286.852.100-20,1991-01-04
7061,Patricia Gomes,901.325.704-67,1975-10-02
7062,Eduarda Carvalho,822.430.259-81,1979-02-03
7063,Nicolas Mendes,855.739.397-00,1974-01-02
7064,Julia Ferreira,085.502.625-10,2002-08-27
7065,William Oliveira,435.395.956-51,2004-01-06
7066,Gabriela Araujo,207.036.798-30,1995-03-08
7067,Vinicius Rodrigues,736.301.527-91,1993-05-12
7068,Mariana Araujo,481.184.487-46,1997-11-25
7069,Thiago Silva,529.184.409-49,1952-01-12
7070,Camila Costa,558.782.573-60,1959-10-25
7071,Natalia Silva,220.373.540-61,1982-10-15
7072,Patricia Rodrigues,401.647.850-27,1987-05-09
7073,Beatriz Dias,337.198.658-60,1978-09-01
7074,Daniela Silva,214.654.819-31,1968-06-12
7075,Larissa Costa,061.525.019-03,1957-02-02
7076,Igor Nascimento,987.950.470-42,1951-01-10
7077,Felipe Costa,250.177.591-07,1991-09-15
7078,Valentina Cardoso,909.239.360-68,1977-08-26
7079,Taina Nascimento,070.660.579-96,1984-02-09
7080,Andre Pereira,739.831.125-79,2003-03-02
7081,Nicolas Costa,218.987.016-01,1963-12-28
7082,Valentina Carvalho,451.696.137-76,1951-04-21
7083,Rafaela Carvalho,084.978.531-64,1978-07-04
7084,Beatriz Pereira,743.939.191-81,1984-02-07
7085,Carlos Carvalho,594.806.209-01,1978-05-15
7086,Helena Nascimento,958.607.250-94,2003-05-22
7087,Mariana Rodrigues,302.068.220-73,1978-10-26
7088,Natalia Mendes,452.813.497-75,1996-02-27
7089,Andre Araujo,523.266.103-50,1999-05-05
7090,Isabela Oliveira,186.205.025-22,1978-08-17
7091,Daniela Almeida,099.962.942-50,1986-07-20
7092,Valentina Dias,770.703.456-23,1965-08-29
7093,Daniela Ribeiro,552.742.169-86,1959-03-30
7094,Thiago Ribeiro,759.419.045-92,1973-09-14
7095,Tiago Santos,654.782.924-35,1955-01-12
7096,William Mendes,866.611.870-93,1951-03-14
7097,Igor Carvalho,989.006.180-59,1963-09-19
7098,Beatriz Rodrigues,155.677.521-05,1986-11-11
7099,Mariana Ribeiro,924.445.076-30,1978-12-29
7100,Valter Araujo,889.155.939-36,1998-01-11
7101,Thiago Araujo,751.425.807-88,1976-07-14
7102,Isabela Costa,120.373.600-29,1959-07-11
7103,Valter Gomes,232.329.142-41,1953-01-13
7104,Sofia Oliveira,793.953.843-87,1951-05-04
7105,Lucas Souza,846.609.035-59,1959-11-17
7106,Taina Dias,033.313.936-49,1953-03-13
7107,Carlos Nascimento,207.311.567-57,1987-01-05
7108,Larissa Almeida,865.826.301-05,1983-10-15
7109,Daniela Mendes,030.387.942-44,1985-09-11
7110,Natalia Lima,054.755.156-89,2005-10-16
7111,Paulo Almeida,229.918.128-85,1950-08-13
7112,Vinicius Souza,917.701.982-29,1993-09-25
7113,Joao Oliveira,795.678.587-13,1985-08-05
7114,Henrique Oliveira,217.744.415-27,1983-11-17
7115,Daniel Araujo,437.598.248-97,1956-09-13
7116,Natalia Pereira,818.012.955-14,1995-01-15
7117,Taina Carvalho,573.526.407-97,1959-09-13
7118,Valter Rocha,131.046.527-40,1977-11-28
7119,Camila Carvalho,564.543.129-41,1955-01-15
7120,Rafaela Mendes,265.129.472-15,2001-05-26
7121,Thiago Pereira,633.700.951-73,1956-03-25
7122,Natalia Dias,122.276.158-00,1972-10-30
7123,Isabela Ribeiro,118.742.231-22,2000-04-09
7124,Bruno Mendes,313.297.570-25,1967-12-05
7125,Valentina Silva,971.814.854-07,1970-07-14
7126,Felipe Pereira,748.187.317-81,1999-08-29
7127,Andre Pereira,976.428.468-00,1978-06-16
7128,Gabriela Rocha,261.758.692-81,1990-06-02
7129,Valentina Costa,900.391.610-13,1962-05-19
7130,Nicolas Souza,111.704.047-07,1998-10-26
7131,Lucas Almeida,748.052.170-73,1961-07-09
7132,Beatriz Nascimento,397.016.316-17,1961-08-20
7133,Thiago Gomes,810.771.967-09,1988-12-17
7134,Marcos Carvalho,166.064.858-00,1996-12-21
7135,Rafael Lima,442.450.498-04,1995-11-09
7136,Felipe Lima,538.684.512-85,1987-05-27
7137,Bruno Costa,766.731.552-30,1978-05-09
7138,Taina Souza,783.211.268-98,1959-10-21
7139,Samuel Martins,850.634.585-56,1987-05-22
7140,Thiago Nascimento,710.456.882-40,1988-12-18
7141,Rafaela Lima,242.359.288-48,1992-07-28
7142,Ana Silva,525.136.272-29,1979-05-20
7143,Rafael Ferreira,182.114.084-22,1994-12-28
7144,Joao Carvalho,261.547.121-03,1983-09-09
7145,Helena Nascimento,573.320.061-89,1960-02-19
7146,William Almeida,689.529.748-08,1950-11-18
7147,Julia Rodrigues,352.358.459-00,1988-11-11
7148,Rafaela Cardoso,384.607.491-85,1985-04-08
7149,William Mendes,155.561.396-95,1954-08-11
7150,Valter Nascimento,510.424.258-76,1973-04-22
7151,Felipe Ribeiro,899.333.571-07,1990-03-05
7152,Henrique Cardoso,538.499.408-88,1974-03-27
7153,Igor Araujo,279.728.092-08,1994-08-20
7154,Joao Souza,400.464.087-38,2003-12-19
7155,Rafael Oliveira,736.188.575-60,1963-05-10
7156,Taina Ribeiro,216.420.118-35,1954-07-10
7157,Paulo Costa,954.852.112-16,1960-02-04
7158,Daniel Rocha,463.338.179-29,1998-01-05
7159,Sofia Pereira,769.017.706-93,2005-10-09
7160,Camila Gomes,337.019.363-90,2004-02-13
7161,William Mendes,651.436.462-43,2000-12-29
7162,Eduardo Rocha,054.521.909-45,1964-12-03
7163,Felipe Nascimento,125.840.476-16,1955-03-25
7164,Nicolas Almeida,073.546.007-84,2002-02-23
7165,Joao Carvalho,076.856.449-24,1963-08-21
7166,Andre Gomes,933.488.695-10,1977-08-29
7167,Gabriel Cardoso,002.209.764-30,1984-12-31
7168,Daniel Rodrigues,175.959.627-22,1973-09-13
7169,Helena Rodrigues,341.283.437-81,1952-02-07
7170,Rafaela Araujo,526.968.575-20,1970-06-19
7171,Vinicius Souza,691.394.689-92,1970-09-11
7172,Rafaela Pereira,766.163.984-04,1996-12-18
7173,Fernanda Oliveira,722.512.574-54,1996-07-01
7174,Gabriela Ribeiro,324.606.398-21,1959-09-02
7175,Paulo Silva,855.420.609-60,2004-04-29
7176,Rafaela Dias,600.789.493-27,1980-05-20
7177,Ana Ferreira,177.238.207-80,1981-07-12
7178,Daniela Oliveira,348.657.968-19,1960-02-02
7179,Ana Almeida,202.240.173-57,1964-05-15
7180,Samuel Souza,595.431.246-04,1993-10-29
7181,Sofia Silva,094.043.781-35,1975-07-17
7182,Daniela Oliveira,958.736.063-07,1973-09-19
7183,Beatriz Ribeiro,130.057.239-68,1983-07-10
7184,Natalia Costa,791.823.316-69,1993-08-16
7185,Gabriela Martins,299.681.754-04,1999-11-10
7186,Eduarda Lima,423.352.156-20,1954-05-21
7187,Isabela Rodrigues,247.468.792-06,1994-04-21
7188,Eduarda Cardoso,551.370.359-98,1990-07-13
7189,Vinicius Araujo,808.784.178-69,1987-07-02
7190,Lucas Dias,393.693.949-74,2002-08-09
7191,Bruno Nascimento,202.035.210-99,1977-02-14
7192,Rafael Oliveira,146.813.893-66,1971-11-16
7193,Daniela Rodrigues,863.492.352-58,1975-01-05
7194,Vinicius Rodrigues,710.417.628-44,1979-10-30
7195,Fernanda Silva,301.640.403-66,2005-01-17
7196,Joao Ferreira,211.880.690-63,1974-10-24
7197,Rafaela Mendes,911.482.199-00,1960-01-24
7198,Julia Silva,624.418.501-30,1987-05-20
7199,Gabriel Lima,150.995.756-17,1997-04-08
7200,Eduarda Souza,343.153.293-47,1958-06-01
7201,Sofia Rocha,392.822.359-39,1986-01-07
7202,Rafaela Carvalho,726.247.193-77,2001-04-18
7203,Fernanda Martins,527.730.872-59,1972-08-09
7204,Ana Almeida,648.002.540-78,1988-09-17
7205,Taina Ferreira,765.172.775-44,1969-09-13
7206,Julia Rocha,123.655.644-53,1959-09-25
7207,Sofia Rocha,300.159.038-69,1966-05-14
7208,Sofia Silva,309.228.343-00,1984-08-24
7209,Taina Lima,566.309.066-59,2001-03-20
7210,Andre Cardoso,049.406.644-06,1986-08-10
7211,Daniel Souza,571.792.300-73,1962-04-20
7212,Paulo Mendes,349.284.455-38,1953-09-15
7213,Lucas Lima,298.280.379-80,1974-07-26
7214,Taina Silva,001.056.897-26,1992-07-13
7215,Vinicius Santos,364.964.422-31,1960-04-26
7216,Felipe Rocha,689.286.979-30,1990-09-18
7217,Thiago Almeida,485.963.572-89,1961-07-14
7218,Mariana Souza,526.057.948-81,1956-03-02
7219,Andre Araujo,581.001.544-14,1991-03-22
7220,Daniel Souza,245.737.984-98,1995-11-05
7221,Beatriz Santos,203.287.078-99,2001-11-08
7222,Eduardo Souza,783.225.091-70,1983-01-16
7223,Daniel Araujo,322.223.260-10,1958-01-31
7224,Joao Ribeiro,426.988.320-02,2005-01-31
7225,Tiago Souza,242.348.390-27,1987-07-08
7226,Eduarda Mendes,456.727.857-78,1967-08-31
7227,Antonio Pereira,394.847.714-08,1985-05-06
7228,Lucas Almeida,390.921.370-73,1960-02-05
7229,Paulo Rodrigues,274.031.694-17,1992-11-13
7230,Taina Almeida,418.815.765-82,1957-06-13
7231,Daniel Santos,218.645.982-55,1957-09-17
7232,Tiago Lima,151.763.861-51,1999-07-05
7233,William Silva,854.030.325-68,1969-11-29
7234,Daniel Gomes,599.539.720-60,1979-02-11
7235,Gabriel Silva,064.209.225-77,2000-12-11
7236,Marcos Almeida,967.071.060-07,1958-12-12
7237,Eduarda Almeida,032.232.354-18,1970-01-28
7238,Mariana Nascimento,453.656.026-25,1992-08-31
7239,Valter Oliveira,216.382.459-40,1984-05-03
7240,Larissa Costa,397.248.439-98,1988-05-14
7241,Camila Dias,960.793.910-74,1981-05-22
7242,Fernanda Ribeiro,071.081.653-76,1980-08-18
7243,Tiago Cardoso,515.320.928-81,1970-06-30
7244,Daniel Almeida,424.950.152-39,1997-10-08
7245,Ana Santos,648.615.779-85,2002-03-17
7246,Natalia Costa,469.649.289-36,1988-11-20
7247,Mariana Mendes,999.680.126-88,1983-11-03
7248,Tiago Dias,300.547.642-11,1975-10-29
7249,William Carvalho,428.281.832-89,1980-04-05
7250,Daniel Souza,266.917.827-80,1964-02-08
7251,Vinicius Araujo,213.690.866-95,1951-09-25
7252,Julia Pereira,963.165.012-00,1974-09-05
7253,Camila Lima,034.176.097-80,1960-03-29
7254,Mariana Nascimento,779.386.404-25,1991-10-12
7255,Antonio Carvalho,208.664.786-71,1966-12-01
7256,Daniel Rocha,430.122.694-01,1960-07-29
7257,Andre Almeida,543.187.050-56,2005-09-14
7258,Samuel Costa,216.259.322-00,1974-08-25
7259,Ana Mendes,407.493.834-02,1957-03-05
7260,Gabriel Pereira,325.287.440-72,1962-07-31
7261,Tiago Oliveira,332.276.039-18,1966-03-05
7262,Gabriela Rocha,165.806.438-03,1983-04-25
7263,Bruno Souza,299.866.318-40,1952-09-16
7264,Andre Mendes,309.769.046-83,1967-12-15
7265,Andre Silva,773.188.593-31,1991-12-23
7266,Joao Ribeiro,335.940.953-12,1967-05-04
7267,Julia Carvalho,335.069.844-11,1971-10-28
7268,Natalia Mendes,902.547.127-70,1998-10-11
7269,Ana Ferreira,644.856.786-01,1996-03-21
7270,Vinicius Costa,685.512.701-09,1959-04-04
7271,Paulo Rodrigues,606.370.554-62,1982-01-18
7272,Gabriel Gomes,154.142.386-00,1956-10-25
7273,Valter Gomes,094.138.225-73,1996-03-05
7274,Daniela Carvalho,010.119.050-60,1977-02-27
7275,Valter Costa,816.458.081-30,1953-01-29
7276,Felipe Almeida,551.972.634-58,1974-06-21
7277,Carlos Gomes,658.247.682-34,1978-05-17
7278,Rafael Carvalho,597.220.501-76,1957-09-13
7279,Eduardo Silva,026.849.677-33,1994-05-02
7280,Henrique Oliveira,920.297.637-64,1990-01-18
7281,Bruno Ribeiro,579.431.936-44,1984-04-11
7282,Igor Souza,162.535.229-81,1970-05-17
7283,Samuel Ferreira,291.879.375-22,2004-05-25
7284,Rafaela Araujo,275.131.586-06,1962-10-20
7285,Antonio Nascimento,138.947.785-12,1976-11-12
7286,Camila Araujo,945.393.411-97,1966-07-28
7287,Natalia Martins,462.850.696-54,1990-12-07
7288,Isabela Silva,647.405.503-00,1992-09-06
7289,Andre Silva,160.557.047-81,1995-08-10
7290,Igor Souza,237.287.357-10,1985-12-04
7291,Paulo Ribeiro,642.965.399-49,2003-01-14
7292,Camila Dias,547.177.416-76,1997-03-16
7293,Henrique Nascimento,448.996.151-08,1988-10-12
7294,Ana Silva,804.435.835-87,1959-07-07
7295,Ana Santos,670.760.345-06,1969-12-04
7296,Antonio Santos,734.152.742-09,1957-08-16
7297,Isabela Cardoso,133.094.380-58,1960-09-29
7298,Samuel Santos,875.374.126-93,1951-08-07
7299,Antonio Costa,674.586.189-57,1973-02-10
7300,Helena Silva,624.887.820-09,1964-06-06
7301,Samuel Pereira,536.552.205-29,1966-12-30
7302,Rafael Lima,803.025.157-20,1960-05-15
7303,Felipe Souza,954.672.390-82,1975-11-27
7304,Valter Oliveira,850.711.383-44,1980-12-07
7305,Daniela Carvalho,635.476.584-70,1998-02-27
7306,Samuel Gomes,476.206.934-59,1995-10-15
7307,Eduardo Nascimento,370.219.761-35,1992-12-05
7308,Sofia Rodrigues,264.172.255-00,1960-10-05
7309,Valentina Ribeiro,885.018.299-60,2001-02-27
7310,Ana Dias,101.026.390-00,1951-03-03
7311,Fernanda Dias,907.394.883-50,1977-05-21
7312,Ana Rodrigues,906.077.187-73,1965-10-16
7313,Vinicius Nascimento,034.505.882-81,1953-11-21
7314,Julia Carvalho,469.439.742-70,1963-05-10
7315,Andre Nascimento,798.304.214-06,1978-10-27
7316,Natalia Mendes,233.213.019-54,1969-08-05
7317,Samuel Ferreira,822.672.356-68,1959-01-04
7318,Daniela Dias,436.147.562-89,2002-08-13
7319,Igor Cardoso,823.553.184-41,1976-03-30
7320,Valter Ferreira,904.883.563-18,1975-07-18
7321,Marcos Oliveira,688.017.710-70,1998-11-25
7322,Henrique Dias,654.065.002-79,1967-09-14
7323,Daniel Ferreira,414.077.142-95,1957-04-19
7324,Antonio Gomes,435.137.183-81,1973-05-30
7325,Thiago Nascimento,992.291.080-22,1989-08-03
7326,Igor Cardoso,585.991.928-09,2002-11-06
7327,Isabela Oliveira,769.603.834-63,1994-01-19
7328,Paulo Martins,264.616.150-67,1955-12-26
7329,Rafael Martins,050.350.907-87,1997-12-05
7330,Felipe Souza,140.767.034-48,1991-09-14
7331,Antonio Santos,826.374.646-90,1963-08-10
7332,Helena Ribeiro,074.762.198-56,2001-07-04
7333,Rafaela Cardoso,359.301.684-23,2000-09-18
7334,Igor Santos,719.925.751-18,1959-04-10
7335,Joao Souza,440.342.875-43,1986-04-20
7336,Igor Rodrigues,110.176.602-63,1989-06-25
7337,William Souza,261.540.985-96,1985-12-15
7338,Vinicius Souza,039.348.100-04,1971-09-30
7339,Mariana Lima,539.317.422-53,1958-05-06
7340,Henrique Ribeiro,981.157.913-00,1984-09-20
7341,Igor Mendes,953.792.806-33,1971-07-26
7342,William Ferreira,824.817.297-06,1959-04-27
7343,Natalia Souza,158.250.843-71,1974-12-31
7344,Larissa Souza,121.828.829-95,1958-06-24
7345,Sofia Ribeiro,470.543.321-13,1963-10-21
7346,Andre Rocha,543.244.392-90,1965-08-06
7347,Camila Araujo,810.508.989-07,1974-03-21
7348,Camila Cardoso,167.233.693-78,1983-05-24
7349,Fernanda Santos,738.515.343-79,1982-06-05
7350,Henrique Nascimento,941.540.946-02,1958-07-28
7351,Igor Carvalho,556.378.018-00,1993-06-17
7352,Fernanda Gomes,130.063.409-06,1987-07-08
7353,Fernanda Costa,992.623.618-90,1959-12-25
7354,Daniel Araujo,977.642.378-76,1995-01-06
7355,Andre Santos,790.475.523-85,1950-11-08
7356,Rafaela Rodrigues,501.232.900-74,1959-04-15
7357,Gabriela Costa,493.415.822-70,1957-07-06
7358,Julia Souza,511.088.098-04,2000-09-24
7359,Bruno Santos,665.935.614-28,1955-04-04
7360,Antonio Cardoso,145.286.068-87,2003-03-04
7361,Isabela Souza,744.707.495-08,1965-07-09
7362,Helena Lima,994.989.763-76,2001-01-20
7363,Gabriela Ferreira,007.694.165-51,2000-01-24
7364,Joao Silva,152.950.635-26,1976-08-20
7365,Gabriela Martins,785.304.456-94,1991-09-30
7366,Carlos Rocha,818.632.433-05,1978-08-03
7367,Ana Cardoso,511.274.816-81,1962-10-18
7368,Gabriel Dias,852.056.605-70,2001-08-22
7369,Tiago Rocha,321.974.656-00,1968-07-15
7370,Paulo Pereira,569.028.761-00,2005-10-13
7371,Igor Martins,813.891.020-84,1998-11-16
7372,Marcos Lima,028.993.650-02,1953-10-16
7373,Rafaela Souza,908.578.825-03,1996-12-28
7374,Taina Pereira,208.652.077-80,1976-04-12
7375,Paulo Ferreira,025.637.811-83,1984-10-23
7376,Thiago Santos,972.732.855-52,1994-02-27
7377,Joao Rocha,748.408.522-78,1997-01-04
7378,Gabriel Souza,982.726.065-00,1992-11-23
7379,Henrique Mendes,299.672.824-60,1959-05-20
7380,William Araujo,868.042.887-69,1995-11-10
7381,Vinicius Costa,598.672.419-40,1982-01-28
7382,Valentina Oliveira,571.762.696-70,1991-07-09
7383,Larissa Cardoso,925.765.551-28,1973-08-15
7384,Henrique Ribeiro,998.314.309-72,2003-04-29
7385,Carlos Almeida,218.931.530-10,1979-05-07
7386,Nicolas Ferreira,548.338.806-28,1994-10-22
7387,Fernanda Dias,174.251.869-93,1991-11-01
7388,Bruno Martins,671.752.409-02,1990-12-28
7389,Carlos Mendes,613.934.749-18,1982-08-29
7390,Beatriz Santos,441.850.060-04,1967-05-17
7391,Ana Nascimento,984.363.486-13,1957-05-28
7392,Andre Martins,588.793.404-25,1999-09-16
7393,Felipe Dias,384.137.078-03,1992-03-22
7394,Antonio Almeida,301.411.826-52,1955-01-25
7395,Henrique Santos,682.179.764-14,1985-10-28
7396,Marcos Silva,574.205.008-94,1953-05-16
7397,Ana Santos,182.606.201-70,1960-11-29
7398,William Dias,068.870.909-53,1954-11-10
7399,Valter Costa,326.634.564-97,1980-05-26
7400,Beatriz Carvalho,079.425.922-78,1951-05-18
7401,Julia Souza,395.207.643-05,1980-10-30
7402,Tiago Rodrigues,256.183.701-74,1980-10-01
7403,Joao Nascimento,441.662.145-00,2000-07-29
7404,Nicolas Lima,847.169.361-55,1994-04-20
7405,Andre Ferreira,826.814.155-78,1952-08-25
7406,Eduarda Lima,570.040.173-89,1970-05-23
7407,Joao Gomes,911.286.131-66,1996-10-18
7408,Paulo Rodrigues,955.701.601-91,1988-04-27
7409,Eduarda Dias,959.425.352-56,1982-05-27
7410,Rafaela Araujo,094.206.599-92,2002-08-16
7411,Andre Carvalho,408.099.589-02,1963-12-19
7412,Paulo Pereira,154.963.083-05,2004-07-31
7413,Lucas Nascimento,251.883.389-71,1980-02-07
7414,Rafaela Lima,910.263.986-65,1975-10-28
7415,Thiago Almeida,544.997.075-79,1978-08-16
7416,Valentina Ribeiro,388.223.409-14,1960-10-31
7417,Igor Santos,895.743.826-21,1994-08-07
7418,Paulo Pereira,827.598.768-70,1953-12-12
7419,Joao Rocha,810.513.146-31,2002-04-02
7420,Julia Rocha,933.863.458-24,1993-07-20
7421,Julia Almeida,636.285.849-22,1998-11-17
7422,Daniela Oliveira,457.587.386-11,1998-12-17
7423,Paulo Silva,507.451.152-68,1976-04-25
7424,Joao Souza,871.000.300-21,1972-01-07
7425,Bruno Pereira,751.728.632-30,1975-01-22
7426,William Lima,878.360.029-93,1995-04-30
7427,Valter Ribeiro,582.814.617-30,1965-01-10
7428,Lucas Silva,189.138.872-07,1960-03-01
7429,Marcos Pereira,836.069.668-30,1995-05-04
7430,Taina Carvalho,879.493.173-96,1967-09-27
7431,Helena Pereira,062.480.727-44,1975-07-04
7432,Natalia Gomes,856.932.874-59,1972-01-18
7433,Valentina Pereira,050.240.905-35,1953-09-07
7434,Samuel Rodrigues,450.373.509-80,1966-02-12
7435,Eduardo Rocha,252.617.515-19,1972-12-01
7436,Eduarda Mendes,822.870.021-03,1969-07-13
7437,Henrique Souza,399.923.239-06,1995-04-18
7438,Igor Carvalho,451.227.607-64,1997-12-05
7439,Gabriel Martins,076.442.070-40,1994-04-18
7440,Marcos Oliveira,359.923.312-80,1999-02-02
7441,William Rocha,851.186.054-15,1961-06-07
7442,Mariana Souza,126.257.489-74,1975-03-12
7443,Felipe Ferreira,746.550.575-56,1955-08-27
7444,Tiago Carvalho,342.548.250-56,1998-01-23
7445,Daniel Souza,154.947.504-50,1987-12-16
7446,Daniel Rodrigues,425.422.880-54,1970-06-22
7447,Isabela Martins,029.748.057-01,2003-04-19
7448,Henrique Cardoso,733.520.188-80,2004-04-23
7449,Joao Ferreira,110.976.302-69,1996-06-28
7450,Henrique Martins,535.818.985-86,1991-09-11
7451,William Oliveira,721.486.882-27,1971-02-13
7452,Samuel Ribeiro,515.109.346-00,1987-12-14
7453,Igor Almeida,088.048.081-52,1965-06-26
7454,Marcos Pereira,746.001.115-08,1989-01-14
7455,Gabriel Almeida,110.848.557-04,2004-06-29
7456,Mariana Dias,381.240.147-95,1986-06-01
7457,Eduardo Rocha,648.461.591-83,1952-06-12
7458,Gabriela Lima,529.717.304-33,1966-11-01
7459,Fernanda Souza,387.509.310-08,1986-11-06
7460,Fernanda Nascimento,355.997.177-20,1989-08-17
7461,Julia Oliveira,664.016.259-88,1980-09-12
7462,Mariana Carvalho,547.972.808-32,2003-07-17
7463,Mariana Nascimento,259.561.689-78,2000-06-05
7464,Mariana Nascimento,501.481.027-60,1952-06-22
7465,Rafaela Ferreira,465.761.052-07,1994-09-26
7466,Larissa Rodrigues,754.354.778-32,1955-01-09
7467,Gabriela Gomes,260.748.699-87,1969-05-15
7468,Bruno Mendes,839.784.791-09,1986-03-20
7469,Felipe Gomes,914.445.032-00,1967-07-31
7470,Gabriela Pereira,489.142.742-68,1979-06-15
7471,Nicolas Rocha,159.654.582-82,1993-04-11
7472,Natalia Araujo,204.168.939-02,1973-12-08
7473,Julia Carvalho,185.048.900-90,1984-10-08
7474,Antonio Ferreira,708.762.408-30,1961-06-08
7475,Samuel Rodrigues,300.927.338-08,1978-11-23
7476,Isabela Cardoso,925.702.672-87,1956-01-02
7477,Rafael Costa,571.577.317-20,1979-07-01
7478,Rafaela Ferreira,397.869.036-50,1960-06-13
7479,Paulo Carvalho,396.822.983-50,1968-08-14
7480,Gabriel Rocha,195.717.830-21,1954-08-06
7481,Mariana Silva,564.415.896-99,1999-03-14
7482,Thiago Nascimento,482.875.833-06,1958-09-22
7483,Rafael Almeida,902.157.320-22,1997-12-10
7484,Natalia Martins,162.287.947-36,1970-11-26
7485,Eduarda Souza,098.204.816-51,1958-07-23
7486,Daniela Rodrigues,362.885.701-50,1983-06-05
7487,Rafael Dias,671.965.263-09,1950-11-01
7488,Julia Martins,698.032.739-90,2000-09-14
7489,Gabriel Martins,629.091.374-30,1956-01-13
7490,Julia Cardoso,391.756.735-09,1954-02-23
7491,Rafael Costa,204.730.192-05,1973-08-13
7492,Tiago Silva,748.824.183-55,1969-06-01
7493,Carlos Martins,720.719.014-01,1993-05-27
7494,Patricia Carvalho,272.208.958-01,1950-12-03
7495,William Silva,151.748.986-51,1961-11-21
7496,Helena Silva,686.736.438-13,2003-07-05
7497,Taina Souza,523.598.202-90,2001-04-16
7498,Beatriz Souza,665.151.747-30,1989-07-26
7499,Julia Almeida,436.664.798-20,1976-02-11
7500,Henrique Gomes,033.504.680-04,1959-03-05
7501,Andre Pereira,765.096.030-71,1990-10-12
7502,Daniel Mendes,569.396.322-55,2002-10-07
7503,William Oliveira,945.763.433-00,2003-09-02
7504,Thiago Nascimento,123.630.619-85,1970-01-23
7505,Igor Araujo,061.987.801-04,1999-04-01
7506,Joao Souza,669.934.105-75,1980-07-24
7507,Eduardo Nascimento,242.742.078-62,1976-07-09
7508,Larissa Araujo,171.375.648-01,1987-07-21
7509,Igor Oliveira,436.489.361-74,1991-05-12
7510,Andre Dias,088.700.251-01,1997-05-11
7511,Samuel Costa,816.025.334-66,1976-02-22
7512,Daniela Oliveira,022.013.921-02,1986-11-23
7513,Antonio Rocha,228.937.099-15,1993-09-08
7514,Larissa Martins,332.933.002-35,1968-04-12
7515,Julia Cardoso,521.240.062-74,1961-09-15
7516,Taina Oliveira,748.600.649-92,1995-12-09
7517,Nicolas Costa,476.902.902-05,1991-08-05
7518,Felipe Rocha,990.450.820-80,1965-03-30
7519,Henrique Dias,278.297.253-73,2001-09-27
7520,Paulo Rodrigues,745.374.012-65,1984-07-03
7521,Rafael Carvalho,908.564.320-16,1986-11-27
7522,Bruno Dias,312.483.827-06,2004-08-10
7523,Camila Ferreira,545.734.854-73,1960-08-05
7524,Natalia Pereira,366.162.523-37,1952-11-18
7525,Samuel Souza,973.349.452-63,1951-05-08
7526,Sofia Ribeiro,242.052.673-20,1996-07-03
7527,Nicolas Dias,076.131.876-32,1970-07-02
7528,William Gomes,400.220.267-46,2000-02-27
7529,Samuel Martins,951.270.570-26,1964-05-03
7530,Lucas Rodrigues,038.200.003-05,2002-09-19
7531,Ana Souza,108.009.282-02,1960-01-30
7532,Ana Rodrigues,887.815.141-66,1991-10-05
7533,Nicolas Rocha,265.401.624-21,1962-07-08
7534,Vinicius Ribeiro,553.870.979-58,1958-01-03
7535,Andre Lima,220.583.283-29,1992-02-14
7536,Daniela Ribeiro,875.449.632-25,1973-10-29
7537,Isabela Lima,660.472.948-63,1973-12-12
7538,Isabela Costa,090.014.310-03,1956-01-24
7539,Henrique Santos,970.670.430-26,1964-05-27
7540,Taina Oliveira,935.080.542-17,1968-05-18
7541,Patricia Ribeiro,741.518.134-46,1965-11-14
7542,Rafael Mendes,151.473.990-97,1979-03-26
7543,Patricia Araujo,999.155.728-83,1993-05-01
7544,Eduardo Cardoso,418.162.826-42,1960-04-29
7545,Mariana Ferreira,243.419.173-82,2001-06-29
7546,Andre Rocha,329.544.055-70,1974-01-18
7547,Eduardo Almeida,218.270.062-50,1988-07-06
7548,Samuel Martins,108.447.607-06,1994-03-21
7549,Vinicius Mendes,989.628.674-43,1969-07-30
7550,Patricia Rodrigues,989.852.588-69,1955-03-31
7551,Valter Rocha,625.255.803-62,1960-02-22
7552,Andre Almeida,953.131.352-01,1955-12-26
7553,Valter Mendes,575.174.319-94,1966-08-20
7554,Gabriel Pereira,197.314.572-32,1988-05-08
7555,Daniel Lima,258.660.194-77,1985-12-24
7556,Fernanda Oliveira,608.107.452-83,1981-10-22
7557,Valter Cardoso,615.085.511-20,1954-05-25
7558,Rafael Silva,306.154.710-05,1978-08-23
7559,Joao Cardoso,703.713.119-93,1977-09-18
7560,Helena Araujo,100.366.606-04,1968-10-27
7561,Isabela Cardoso,798.815.945-37,1988-06-17
7562,Camila Ferreira,955.991.524-05,1966-03-07
7563,Lucas Gomes,090.161.536-67,1972-12-29
7564,Taina Almeida,162.300.300-80,1977-08-18
7565,Carlos Costa,082.350.968-03,1997-12-22
7566,Nicolas Cardoso,311.496.386-21,1994-06-14
7567,Gabriel Cardoso,444.121.917-29,1954-08-05
7568,Eduardo Pereira,217.894.260-14,1967-08-20
7569,Isabela Silva,039.029.154-47,1962-03-29
7570,Carlos Dias,428.398.112-51,1960-04-28
7571,Beatriz Gomes,970.124.423-01,1985-08-02
7572,Ana Pereira,567.322.917-85,1959-04-12
7573,Julia Almeida,209.554.093-06,1975-02-02
7574,Patricia Ferreira,886.914.803-35,1952-06-25
7575,Felipe Martins,569.300.903-36,1995-08-06
7576,Lucas Gomes,567.613.428-30,1961-09-19
7577,Patricia Rodrigues,443.047.142-87,1993-07-15
7578,Helena Silva,513.954.149-12,1959-12-12
7579,Henrique Oliveira,112.842.561-03,2003-08-04
7580,Felipe Costa,326.862.513-44,1991-12-23
7581,Lucas Pereira,769.055.590-08,1996-01-09
7582,Valentina Mendes,310.344.694-28,1969-04-27
7583,Camila Araujo,498.209.768-20,1956-09-04
7584,Isabela Araujo,888.901.226-92,2005-10-21
7585,Tiago Ribeiro,190.629.442-99,1952-05-03
7586,Daniel Costa,030.657.128-57,1994-09-23
7587,Carlos Rodrigues,348.080.136-65,1955-01-18
7588,Valter Rocha,474.214.254-38,1998-02-06
7589,Larissa Araujo,189.804.576-34,2002-05-12
7590,Larissa Costa,962.584.707-34,1964-01-03
7591,Gabriela Nascimento,699.959.053-29,1954-02-07
7592,Sofia Carvalho,319.740.639-76,1982-05-03
7593,William Santos,700.974.073-99,1971-06-28
7594,Tiago Nascimento,351.090.933-00,1958-01-12
7595,Paulo Martins,839.859.146-30,2005-07-11
7596,Rafaela Ferreira,663.918.900-30,2002-04-06
7597,Gabriela Mendes,073.218.951-90,1974-05-27
7598,Daniela Dias,734.860.717-93,1993-09-03
7599,Andre Lima,507.568.680-09,1976-06-12
7600,Marcos Nascimento,900.138.859-01,1989-11-19
7601,Rafael Araujo,191.392.117-46,1954-12-09
7602,Andre Rocha,466.961.479-77,1990-12-01
7603,Tiago Rodrigues,892.694.813-79,1972-03-11
7604,Daniel Pereira,954.005.453-27,1952-06-27
7605,Valter Pereira,143.166.518-54,2003-04-04
7606,Thiago Dias,403.640.298-62,1958-02-02
7607,Henrique Mendes,783.326.210-20,1952-01-30
7608,Patricia Cardoso,589.472.915-79,1983-04-12
7609,Fernanda Gomes,219.836.230-91,1998-01-24
7610,Eduarda Araujo,260.761.242-02,1954-07-05
7611,Valter Carvalho,156.820.727-15,2003-05-15
7612,Tiago Dias,949.940.189-01,1996-10-11
7613,Tiago Costa,662.936.740-57,1995-06-21
7614,Gabriel Ribeiro,600.229.570-49,1970-01-10
7615,Valter Rocha,355.341.760-91,1993-02-05
7616,Vinicius Mendes,767.993.689-76,1961-02-11
7617,Vinicius Ribeiro,209.846.347-20,1989-11-28
7618,Joao Carvalho,154.633.441-67,2004-12-08
7619,Beatriz Souza,280.291.439-15,1973-03-11
7620,Isabela Santos,748.015.597-27,1964-11-20
7621,Camila Ribeiro,652.271.926-69,1999-03-30
7622,Antonio Araujo,500.967.083-60,1968-07-02
7623,Paulo Mendes,806.973.382-90,1995-06-26
7624,Lucas Mendes,991.723.528-09,1998-04-08
7625,Fernanda Ribeiro,136.992.871-81,1952-03-24
7626,Antonio Costa,397.704.313-70,1976-03-05
7627,Carlos Ribeiro,163.888.328-90,2004-09-29
7628,William Araujo,105.754.981-96,1960-05-18
7629,Daniela Cardoso,098.166.089-44,1999-05-25
7630,Vinicius Oliveira,128.147.143-76,1999-07-03
7631,Valentina Santos,115.403.359-76,1988-02-09
7632,Thiago Santos,070.553.096-54,1962-01-20
7633,Marcos Araujo,186.986.830-70,1959-12-24
7634,Igor Nascimento,626.094.927-82,1977-07-28
7635,Daniel Almeida,795.696.826-71,1955-03-26
7636,Felipe Dias,280.417.958-38,1998-02-13
7637,Natalia Santos,335.003.766-65,1953-07-04
7638,Beatriz Costa,855.038.471-21,1950-08-03
7639,Gabriel Mendes,973.173.672-73,1972-05-06
7640,Eduarda Santos,109.459.751-12,1972-05-18
7641,Antonio Oliveira,207.308.163-03,1975-12-03
7642,Nicolas Oliveira,105.027.257-96,1990-12-24
7643,Larissa Martins,195.843.612-79,1994-07-10
7644,Mariana Ribeiro,858.243.482-00,1962-10-20
7645,Paulo Silva,857.623.623-02,2001-09-06
7646,Eduarda Martins,135.024.855-00,1965-11-07
7647,Bruno Ferreira,870.880.635-73,1993-01-07
7648,Isabela Rocha,898.205.413-87,1991-12-22
7649,Larissa Cardoso,291.271.643-81,1959-12-03
7650,Felipe Dias,580.068.411-10,1988-05-03
7651,Beatriz Costa,012.212.584-35,1994-01-22
7652,Isabela Almeida,874.848.936-09,2001-03-04
7653,Nicolas Silva,225.091.357-91,2000-06-01
7654,Eduarda Rodrigues,742.141.570-01,2000-12-04
7655,Vinicius Ribeiro,210.460.598-90,2003-03-25
7656,Tiago Costa,611.044.761-77,1975-08-31
7657,Tiago Carvalho,340.501.368-21,1959-01-21
7658,Vinicius Lima,575.452.355-68,1995-12-28
7659,Vinicius Araujo,295.505.524-70,1956-02-23
7660,Fernanda Silva,871.540.992-91,1965-06-25
7661,William Rodrigues,466.297.254-09,1999-09-04
7662,Patricia Ribeiro,459.957.263-23,1976-12-24
7663,Paulo Ribeiro,500.230.972-05,2003-05-22
7664,Eduardo Araujo,828.661.982-04,1995-12-07
7665,Andre Dias,040.620.943-04,1975-05-06
7666,Gabriela Silva,230.130.113-35,1962-06-11
7667,Eduardo Almeida,398.868.496-14,1988-03-23
7668,Gabriel Mendes,673.481.539-09,1957-09-27
7669,Larissa Costa,190.436.056-46,2001-03-29
7670,Camila Carvalho,364.446.944-00,1962-05-08
7671,Daniela Souza,067.099.053-14,1953-05-15
7672,Patricia Costa,615.187.104-92,1951-10-10
7673,Valter Carvalho,646.389.892-92,1962-08-22
7674,Paulo Lima,014.497.905-50,1994-04-18
7675,Patricia Gomes,805.416.318-53,2004-01-10
7676,Julia Araujo,500.692.153-67,2004-10-07
7677,Antonio Silva,506.748.179-07,1998-03-15
7678,Tiago Santos,330.393.758-30,1959-06-08
7679,Natalia Silva,121.709.944-16,2002-10-26
7680,Andre Araujo,181.341.029-13,1952-06-08
7681,Henrique Oliveira,691.853.610-97,1987-03-04
7682,Marcos Silva,769.670.258-05,2005-10-20
7683,Gabriela Pereira,717.732.685-54,1994-05-08
7684,Rafael Souza,052.894.168-20,1988-01-15
7685,Patricia Souza,855.256.767-96,1998-06-05
7686,Igor Dias,054.116.691-38,1957-10-02
7687,Carlos Rodrigues,405.242.699-12,1986-12-03
7688,Thiago Martins,976.869.900-01,1991-12-06
7689,Samuel Costa,816.041.379-32,1988-01-16
7690,Taina Santos,497.038.341-32,1950-04-03
7691,Rafaela Souza,115.577.018-81,1969-12-12
7692,Ana Nascimento,849.082.456-81,1951-03-25
7693,William Lima,320.130.223-60,2001-02-22
7694,Rafaela Ribeiro,403.571.338-46,1973-05-13
7695,Sofia Nascimento,278.121.965-77,1993-02-01
7696,Patricia Ribeiro,154.960.660-34,1990-03-01
7697,Henrique Martins,471.243.468-60,1969-10-16
7698,Sofia Mendes,549.751.579-77,1996-12-14
7699,Beatriz Silva,583.269.736-70,1954-09-24
7700,Henrique Almeida,017.982.109-16,1980-03-13
7701,William Costa,783.328.596-03,2000-04-25
7702,Patricia Carvalho,511.610.651-99,1978-02-19
7703,Fernanda Rodrigues,822.262.936-04,1980-06-10
7704,Nicolas Cardoso,349.960.520-15,1977-02-23
7705,Rafael Cardoso,252.679.138-39,1994-12-14
7706,Daniel Souza,586.940.948-94,1991-10-09
7707,Daniela Mendes,829.917.807-03,1985-03-11
7708,Gabriel Oliveira,545.806.187-00,1954-09-21
7709,Antonio Souza,365.122.016-80,1968-02-22
7710,Daniel Araujo,691.364.725-57,2003-03-17
7711,Samuel Ribeiro,684.212.289-94,1997-07-07
7712,Andre Rodrigues,541.430.194-85,1966-01-11
7713,Felipe Araujo,363.251.531-03,1953-12-08
7714,Sofia Almeida,080.453.100-57,1965-04-24
7715,Andre Dias,047.547.691-39,1991-10-14
7716,Fernanda Almeida,595.184.691-99,1992-06-17
7717,Isabela Mendes,471.271.992-30,1993-11-19
7718,Julia Lima,198.783.333-37,1954-12-20
7719,Henrique Ribeiro,597.613.552-84,1962-06-17
7720,Ana Pereira,279.617.700-97,1957-11-02
7721,Larissa Cardoso,085.517.294-03,1998-12-28
7722,Samuel Dias,833.119.896-43,1999-05-29
7723,Rafaela Ribeiro,405.256.406-57,1952-02-28
7724,Bruno Ferreira,432.900.889-01,1980-03-21
7725,Ana Rocha,157.275.063-44,1987-01-20
7726,Julia Pereira,982.250.538-85,1985-02-02
7727,Andre Rodrigues,123.584.842-61,1955-06-22
7728,Tiago Carvalho,184.446.204-83,1966-10-23
7729,Valter Gomes,797.273.139-06,1964-07-30
7730,Eduarda Oliveira,808.293.807-28,1974-09-02
7731,Natalia Mendes,572.903.216-18,1979-12-27
7732,Gabriela Gomes,567.337.610-33,1990-10-12
7733,Helena Araujo,787.659.732-75,1976-02-02
7734,Gabriel Silva,570.502.119-40,1962-04-09
7735,Bruno Silva,583.682.517-37,1954-04-29
7736,Isabela Carvalho,552.674.693-35,1975-08-12
7737,Valter Rodrigues,222.837.213-77,1950-09-19
7738,Larissa Nascimento,322.044.840-24,1952-03-24
7739,Ana Carvalho,534.446.227-16,2004-03-22
7740,Helena Mendes,172.724.334-00,1991-12-16
7741,Igor Costa,048.443.762-33,1999-07-30
7742,Isabela Gomes,599.484.827-19,1981-05-05
7743,Tiago Ferreira,559.876.941-75,1971-05-04
7744,Antonio Silva,871.062.359-03,1959-10-31
7745,Felipe Rocha,318.244.649-59,1978-11-28
7746,Felipe Ferreira,566.020.762-64,1975-02-04
7747,Andre Souza,309.612.734-45,1996-10-22
7748,Bruno Nascimento,949.418.442-46,1989-02-03
7749,Andre Carvalho,953.705.754-28,2005-07-05
7750,Valentina Souza,587.449.150-39,1965-07-13
7751,Isabela Costa,951.858.976-35,1996-03-12
7752,Eduarda Souza,655.089.149-35,1955-07-10
7753,Paulo Araujo,699.157.480-51,1955-05-17
7754,Valter Mendes,690.802.678-72,1962-12-05
7755,Julia Carvalho,909.342.749-08,1990-05-05
7756,Nicolas Lima,752.281.551-71,1978-05-17
7757,Felipe Costa,499.372.995-27,1962-03-03
7758,Beatriz Carvalho,301.604.263-08,1994-05-08
7759,Daniel Dias,972.984.685-53,1995-08-23
7760,Bruno Araujo,605.057.599-18,1992-04-20
7761,Daniel Rodrigues,929.188.194-50,1953-08-30
7762,Carlos Carvalho,846.529.189-68,1967-07-06
7763,Daniel Mendes,058.307.682-32,1950-02-18
7764,Andre Carvalho,260.244.211-92,1993-05-22
7765,Patricia Mendes,496.274.368-60,1977-09-04
7766,Rafael Ribeiro,070.134.223-47,1979-02-05
7767,Andre Silva,440.571.062-78,1952-11-23
7768,Nicolas Santos,201.104.125-24,1995-09-30
7769,Nicolas Martins,049.602.250-41,2005-10-13
7770,Julia Silva,119.885.526-64,1957-08-18
7771,Marcos Pereira,827.026.125-47,2000-08-07
7772,Helena Araujo,976.040.271-80,1997-10-23
7773,Natalia Silva,100.849.525-55,1973-05-29
7774,Beatriz Silva,351.889.345-90,1994-03-17
7775,Eduardo Lima,947.897.926-41,2002-01-15
7776,Daniela Souza,616.466.632-50,1989-01-25
7777,Henrique Almeida,188.297.876-55,1998-09-21
7778,Isabela Lima,584.851.662-64,1988-03-24
7779,Patricia Gomes,754.845.240-32,1981-01-18
7780,Taina Oliveira,683.314.214-93,1991-12-07
7781,Larissa Almeida,803.270.554-64,1975-01-02
7782,Ana Costa,741.243.205-23,1997-06-05
7783,Thiago Costa,079.042.661-72,1971-12-14
7784,Eduardo Araujo,634.852.852-93,2004-08-12
7785,Andre Mendes,031.201.327-21,2004-04-06
7786,Felipe Mendes,559.652.117-59,1993-12-23
7787,Samuel Silva,028.105.939-06,1951-11-28
7788,Rafaela Santos,641.670.214-20,2000-09-24
7789,Larissa Dias,078.340.107-86,1991-03-12
7790,Helena Ribeiro,021.098.593-34,1955-01-25
7791,Henrique Silva,843.829.135-00,1967-02-25
7792,Thiago Carvalho,118.727.429-12,1967-05-21
7793,Patricia Souza,756.136.311-74,1982-07-31
7794,Thiago Ferreira,955.491.780-52,1999-01-10
7795,Samuel Gomes,576.341.625-23,1969-12-25
7796,Gabriela Martins,402.373.930-85,1973-12-25
7797,Daniel Araujo,412.986.037-22,1993-01-30
7798,Tiago Silva,542.531.702-69,1994-04-06
7799,Joao Nascimento,217.887.287-50,1995-08-13
7800,Isabela Ferreira,500.312.354-09,1996-01-13
7801,Patricia Martins,625.396.718-53,1968-11-16
7802,Isabela Rodrigues,953.021.559-23,1981-04-08
7803,Larissa Pereira,393.159.105-08,1958-05-16
7804,Rafael Gomes,079.722.810-17,2000-01-16
7805,Thiago Oliveira,887.089.850-49,1953-09-26
7806,Camila Almeida,889.113.203-90,1985-10-28
7807,Antonio Rocha,603.374.961-88,1965-02-15
7808,Felipe Rocha,072.807.934-87,1976-03-17
7809,Henrique Dias,690.910.231-20,2001-10-26
7810,Rafaela Araujo,980.446.007-60,2001-08-06
7811,Eduarda Dias,492.359.202-80,1993-07-27
7812,Natalia Santos,499.780.550-53,1959-07-23
7813,Valter Carvalho,301.116.705-27,1959-06-08
7814,Helena Souza,075.353.542-46,1972-01-30
7815,Henrique Ribeiro,375.584.912-74,1999-04-26
7816,Larissa Ferreira,424.914.859-90,1985-10-06
7817,Gabriela Mendes,946.585.473-50,2005-06-25
7818,Samuel Rocha,301.612.792-01,1976-09-28
7819,Larissa Ferreira,281.150.716-76,1997-09-09
7820,Tiago Pereira,321.711.467-10,1978-05-27
7821,Natalia Santos,157.055.701-20,1974-09-12
7822,Rafaela Silva,276.799.182-87,1974-08-10
7823,Taina Silva,428.324.200-44,2004-04-23
7824,Bruno Carvalho,108.429.796-54,1992-07-05
7825,Felipe Lima,263.331.325-60,1987-04-13
7826,Larissa Souza,274.140.551-40,1988-12-10
7827,Helena Dias,772.916.169-99,1969-10-08
7828,Taina Rocha,617.464.878-87,1966-09-28
7829,Camila Nascimento,952.075.704-04,1984-06-24
7830,Taina Cardoso,371.530.376-08,1967-01-26
7831,Gabriela Nascimento,481.674.312-07,1960-11-13
7832,Rafael Costa,725.967.347-88,1978-06-19
7833,Mariana Oliveira,784.164.756-52,1952-02-02
7834,Vinicius Oliveira,575.415.796-70,1960-10-09
7835,Sofia Pereira,823.428.209-33,1989-04-09
7836,Paulo Mendes,622.353.422-13,1960-09-13
7837,Patricia Pereira,868.797.325-00,2000-12-17
7838,Samuel Rocha,609.939.475-30,1999-01-20
7839,Daniel Dias,893.443.280-21,1958-12-07
7840,Vinicius Carvalho,094.517.790-94,1959-09-28
7841,Marcos Souza,548.949.505-70,1972-05-30
7842,Eduardo Pereira,360.768.263-12,1989-12-13
7843,Valentina Silva,685.964.652-78,1956-01-02
7844,Bruno Nascimento,248.956.654-70,1987-11-17
7845,Valentina Rodrigues,989.979.307-88,1950-06-01
7846,Ana Carvalho,666.052.261-19,1962-04-05
7847,Valter Nascimento,130.520.640-10,2000-07-18
7848,Daniela Dias,170.669.354-03,1995-10-03
7849,Vinicius Oliveira,021.140.915-46,1978-01-30
7850,Rafael Oliveira,673.833.997-65,1950-03-04
7851,Valentina Dias,835.632.770-95,1969-03-17
7852,Felipe Souza,932.887.525-06,1992-01-05
7853,Henrique Cardoso,752.643.797-50,2003-02-15
7854,Marcos Gomes,254.217.191-20,1987-04-11
7855,Paulo Carvalho,959.826.349-56,1976-05-14
7856,Andre Dias,053.754.990-02,1974-09-20
7857,Vinicius Gomes,114.101.089-53,1997-12-05
7858,Joao Costa,690.594.713-00,1994-04-10
7859,Mariana Rocha,266.695.981-30,1997-07-18
7860,Mariana Nascimento,039.473.125-55,1975-02-06
7861,William Nascimento,075.149.767-36,1977-10-16
7862,Camila Santos,286.741.607-86,1971-06-16
7863,Eduarda Rocha,850.478.825-35,1982-07-10
7864,Eduardo Martins,128.240.828-36,1990-07-19
7865,Helena Araujo,406.470.887-38,1953-01-08
7866,Sofia Lima,916.073.027-72,1982-07-18
7867,Rafael Nascimento,943.205.000-91,2003-04-22
7868,Taina Rodrigues,659.607.545-17,1973-08-25
7869,Larissa Costa,336.069.434-15,1989-10-12
7870,Helena Rocha,693.215.299-18,1982-05-15
7871,Tiago Ferreira,170.885.481-94,2000-03-21
7872,Nicolas Pereira,649.094.125-22,1977-07-25
7873,Lucas Pereira,463.303.458-80,1975-08-07
7874,Ana Rocha,430.894.366-39,1987-09-12
7875,Valentina Nascimento,054.719.961-94,1970-03-06
7876,Beatriz Martins,957.071.308-96,1952-08-16
7877,Isabela Mendes,785.272.440-04,1987-05-14
7878,Tiago Gomes,351.717.118-28,1995-09-12
7879,Helena Pereira,131.723.613-06,1961-04-11
7880,Rafael Santos,001.959.408-90,1992-07-03
7881,Sofia Dias,503.346.705-00,1991-02-26
7882,Igor Rodrigues,641.402.269-19,1981-04-01
7883,Henrique Costa,094.846.180-22,1963-04-30
7884,Paulo Mendes,239.884.377-78,1961-04-03
7885,Fernanda Souza,831.851.753-95,1952-12-28
7886,William Nascimento,204.868.182-41,1954-10-18
7887,Taina Souza,292.506.983-56,1965-12-12
7888,Daniela Carvalho,456.863.146-75,1999-10-09
7889,Marcos Silva,411.516.695-98,1978-02-21
7890,Mariana Dias,218.112.464-78,1996-11-27
7891,Samuel Santos,788.990.707-92,1994-03-10
7892,Rafaela Silva,983.922.282-19,1960-11-04
7893,Ana Pereira,152.348.417-90,1959-10-12
7894,Tiago Almeida,225.717.791-68,1996-03-12
7895,Carlos Santos,641.977.320-23,1969-06-21
7896,Felipe Silva,714.987.037-63,1997-06-29
7897,Sofia Carvalho,576.763.141-78,1968-09-18
7898,Fernanda Dias,299.322.394-10,1994-02-28
7899,Rafael Santos,005.067.156-12,1986-04-16
7900,Natalia Ferreira,856.880.109-91,2004-05-27
7901,Vinicius Nascimento,348.290.450-27,1982-05-07
7902,Marcos Rodrigues,266.305.625-18,2003-03-24
7903,Igor Pereira,237.091.442-48,1998-02-22
7904,Paulo Carvalho,583.160.496-94,1953-07-28
7905,William Oliveira,330.772.629-32,1963-03-07
7906,Nicolas Araujo,504.532.824-74,1998-08-19
7907,Daniel Mendes,025.769.985-69,1995-12-29
7908,Thiago Rodrigues,972.510.896-53,1989-03-30
7909,Valter Souza,728.855.189-01,1982-12-17
7910,Andre Almeida,945.345.238-66,1982-10-19
7911,Julia Oliveira,461.110.559-84,1991-06-26
7912,Tiago Carvalho,223.413.242-82,1987-02-17
7913,Julia Mendes,989.365.195-65,1986-12-31
7914,Andre Carvalho,560.356.619-12,1994-03-22
7915,Mariana Rocha,964.176.570-19,1993-05-22
7916,Igor Dias,491.200.325-52,1995-12-15
7917,Eduardo Ferreira,370.216.987-39,1952-06-21
7918,Tiago Souza,266.717.382-11,1969-04-13
7919,Natalia Nascimento,971.302.715-90,1957-12-02
7920,Natalia Rodrigues,269.018.736-11,1972-01-12
7921,Marcos Ferreira,274.208.600-50,1966-01-05
7922,Fernanda Dias,124.164.479-98,1986-08-24
7923,Paulo Cardoso,248.932.317-23,1973-05-14
7924,Rafael Lima,874.152.031-94,1976-10-30
7925,Joao Ribeiro,488.061.747-46,1972-01-11
7926,Nicolas Almeida,669.471.834-99,1975-03-14
7927,William Dias,856.472.553-37,1988-01-25
7928,Andre Ribeiro,560.592.338-21,2002-01-23
7929,Helena Gomes,169.130.683-52,1959-03-24
7930,Larissa Dias,285.034.135-58,2005-03-11
7931,Beatriz Nascimento,067.151.525-00,1999-04-23
7932,Eduardo Costa,170.087.813-18,1965-09-04
7933,William Rocha,111.182.798-24,1977-04-06
7934,Camila Ribeiro,827.345.998-56,1984-06-28
7935,Carlos Dias,898.920.858-09,1966-03-21
7936,Taina Gomes,503.163.073-60,1968-08-14
7937,Carlos Dias,985.751.225-92,1968-03-01
7938,Marcos Martins,984.828.241-63,1955-07-24
7939,Taina Pereira,071.015.633-25,2002-02-07
7940,Fernanda Mendes,075.764.493-73,1965-07-03
7941,Isabela Rocha,330.742.328-20,2004-03-31
7942,Rafaela Souza,049.880.694-43,1974-04-09
7943,Beatriz Martins,372.136.615-82,2004-05-03
7944,Larissa Cardoso,224.963.825-02,1983-11-10
7945,Vinicius Araujo,169.917.554-35,1958-01-18
7946,Rafaela Rodrigues,081.511.300-59,1957-03-13
7947,Beatriz Gomes,899.114.434-93,1962-04-26
7948,Sofia Rocha,415.613.546-27,1983-10-21
7949,Mariana Rocha,073.875.656-35,1960-11-08
7950,Tiago Souza,129.490.401-95,1962-12-01
7951,Lucas Pereira,419.750.288-56,1991-01-18
7952,Mariana Almeida,817.454.985-40,1987-02-01
7953,Larissa Araujo,577.778.321-07,1997-04-16
7954,Eduardo Araujo,337.265.683-01,1990-07-09
7955,Julia Santos,045.165.591-53,1979-06-03
7956,Daniela Nascimento,827.335.021-58,1977-06-22
7957,Julia Oliveira,721.998.982-29,1969-09-19
7958,Igor Pereira,242.823.442-02,2005-10-22
7959,Camila Araujo,122.302.530-69,1950-05-04
7960,Lucas Pereira,324.844.440-10,1980-06-06
7961,Fernanda Rodrigues,748.870.554-80,1997-06-03
7962,Ana Santos,572.529.449-80,1970-08-14
7963,Camila Rocha,982.332.153-17,1965-01-11
7964,Paulo Costa,332.018.616-77,1965-06-01
7965,Felipe Lima,560.980.787-50,1961-05-21
7966,Eduarda Souza,384.704.022-77,1993-10-15
7967,Sofia Dias,300.382.955-63,1970-04-25
7968,Eduardo Almeida,157.370.388-58,1980-05-26
7969,Igor Araujo,260.333.606-13,1967-05-24
7970,Carlos Rocha,999.067.023-46,1959-02-03
7971,Joao Gomes,081.053.521-17,1988-12-17
7972,Larissa Pereira,965.221.198-20,1987-07-02
7973,Valter Carvalho,713.341.812-68,2003-10-20
7974,Fernanda Ferreira,860.625.361-80,1968-07-04
7975,Paulo Oliveira,848.786.777-40,1956-08-10
7976,Daniela Silva,909.332.076-97,1966-03-07
7977,Daniel Nascimento,316.956.285-19,2000-06-28
7978,Eduarda Ferreira,915.820.910-72,1951-01-02
7979,Rafaela Martins,675.808.273-36,1969-09-19
7980,Marcos Araujo,997.931.589-05,1967-01-15
7981,Felipe Gomes,748.586.858-61,1992-04-07
7982,Patricia Costa,574.433.872-10,1967-01-09
7983,Sofia Oliveira,429.399.119-08,1987-10-21
7984,Nicolas Martins,211.375.964-06,1994-11-28
7985,Rafael Araujo,206.797.238-38,1975-04-02
7986,Isabela Mendes,182.695.490-29,1955-06-11
7987,Daniela Silva,380.121.924-03,1976-01-03
7988,Felipe Rodrigues,302.973.995-35,2002-08-11
7989,Tiago Pereira,740.339.213-20,1963-08-06
7990,Paulo Rodrigues,906.840.051-74,1979-04-23
7991,Eduardo Rodrigues,935.130.399-30,1977-06-30
7992,Tiago Pereira,013.303.422-40,1998-09-11
7993,Tiago Rocha,518.243.256-90,1980-06-08
7994,Ana Rocha,484.645.569-69,2003-01-14
7995,Ana Rodrigues,365.453.157-14,1977-07-17
7996,Rafaela Lima,797.564.327-05,1968-03-31
7997,Mariana Pereira,999.604.320-76,1988-01-02
7998,Gabriela Souza,217.043.796-79,1981-05-27
7999,Antonio Cardoso,433.724.174-45,2002-10-05
8000,Beatriz Dias,782.769.817-47,1960-01-08
8001,Gabriel Lima,207.437.517-44,1992-08-15
8002,Marcos Mendes,425.108.165-00,1995-02-23
8003,Rafael Nascimento,871.196.747-14,1990-09-26
8004,Bruno Rodrigues,162.797.066-56,2001-02-15
8005,William Dias,551.540.328-29,2005-08-07
8006,Isabela Martins,247.536.668-08,1950-09-16
8007,Julia Cardoso,946.145.545-39,1956-08-09
8008,Gabriela Nascimento,559.583.982-10,1958-05-18
8009,Carlos Araujo,095.646.295-27,1986-02-24
8010,Igor Costa,308.554.436-42,1976-11-23
8011,Taina Rocha,374.790.887-01,1988-07-19
8012,Rafael Cardoso,384.916.971-52,1982-10-24
8013,Igor Ferreira,289.480.633-75,1980-03-12
8014,Eduarda Mendes,626.477.880-06,2001-07-13
8015,Natalia Martins,766.177.200-08,1964-12-06
8016,Patricia Oliveira,939.020.014-88,1978-05-18
8017,Beatriz Souza,624.440.090-96,1970-06-15
8018,Joao Pereira,247.242.430-23,1981-08-03
8019,Felipe Rocha,605.808.230-75,1952-08-09
8020,Felipe Araujo,992.846.395-65,1980-03-12
8021,Bruno Ferreira,422.608.175-72,2003-12-05
8022,Joao Silva,119.080.479-41,1976-10-29
8023,Thiago Santos,515.848.882-70,1983-06-18
8024,Nicolas Souza,202.725.811-60,1974-10-21
8025,Fernanda Martins,895.065.731-74,1970-08-06
8026,Larissa Cardoso,515.529.742-78,1996-09-07
8027,Felipe Martins,771.902.336-60,2000-04-13
8028,Isabela Cardoso,780.897.079-47,1977-09-29
8029,Marcos Costa,052.917.750-17,1998-05-17
8030,Eduardo Almeida,927.769.843-83,1961-02-18
8031,Fernanda Costa,409.860.436-13,1987-04-28
8032,Paulo Dias,957.041.185-69,1970-05-20
8033,Andre Martins,423.164.219-20,1989-02-10
8034,Rafaela Lima,610.875.986-05,1952-03-02
8035,Igor Cardoso,638.124.057-17,2002-07-12
8036,Isabela Ferreira,824.837.516-10,1954-09-07
8037,Felipe Souza,403.519.573-16,1953-05-19
8038,Ana Dias,746.524.834-57,1998-07-21
8039,Mariana Souza,145.064.533-01,1976-11-14
8040,Vinicius Gomes,692.401.385-60,2003-10-30
8041,Samuel Martins,468.480.852-19,1963-11-01
8042,Rafael Costa,487.432.362-60,2005-12-19
8043,Nicolas Costa,599.551.140-88,1983-10-02
8044,Paulo Carvalho,000.679.471-82,2001-05-28
8045,William Souza,201.116.282-37,1954-03-18
8046,Carlos Ribeiro,641.990.397-16,1950-11-12
8047,William Nascimento,049.221.056-03,1955-12-19
8048,Julia Oliveira,999.752.547-72,1955-06-23
8049,Igor Cardoso,835.994.472-50,1983-06-03
8050,Fernanda Pereira,120.865.509-44,2001-01-29
8051,Ana Nascimento,019.430.584-82,1989-12-09
8052,Eduarda Ferreira,344.151.361-41,1963-11-15
8053,Valter Santos,360.127.827-80,1950-06-29
8054,Vinicius Oliveira,760.240.263-40,1978-12-30
8055,Henrique Cardoso,879.552.991-83,1952-12-16
8056,Camila Ferreira,291.696.708-70,1967-06-02
8057,Isabela Almeida,878.250.834-82,1952-12-12
8058,Camila Souza,704.764.003-76,2000-04-15
8059,Eduarda Ferreira,060.326.124-81,1973-05-24
8060,Mariana Almeida,749.568.896-31,1995-05-26
8061,Julia Nascimento,347.072.462-81,1979-09-26
8062,William Dias,979.896.862-01,1955-04-21
8063,Bruno Gomes,067.282.360-82,1996-11-17
8064,Rafaela Gomes,233.919.986-79,1962-06-01
8065,Lucas Nascimento,028.748.928-07,1966-09-19
8066,Rafaela Oliveira,319.799.123-00,1955-07-29
8067,Henrique Ribeiro,533.517.496-00,1976-06-21
8068,Eduardo Cardoso,467.194.714-57,1970-05-04
8069,William Ribeiro,161.724.053-22,2001-10-09
8070,Sofia Araujo,723.133.361-31,1975-06-11
8071,Natalia Lima,564.867.115-66,1966-10-30
8072,Thiago Ribeiro,730.334.160-98,1977-03-20
8073,Eduardo Costa,907.095.014-63,1962-07-06
8074,Lucas Gomes,526.354.057-43,1952-08-05
8075,Eduarda Almeida,632.493.845-00,1991-06-27
8076,Eduarda Ribeiro,966.991.498-14,1961-11-07
8077,Bruno Santos,461.617.132-76,1994-02-24
8078,Gabriela Carvalho,711.856.306-43,2000-06-22
8079,Camila Martins,613.121.298-83,1996-06-12
8080,Joao Carvalho,668.351.612-05,1967-01-25
8081,Valentina Martins,119.263.393-80,1953-05-25
8082,Thiago Santos,658.228.300-64,2001-09-22
8083,Taina Ferreira,348.186.955-05,2002-03-10
8084,Henrique Souza,689.149.088-01,2003-08-27
8085,William Pereira,120.308.273-80,1988-07-18
8086,Mariana Ferreira,567.569.654-76,1966-02-23
8087,Beatriz Rocha,582.275.044-34,1987-10-30
8088,Andre Ferreira,701.629.988-05,1982-01-04
8089,Rafael Lima,916.584.914-08,1976-01-12
8090,Gabriela Ferreira,860.525.734-22,2004-04-10
8091,Tiago Mendes,503.083.892-98,1973-05-09
8092,Taina Rocha,009.154.221-90,2000-02-26
8093,Valter Rodrigues,230.748.745-03,1966-11-03
8094,Taina Silva,107.490.257-27,1967-01-24
8095,Daniel Rocha,728.046.674-56,1987-05-04
8096,Valentina Dias,325.164.998-17,1993-05-10
8097,Sofia Costa,701.897.239-63,1994-11-17
8098,Bruno Mendes,798.066.655-03,1963-03-14
8099,Sofia Mendes,853.034.686-66,1990-04-27
8100,Natalia Silva,400.095.365-66,1989-02-24
8101,Lucas Rodrigues,729.268.761-06,1962-04-14
8102,Nicolas Cardoso,441.425.336-57,1951-08-28
8103,Julia Cardoso,690.887.757-45,1997-09-09
8104,Marcos Rodrigues,594.463.428-64,1983-03-17
8105,Patricia Ribeiro,746.206.652-15,1993-12-22
8106,Patricia Gomes,965.528.980-02,1954-08-24
8107,Eduarda Nascimento,696.667.156-86,1967-11-22
8108,Antonio Araujo,592.579.776-09,1984-02-26
8109,Samuel Santos,002.731.372-71,1987-08-25
8110,Bruno Souza,255.857.992-40,1983-07-09
8111,Helena Almeida,402.119.906-39,1975-09-05
8112,Natalia Martins,977.944.774-17,2003-04-12
8113,Julia Santos,503.182.736-08,2001-12-04
8114,Larissa Oliveira,916.771.086-73,1985-05-24
8115,Tiago Carvalho,793.802.839-89,1962-08-04
8116,Joao Cardoso,178.952.786-49,2001-08-19
8117,Ana Rodrigues,004.512.979-70,2003-04-22
8118,Fernanda Martins,716.137.018-37,1960-11-29
8119,Fernanda Silva,735.527.845-27,1960-10-09
8120,Isabela Araujo,105.388.349-86,1998-09-18
8121,Igor Araujo,894.156.797-19,1996-06-09
8122,Antonio Mendes,684.762.599-64,1986-01-15
8123,Igor Costa,334.617.891-94,1994-01-30
8124,Lucas Souza,020.378.641-67,1961-02-22
8125,Rafael Dias,474.717.993-31,1997-04-04
8126,Paulo Ferreira,848.786.382-57,1974-03-22
8127,Eduardo Dias,871.685.513-29,1957-08-19
8128,Julia Nascimento,731.528.159-21,1950-01-27
8129,Taina Rodrigues,612.915.163-28,2004-03-10
8130,Valentina Gomes,128.589.130-99,1995-01-10
8131,Vinicius Mendes,179.115.987-70,1962-11-11
8132,Sofia Mendes,343.067.416-64,1993-11-10
8133,Gabriela Pereira,398.891.399-52,1994-10-02
8134,William Ferreira,887.899.724-22,1967-08-17
8135,Marcos Pereira,436.752.356-02,1971-09-11
8136,Joao Oliveira,089.733.561-94,1967-05-18
8137,Ana Cardoso,524.719.535-30,1968-11-03
8138,Beatriz Araujo,721.871.634-23,1978-02-06
8139,Marcos Mendes,483.997.413-61,1982-08-18
8140,Patricia Oliveira,234.692.978-60,1970-04-12
8141,Igor Santos,124.710.103-77,1995-09-24
8142,Rafaela Rodrigues,311.297.974-57,1972-11-17
8143,Bruno Costa,769.662.428-88,1965-10-18
8144,Mariana Nascimento,663.788.313-19,1953-04-30
8145,Henrique Martins,712.378.689-04,1972-06-22
8146,Patricia Rodrigues,836.454.827-17,1971-12-17
8147,Vinicius Ribeiro,481.661.498-26,1992-09-13
8148,Fernanda Silva,829.682.924-04,1981-03-21
8149,Vinicius Santos,947.215.563-49,1962-08-18
8150,Bruno Pereira,588.858.212-35,1975-11-26
8151,Camila Pereira,381.404.909-89,1998-01-06
8152,Joao Almeida,133.125.680-13,2002-09-16
8153,Eduardo Almeida,489.365.945-67,1981-04-20
8154,Lucas Silva,172.785.398-97,1991-10-01
8155,Sofia Gomes,736.414.928-74,1986-03-14
8156,Valentina Silva,181.012.900-10,1966-08-08
8157,Eduarda Silva,796.366.902-43,1950-05-15
8158,Bruno Oliveira,093.282.125-10,1961-12-22
8159,Samuel Ribeiro,520.298.135-08,1961-12-02
8160,Samuel Almeida,388.285.578-93,1987-09-14
8161,Lucas Dias,630.235.988-00,1985-08-21
8162,Ana Santos,000.468.352-88,1977-04-03
8163,Fernanda Gomes,076.523.357-60,1954-02-24
8164,Gabriela Rocha,165.092.980-31,1986-03-26
8165,Carlos Oliveira,527.012.740-79,1960-04-05
8166,Isabela Dias,676.424.954-71,1994-02-12
8167,Gabriel Nascimento,192.247.822-99,1960-08-22
8168,Rafaela Pereira,588.076.129-09,1961-08-25
8169,Lucas Silva,653.661.211-67,1962-04-13
8170,Natalia Araujo,928.148.022-08,2005-12-16
8171,Nicolas Rodrigues,587.474.412-67,1975-12-28
8172,Antonio Carvalho,384.288.335-83,1956-12-25
8173,Eduarda Ribeiro,827.024.528-33,1983-02-03
8174,Tiago Costa,344.633.211-15,1956-09-20
8175,William Carvalho,701.172.396-07,1969-12-24
8176,Eduarda Rocha,010.762.378-19,1983-07-23
8177,Carlos Martins,712.301.674-20,1970-03-23
8178,Beatriz Pereira,120.663.267-47,1970-12-19
8179,Thiago Ribeiro,894.832.864-68,1986-12-11
8180,Taina Oliveira,266.305.968-46,1969-09-19
8181,Julia Mendes,233.177.736-50,1976-06-20
8182,Thiago Almeida,354.681.755-92,1992-08-15
8183,William Gomes,878.066.866-65,1954-10-14
8184,Vinicius Ferreira,850.756.638-34,1985-03-05
8185,Larissa Almeida,388.410.179-02,1981-03-19
8186,Rafael Silva,495.660.356-83,1966-03-20
8187,Mariana Cardoso,025.557.817-22,2003-01-28
8188,Valentina Ferreira,329.514.674-86,1990-10-24
8189,Camila Pereira,375.619.042-07,1974-12-11
8190,Sofia Ferreira,241.674.974-92,1997-07-31
8191,Vinicius Dias,583.960.483-63,1960-01-24
8192,Nicolas Pereira,118.148.506-19,1959-05-25
8193,Samuel Araujo,996.344.060-68,1997-02-07
8194,Samuel Costa,479.222.978-23,1968-05-27
8195,Antonio Rocha,917.922.939-50,1998-06-24
8196,Vinicius Santos,855.327.777-13,1952-12-14
8197,Carlos Ribeiro,037.181.962-80,1977-08-10
8198,Lucas Martins,659.053.497-70,1981-11-25
8199,Igor Carvalho,451.015.984-61,1980-06-29
8200,Daniel Ribeiro,456.232.179-23,1958-10-19
8201,Taina Silva,186.435.716-95,1956-10-26
8202,Marcos Silva,297.272.029-69,1973-02-07
8203,Carlos Gomes,469.726.142-95,1974-02-10
8204,Valter Mendes,394.175.723-77,1954-07-10
8205,Samuel Dias,612.694.465-84,1982-06-25
8206,Eduarda Araujo,372.342.382-55,1968-02-23
8207,Rafael Dias,256.584.663-00,1993-03-31
8208,Gabriel Mendes,287.425.943-83,1993-01-24
8209,Rafaela Ribeiro,918.158.084-38,2002-11-03
8210,Thiago Carvalho,766.273.872-80,1973-07-08
8211,Samuel Cardoso,635.922.169-10,1970-05-16
8212,Patricia Nascimento,536.143.269-50,2004-11-01
8213,Daniel Rodrigues,768.824.091-37,2004-02-15
8214,Taina Oliveira,229.547.034-07,1999-06-05
8215,Vinicius Dias,319.264.992-55,1999-08-18
8216,Tiago Mendes,217.449.459-00,1995-08-08
8217,Felipe Nascimento,392.112.196-55,1956-01-07
8218,Paulo Araujo,200.102.927-64,1959-11-02
8219,Rafael Pereira,290.944.675-18,1951-12-09
8220,Marcos Ribeiro,046.122.471-24,1975-02-22
8221,Eduarda Souza,673.964.506-08,1994-10-12
8222,Henrique Souza,461.177.696-44,2002-05-15
8223,Natalia Dias,110.989.839-80,1990-09-18
8224,Mariana Rocha,527.367.413-15,1954-02-07
8225,Taina Ribeiro,047.442.438-35,1970-06-08
8226,Igor Almeida,900.713.659-31,1960-04-09
8227,Camila Martins,183.554.969-14,1973-05-01
8228,Taina Araujo,107.923.595-77,1978-10-17
8229,Gabriela Santos,725.457.027-14,2000-02-29
8230,Vinicius Costa,921.476.228-77,2005-09-24
8231,Paulo Rocha,924.280.310-31,1995-12-15
8232,Valentina Martins,175.926.599-30,1969-06-18
8233,Nicolas Araujo,888.588.281-19,1996-06-22
8234,Samuel Rocha,667.271.850-85,1995-02-25
8235,Eduarda Lima,635.808.057-11,2003-01-19
8236,Daniela Martins,339.282.981-19,1956-08-25
8237,Paulo Ferreira,243.801.180-70,1967-06-28
8238,Paulo Ferreira,503.066.655-90,1994-07-12
8239,Bruno Oliveira,842.381.490-41,1951-04-03
8240,Felipe Ferreira,632.258.160-00,1961-07-13
8241,Isabela Rodrigues,779.945.054-14,2002-11-30
8242,Carlos Costa,224.986.794-13,1964-05-08
8243,Isabela Silva,585.927.751-24,1970-10-28
8244,Ana Rocha,373.297.291-75,1976-10-23
8245,Camila Costa,268.081.463-06,1978-11-09
8246,Bruno Silva,666.540.791-83,1971-09-14
8247,Joao Silva,571.132.723-20,1978-08-02
8248,Henrique Martins,257.832.168-01,1975-09-23
8249,Valentina Ribeiro,655.201.332-98,1950-03-09
8250,Daniel Nascimento,371.940.207-00,1960-01-08
8251,Larissa Nascimento,771.910.164-26,1985-01-01
8252,Beatriz Mendes,282.192.726-60,1981-08-28
8253,Joao Gomes,529.327.673-56,1968-07-02
8254,Beatriz Costa,293.084.851-04,1958-01-01
8255,Eduarda Ferreira,088.621.649-47,1974-10-21
8256,Larissa Silva,278.183.252-98,1978-01-05
8257,Valter Cardoso,531.726.821-45,1981-06-08
8258,Bruno Martins,719.201.248-37,1977-07-16
8259,Valter Oliveira,715.443.961-04,1997-12-24
8260,Thiago Silva,783.152.349-94,2003-05-26
8261,Mariana Nascimento,269.951.913-82,1966-09-30
8262,Ana Gomes,853.748.580-25,1973-07-16
8263,Paulo Costa,764.233.693-48,2000-06-25
8264,Ana Dias,147.200.809-01,1957-01-19
8265,Helena Ribeiro,737.821.056-05,1991-03-21
8266,Patricia Rodrigues,806.652.567-28,1951-08-20
8267,Bruno Ribeiro,343.535.650-28,1962-07-02
8268,Henrique Nascimento,153.455.740-73,1976-06-13
8269,Sofia Rocha,927.110.837-05,2000-10-12
8270,Camila Mendes,798.041.865-43,1988-05-31
8271,Joao Rodrigues,856.488.001-69,1962-07-25
8272,Andre Almeida,905.321.596-40,1967-07-16
8273,Gabriel Silva,402.451.719-83,1976-09-01
8274,Tiago Carvalho,528.315.338-05,2003-05-03
8275,Gabriel Silva,105.282.275-48,1968-01-01
8276,Taina Rocha,587.567.443-15,1986-02-22
8277,Natalia Costa,250.324.677-07,1995-12-22
8278,Gabriela Nascimento,322.657.114-11,1957-01-06
8279,Nicolas Nascimento,347.778.426-06,1978-03-22
8280,Thiago Araujo,984.362.017-87,1958-10-10
8281,Gabriela Souza,423.081.837-80,1963-01-18
8282,Eduardo Santos,346.317.890-77,1966-04-12
8283,Rafaela Ferreira,739.636.996-71,2004-07-20
8284,Gabriela Araujo,870.017.453-08,1998-04-03
8285,Paulo Almeida,221.974.028-54,1963-02-02
8286,Rafaela Souza,643.035.901-85,1999-05-16
8287,Daniela Mendes,102.105.025-33,1972-04-03
8288,Samuel Souza,204.469.795-54,1979-06-11
8289,William Almeida,665.455.218-02,1950-10-28
8290,Samuel Gomes,954.486.348-69,1993-05-20
8291,Daniela Mendes,329.506.081-91,1954-04-13
8292,William Rocha,845.276.198-88,1998-02-09
8293,Ana Costa,427.434.184-43,1961-04-30
8294,Taina Rodrigues,504.814.853-33,2003-10-17
8295,Felipe Mendes,318.592.493-29,1975-01-16
8296,Joao Almeida,725.773.063-69,1999-06-05
8297,Daniel Ribeiro,619.080.634-16,1964-06-11
8298,Bruno Cardoso,797.726.257-68,1987-04-16
8299,Isabela Pereira,978.248.918-28,1962-05-03
8300,Valter Gomes,537.242.009-00,1964-09-23
8301,Vinicius Dias,695.280.707-10,1991-02-07
8302,Daniela Mendes,815.858.227-36,2002-09-17
8303,Natalia Ribeiro,625.591.654-57,1967-03-07
8304,Sofia Dias,670.973.893-03,2001-06-19
8305,Fernanda Souza,281.101.801-83,1970-12-19
8306,Nicolas Santos,520.635.724-37,1972-03-15
8307,Valentina Carvalho,048.902.177-89,1965-10-24
8308,Camila Araujo,447.227.643-79,2001-05-18
8309,Daniela Oliveira,722.837.519-00,1997-12-08
8310,Helena Mendes,704.859.593-05,1997-04-10
8311,Tiago Nascimento,872.619.697-29,1956-08-05
8312,Felipe Mendes,775.411.847-56,1985-07-23
8313,Julia Rocha,749.497.916-64,1960-06-30
8314,Lucas Souza,027.630.901-41,1982-03-10
8315,Marcos Almeida,045.231.913-79,1972-12-27
8316,Natalia Nascimento,574.676.654-23,1963-02-01
8317,Camila Dias,866.645.070-30,1994-05-22
8318,Mariana Oliveira,814.421.020-47,2002-10-25
8319,Beatriz Souza,674.436.193-75,1979-03-03
8320,Mariana Mendes,582.406.858-54,2000-05-20
8321,Thiago Rodrigues,813.524.624-27,1989-06-05
8322,Beatriz Costa,177.025.383-17,1988-04-19
8323,Thiago Nascimento,791.099.220-32,2000-05-14
8324,Vinicius Ferreira,958.251.749-23,1959-05-24
8325,Taina Ribeiro,592.534.605-04,1998-07-23
8326,Fernanda Oliveira,952.361.377-48,1978-05-16
8327,Rafaela Lima,245.912.536-43,1997-11-21
8328,Carlos Cardoso,643.311.459-80,1969-08-01
8329,Tiago Pereira,077.083.954-10,1950-07-16
8330,Henrique Almeida,516.098.414-33,1982-10-07
8331,Sofia Cardoso,303.860.655-35,1957-11-09
8332,Isabela Cardoso,121.840.766-27,1994-05-23
8333,Rafaela Rocha,049.078.243-43,1967-05-30
8334,Felipe Oliveira,606.302.583-92,1984-10-22
8335,Eduardo Cardoso,240.638.346-62,1988-01-12
8336,Daniela Oliveira,749.538.767-09,2001-01-28
8337,Paulo Dias,764.433.125-54,1974-09-29
8338,Marcos Ribeiro,608.007.937-22,1985-07-09
8339,Julia Costa,414.198.102-86,1978-03-18
8340,Antonio Nascimento,853.733.502-90,1951-02-20
8341,Henrique Nascimento,238.278.146-77,2003-07-26
8342,Eduardo Nascimento,671.498.386-77,1977-07-27
8343,Samuel Cardoso,788.738.129-02,1973-12-03
8344,Eduardo Ribeiro,760.249.124-63,1986-08-25
8345,Tiago Silva,259.681.664-44,1950-11-10
8346,Eduarda Nascimento,489.090.130-28,1966-07-18
8347,Samuel Nascimento,833.206.714-64,1988-04-14
8348,Lucas Santos,312.869.132-09,1960-12-17
8349,Taina Nascimento,525.284.386-48,1967-07-07
8350,Larissa Pereira,217.050.757-46,1999-08-05
8351,Ana Carvalho,799.412.642-10,1999-12-18
8352,Paulo Araujo,970.532.686-08,1987-03-11
8353,Joao Dias,016.861.814-18,1991-12-28
8354,Eduardo Pereira,221.471.195-39,1961-08-04
8355,Gabriel Ferreira,533.067.739-48,1978-12-22
8356,Valentina Carvalho,755.682.542-65,1992-01-10
8357,Marcos Oliveira,855.168.770-08,1951-06-08
8358,Daniela Cardoso,484.564.803-20,1983-02-21
8359,Felipe Araujo,611.564.058-07,1994-02-27
8360,Natalia Lima,222.538.618-80,1961-02-10
8361,Igor Almeida,143.090.206-07,1995-10-10
8362,Daniela Cardoso,369.124.897-70,1958-12-07
8363,Rafaela Nascimento,388.724.002-28,1976-10-08
8364,Rafaela Pereira,405.049.113-33,1997-10-07
8365,Camila Cardoso,181.379.724-20,1956-02-29
8366,Igor Carvalho,226.548.851-86,1954-10-22
8367,Fernanda Silva,211.334.078-03,1955-09-01
8368,Sofia Costa,663.275.934-37,1996-01-10
8369,Lucas Gomes,535.597.879-71,2002-06-18
8370,Henrique Almeida,238.664.297-62,1973-05-29
8371,Isabela Pereira,441.753.967-72,1991-11-08
8372,Daniel Almeida,621.027.358-00,1955-08-30
8373,Camila Araujo,902.475.670-78,1992-02-02
8374,Lucas Santos,214.745.501-69,1974-06-17
8375,Samuel Pereira,347.993.184-70,1979-11-25
8376,Igor Gomes,431.706.783-88,1984-09-08
8377,Marcos Martins,069.687.992-19,1996-05-11
8378,Eduardo Almeida,082.539.005-20,1973-11-06
8379,Patricia Souza,670.404.922-37,1964-09-26
8380,Sofia Santos,666.064.064-98,1984-05-15
8381,Julia Araujo,886.638.003-20,1967-07-23
8382,Fernanda Rodrigues,758.780.776-47,1989-11-19
8383,Igor Ribeiro,831.312.978-67,1982-06-11
8384,Bruno Pereira,964.893.988-85,1986-08-12
8385,Gabriela Oliveira,395.543.405-24,1974-01-07
8386,Eduarda Ferreira,255.808.178-00,1985-12-15
8387,Vinicius Nascimento,728.873.605-90,1959-06-16
8388,Daniela Silva,353.583.995-50,1961-12-20
8389,Andre Mendes,000.963.180-15,1952-11-04
8390,Tiago Cardoso,633.166.593-58,1990-08-10
8391,Natalia Gomes,010.380.061-12,2003-07-30
8392,Bruno Mendes,730.192.441-02,2000-02-08
8393,William Costa,348.222.471-47,1981-04-08
8394,Andre Oliveira,515.285.489-90,1981-10-30
8395,William Mendes,711.969.021-35,1969-08-17
8396,Paulo Martins,861.183.949-89,1994-10-31
8397,Andre Pereira,712.904.240-04,1996-11-23
8398,Larissa Nascimento,461.981.644-20,1970-12-27
8399,Natalia Nascimento,309.009.062-78,2005-07-07
8400,Vinicius Souza,390.410.406-33,1970-10-26
8401,Natalia Oliveira,476.730.091-61,1986-06-04
8402,Valentina Ferreira,191.585.308-78,2005-10-26
8403,Gabriel Araujo,463.194.523-07,1988-06-07
8404,Helena Oliveira,903.616.543-16,1995-08-07
8405,Valentina Carvalho,126.326.237-66,1987-05-30
8406,Natalia Carvalho,596.263.535-38,1961-03-28
8407,Julia Araujo,748.076.660-29,2000-10-20
8408,Gabriel Gomes,459.254.495-17,1956-03-21
8409,Igor Martins,424.932.738-85,1973-01-19
8410,Rafael Cardoso,761.005.948-03,1962-09-26
8411,Lucas Santos,690.871.319-92,1991-05-28
8412,Isabela Mendes,580.208.206-20,1976-03-23
8413,Eduardo Silva,288.368.578-92,1986-10-31
8414,Beatriz Souza,580.439.398-70,1999-05-18
8415,Eduarda Mendes,696.750.446-08,1974-03-18
8416,Natalia Santos,772.078.028-03,1964-02-04
8417,Joao Almeida,980.998.895-84,1970-03-27
8418,Lucas Araujo,476.930.451-04,1953-04-21
8419,Daniel Cardoso,378.498.600-55,1983-08-23
8420,Valter Pereira,518.868.905-79,1981-06-15
8421,Antonio Nascimento,788.439.950-49,2004-05-22
8422,Fernanda Cardoso,149.835.026-70,1981-09-16
8423,Isabela Mendes,790.597.307-71,1989-08-25
8424,Marcos Cardoso,108.813.057-74,1980-07-19
8425,Taina Oliveira,003.169.962-62,1956-11-26
8426,Natalia Rocha,238.165.142-00,1972-07-12
8427,Natalia Pereira,942.928.406-10,1976-04-16
8428,Bruno Rodrigues,384.524.799-13,1973-07-01
8429,Fernanda Dias,735.718.828-06,1983-04-12
8430,Natalia Almeida,231.951.215-22,1974-03-07
8431,Paulo Araujo,897.087.467-46,1973-08-14
8432,Camila Dias,061.435.631-87,1952-03-29
8433,Rafael Pereira,321.115.082-09,1976-06-25
8434,Nicolas Martins,114.163.555-02,1993-06-09
8435,Nicolas Mendes,414.574.735-69,1980-11-26
8436,Samuel Araujo,857.671.634-80,1973-12-09
8437,Marcos Araujo,987.331.197-16,1980-12-21
8438,Igor Ribeiro,304.537.074-83,1994-08-21
8439,Fernanda Rodrigues,143.969.261-03,2000-11-28
8440,Helena Mendes,279.307.504-34,1989-08-04
8441,Bruno Araujo,097.414.174-70,1979-02-10
8442,Antonio Oliveira,159.593.185-63,1993-04-25
8443,Daniela Dias,751.644.785-44,1999-02-01
8444,Tiago Lima,439.762.108-03,2000-11-01
8445,Marcos Carvalho,854.208.481-04,1971-01-01
8446,Tiago Gomes,190.477.186-66,1992-08-07
8447,Patricia Silva,856.262.392-00,1973-12-30
8448,Eduarda Ribeiro,134.017.497-90,1959-02-27
8449,Natalia Martins,412.541.895-05,1951-08-16
8450,Paulo Oliveira,648.773.978-25,1984-03-01
8451,Andre Oliveira,793.852.527-80,1976-05-01
8452,Igor Silva,465.717.377-44,1956-01-02
8453,Daniel Araujo,872.930.608-66,2001-03-23
8454,Samuel Souza,920.938.296-06,1968-08-27
8455,Daniel Gomes,325.878.870-70,1962-05-05
8456,Helena Souza,244.641.616-00,1984-03-26
8457,William Carvalho,594.830.741-77,1969-04-30
8458,Thiago Rocha,145.422.897-02,1973-10-26
8459,Natalia Carvalho,762.961.171-40,1971-04-20
8460,William Ferreira,083.892.166-39,1963-11-10
8461,Helena Carvalho,165.673.868-60,1951-01-27
8462,Andre Martins,106.217.562-02,1988-04-17
8463,Vinicius Pereira,338.331.246-10,1993-05-08
8464,Eduardo Nascimento,737.988.900-13,1995-03-02
8465,Valter Rodrigues,848.515.969-10,1999-06-17
8466,Fernanda Rodrigues,221.249.543-93,1964-11-13
8467,Thiago Rocha,032.536.144-41,1969-12-16
8468,Paulo Silva,515.895.277-98,1996-05-03
8469,Patricia Lima,046.650.463-28,1996-02-15
8470,Larissa Mendes,232.668.086-30,1985-02-14
8471,Mariana Souza,527.177.674-36,1988-10-24
8472,Eduardo Costa,035.660.944-80,1984-04-30
8473,William Nascimento,895.500.479-62,1987-01-21
8474,Isabela Martins,257.897.616-31,1999-11-27
8475,Isabela Rocha,689.819.281-77,1950-04-15
8476,Nicolas Araujo,176.821.565-03,1995-11-24
8477,Samuel Ferreira,802.263.471-92,1974-08-04
8478,Gabriela Souza,363.177.626-86,1950-06-11
8479,Fernanda Mendes,357.841.708-48,1993-03-13
8480,Camila Souza,450.658.046-05,2000-09-20
8481,Andre Nascimento,555.266.664-09,1956-02-14
8482,Andre Ribeiro,709.919.079-22,2000-04-24
8483,Taina Ribeiro,174.388.180-04,1972-09-01
8484,Beatriz Silva,956.394.453-43,1963-06-26
8485,Julia Souza,784.151.661-41,1993-10-23
8486,Daniel Rocha,631.364.396-86,1966-08-09
8487,Fernanda Dias,764.039.327-21,1961-04-07
8488,Igor Ribeiro,142.145.478-53,1955-09-28
8489,Henrique Mendes,965.520.862-10,1953-04-26
8490,Igor Ferreira,694.217.000-31,1958-06-06
8491,Rafael Mendes,947.578.621-05,1995-05-28
8492,Antonio Mendes,163.602.096-83,1961-03-25
8493,Samuel Martins,860.440.999-89,1994-07-25
8494,Carlos Araujo,061.851.688-39,1987-07-08
8495,Larissa Santos,437.881.581-82,1976-06-28
8496,Daniela Silva,882.652.575-70,1987-12-22
8497,Vinicius Santos,782.394.480-46,1972-12-23
8498,Paulo Nascimento,340.571.798-10,1980-08-14
8499,Joao Gomes,394.634.315-51,1966-02-05
8500,Ana Cardoso,258.029.825-86,1957-11-12
8501,Gabriel Costa,816.727.966-95,1974-09-14
8502,Daniela Silva,012.834.492-00,1955-07-24
8503,Marcos Almeida,108.370.890-26,1980-05-19
8504,Natalia Nascimento,799.851.965-70,1963-09-03
8505,Rafael Lima,454.064.977-90,1989-02-11
8506,Rafael Dias,799.032.384-28,2000-02-28
8507,Gabriela Rocha,500.015.969-18,1968-08-01
8508,Carlos Carvalho,198.932.098-89,2001-10-16
8509,Vinicius Almeida,659.552.366-35,1965-06-06
8510,Gabriel Carvalho,377.157.899-09,1970-09-06
8511,Marcos Santos,387.262.178-56,1996-09-04
8512,Julia Dias,314.487.947-90,1985-01-11
8513,Vinicius Almeida,257.260.449-32,1952-09-27
8514,William Pereira,522.803.909-06,2000-05-05
8515,Samuel Silva,253.523.484-07,1989-09-14
8516,Fernanda Pereira,449.778.726-57,1996-01-08
8517,Carlos Martins,550.528.430-20,1976-11-19
8518,Valentina Almeida,424.645.220-31,1970-06-09
8519,William Lima,805.331.854-16,1971-10-13
8520,Marcos Cardoso,262.594.583-47,1998-04-20
8521,Bruno Costa,149.579.576-49,1994-04-06
8522,Felipe Silva,244.011.432-48,1954-04-30
8523,Andre Carvalho,880.372.178-92,1996-10-04
8524,Igor Cardoso,441.505.682-27,1999-12-13
8525,Felipe Santos,748.529.867-46,1982-12-07
8526,Bruno Lima,228.392.472-32,1951-11-16
8527,Rafael Souza,727.552.589-50,1969-12-26
8528,Thiago Lima,259.623.741-50,1957-08-10
8529,Fernanda Costa,139.511.673-35,1989-08-27
8530,Sofia Dias,762.202.154-78,1977-06-03
8531,Helena Almeida,899.347.584-90,1968-06-24
8532,Joao Carvalho,027.806.209-19,1962-08-30
8533,Julia Araujo,515.895.523-93,1954-10-26
8534,Sofia Ribeiro,142.469.637-20,1958-08-16
8535,Beatriz Rocha,996.412.495-33,1984-11-11
8536,Rafael Cardoso,191.112.919-82,1990-05-07
8537,Taina Pereira,694.111.723-00,1972-10-11
8538,Henrique Ferreira,038.090.131-53,1994-05-23
8539,Fernanda Mendes,718.036.313-84,1973-10-01
8540,Igor Dias,219.032.871-38,1993-03-01
8541,Eduarda Mendes,560.671.489-27,1997-01-13
8542,Daniela Ribeiro,320.107.355-52,1996-02-17
8543,Mariana Souza,062.128.891-80,1987-01-11
8544,Thiago Lima,049.636.508-86,1994-12-10
8545,Julia Dias,031.186.090-79,2002-02-09
8546,Gabriela Ferreira,666.508.562-74,1972-08-12
8547,Andre Gomes,538.109.042-01,2001-01-01
8548,Nicolas Ribeiro,658.513.797-31,1964-05-31
8549,Marcos Gomes,458.143.023-21,1975-09-22
8550,Carlos Dias,992.746.621-81,1986-09-21
8551,Lucas Cardoso,555.760.587-80,1999-08-13
8552,William Oliveira,763.902.964-36,1953-01-07
8553,Nicolas Pereira,184.958.064-28,1979-12-27
8554,Vinicius Rocha,631.887.187-05,2003-06-20
8555,Paulo Mendes,235.196.095-50,1995-05-25
8556,Eduardo Santos,505.581.479-92,1959-05-02
8557,Isabela Costa,515.753.809-00,1960-05-18
8558,Daniel Cardoso,849.028.910-77,1973-01-16
8559,Fernanda Oliveira,097.929.362-62,1978-09-07
8560,Samuel Lima,040.933.732-30,1984-05-15
8561,Beatriz Cardoso,082.872.388-54,1983-01-31
8562,Felipe Gomes,665.486.202-32,1984-01-26
8563,Natalia Ferreira,958.000.489-75,1958-03-23
8564,Gabriel Cardoso,584.165.116-16,1967-08-07
8565,William Dias,319.733.086-22,1995-09-15
8566,William Almeida,977.704.251-58,2000-12-20
8567,Thiago Gomes,290.306.956-50,2004-12-07
8568,Valentina Ribeiro,974.145.187-36,1969-08-04
8569,Felipe Ribeiro,158.543.459-00,1965-12-10
8570,Ana Pereira,134.820.246-77,1969-07-27
8571,Mariana Mendes,328.028.735-98,1970-10-27
8572,Vinicius Carvalho,117.371.784-60,1982-05-27
8573,Paulo Nascimento,586.285.743-52,1968-12-02
8574,Fernanda Oliveira,647.896.105-27,1966-11-07
8575,Henrique Silva,743.398.998-60,1953-05-13
8576,William Silva,750.433.159-70,2001-06-21
8577,William Cardoso,870.462.815-21,2004-02-20
8578,Rafaela Rodrigues,688.301.160-92,1987-01-23
8579,Taina Souza,668.135.763-64,1956-06-03
8580,Gabriela Rocha,792.183.160-52,1995-07-29
8581,Rafael Araujo,453.518.786-07,1969-03-22
8582,Paulo Gomes,847.726.795-29,1953-12-12
8583,Natalia Gomes,588.905.332-93,1978-08-07
8584,Bruno Nascimento,597.488.769-77,1989-10-22
8585,Beatriz Lima,220.244.589-71,1954-11-12
8586,Julia Almeida,702.402.418-60,1993-04-30
8587,Tiago Cardoso,785.928.686-61,1994-04-09
8588,Gabriela Carvalho,916.968.015-91,2001-07-15
8589,Samuel Cardoso,510.118.425-05,1966-07-27
8590,Henrique Carvalho,051.795.892-90,1956-03-23
8591,William Oliveira,759.521.462-95,1954-08-13
8592,Vinicius Nascimento,591.776.640-19,1954-08-30
8593,Igor Pereira,032.258.572-46,1997-09-21
8594,Julia Mendes,597.121.578-73,1981-08-21
8595,Daniel Santos,486.804.987-93,1980-07-15
8596,Antonio Dias,421.692.177-97,1984-08-04
8597,Igor Dias,771.759.300-97,1984-04-14
8598,Gabriela Araujo,789.444.517-70,1953-04-08
8599,Patricia Santos,368.733.911-40,1979-10-30
8600,Samuel Carvalho,301.313.487-95,1975-08-08
8601,Larissa Pereira,749.935.241-29,1976-01-15
8602,Patricia Rocha,840.104.880-00,1990-07-26
8603,Valter Carvalho,880.192.763-00,1990-05-02
8604,Nicolas Ferreira,282.509.942-21,1974-05-03
8605,Daniela Lima,529.999.143-69,1950-09-08
8606,Camila Carvalho,063.886.984-68,1989-08-05
8607,Andre Rocha,518.656.140-17,1966-12-12
8608,Andre Carvalho,406.005.325-26,2000-01-07
8609,Thiago Nascimento,486.971.210-51,1987-06-26
8610,William Mendes,357.739.783-77,1973-04-09
8611,Eduarda Costa,708.345.730-16,1990-03-04
8612,Fernanda Oliveira,025.296.573-60,2000-05-14
8613,Igor Almeida,341.720.504-25,1984-02-05
8614,Daniel Araujo,846.662.713-84,1955-09-19
8615,Helena Lima,013.265.373-77,1970-04-16
8616,Tiago Araujo,850.375.233-62,1981-05-10
8617,Daniel Carvalho,992.086.750-09,1960-07-11
8618,Vinicius Almeida,344.365.915-22,1969-10-10
8619,Julia Nascimento,639.568.514-71,1962-01-21
8620,Natalia Nascimento,048.551.313-77,1997-06-26
8621,Sofia Almeida,661.135.888-90,1974-07-14
8622,Carlos Nascimento,750.297.599-30,1998-11-24
8623,Vinicius Silva,011.181.950-43,1982-06-24
8624,Julia Cardoso,589.308.210-90,1989-04-08
8625,Tiago Souza,087.798.087-00,1976-08-30
8626,Bruno Martins,347.372.830-61,1953-04-17
8627,Tiago Rodrigues,063.386.160-00,1963-11-11
8628,Isabela Pereira,742.178.277-09,1956-07-18
8629,Camila Ribeiro,018.325.512-70,1957-04-19
8630,Natalia Cardoso,308.339.334-26,1988-10-03
8631,Isabela Costa,642.400.174-32,1965-03-07
8632,Daniel Dias,144.738.333-80,1985-11-14
8633,Lucas Santos,762.809.956-40,1951-09-16
8634,Bruno Pereira,440.847.710-90,1953-04-26
8635,Isabela Araujo,578.986.877-01,1998-11-27
8636,Gabriela Oliveira,649.024.838-74,2000-12-29
8637,Henrique Ferreira,536.763.072-32,1998-08-24
8638,Igor Pereira,757.318.291-01,1967-10-19
8639,Daniela Almeida,386.079.274-18,1986-04-03
8640,Helena Costa,225.446.396-95,1967-07-16
8641,William Pereira,669.197.696-70,1967-09-04
8642,Mariana Silva,241.598.449-36,1988-10-21
8643,Joao Rocha,484.716.756-25,2001-05-05
8644,Valentina Mendes,564.830.988-04,2003-10-30
8645,Camila Cardoso,155.064.033-05,1981-10-26
8646,Eduardo Costa,640.859.551-01,1976-10-29
8647,Vinicius Ribeiro,722.816.059-22,1987-08-19
8648,Beatriz Gomes,267.169.778-30,1956-05-08
8649,Vinicius Nascimento,673.148.124-62,1993-11-20
8650,Thiago Ribeiro,605.020.651-17,1978-04-12
8651,Igor Pereira,024.190.536-21,1963-07-08
8652,Henrique Rodrigues,963.856.905-04,1968-12-18
8653,Eduardo Pereira,566.548.190-47,1959-10-13
8654,Fernanda Nascimento,078.211.764-35,1971-07-27
8655,Thiago Rocha,606.752.475-94,1951-11-08
8656,Lucas Souza,297.258.871-15,1971-10-04
8657,Helena Costa,875.428.900-93,1983-04-07
8658,Felipe Araujo,418.294.305-80,1953-05-06
8659,Taina Carvalho,839.173.008-50,1985-04-16
8660,Andre Nascimento,879.704.157-25,1972-09-20
8661,Helena Dias,943.215.966-37,1998-03-08
8662,Isabela Rocha,273.073.937-86,1952-10-30
8663,Lucas Rodrigues,485.675.849-73,2003-04-24
8664,Ana Santos,974.993.757-06,2000-09-11
8665,Isabela Nascimento,085.531.665-97,1955-01-25
8666,Valentina Almeida,448.466.117-95,1991-05-14
8667,Eduarda Martins,230.248.298-06,1958-05-02
8668,Natalia Costa,027.257.522-48,1986-08-18
8669,Larissa Gomes,548.315.229-88,1969-04-11
8670,Beatriz Oliveira,179.685.145-09,1955-05-25
8671,Samuel Ribeiro,491.248.668-06,1954-10-06
8672,Camila Oliveira,563.143.770-80,1959-03-22
8673,Valter Rodrigues,892.044.635-03,1998-01-23
8674,Bruno Pereira,110.179.920-02,1991-03-11
8675,Lucas Santos,577.297.533-16,1969-04-15
8676,Bruno Martins,573.294.601-25,1963-06-13
8677,Nicolas Cardoso,452.969.338-42,2005-01-17
8678,Sofia Nascimento,269.707.279-98,1950-12-11
8679,Rafael Nascimento,333.816.975-28,1955-05-08
8680,Igor Cardoso,388.655.899-14,1960-04-17
8681,Natalia Gomes,466.522.897-33,1980-09-01
8682,Patricia Almeida,968.860.102-04,1980-06-15
8683,Felipe Rocha,829.976.997-38,1958-01-05
8684,Valentina Martins,898.963.277-34,1980-03-31
8685,Taina Silva,555.083.484-76,1950-04-03
8686,Natalia Ferreira,289.955.444-14,1993-04-17
8687,Tiago Pereira,897.092.689-53,1997-06-16
8688,Gabriela Pereira,118.588.533-11,2004-01-04
8689,Julia Dias,578.650.952-44,1978-08-22
8690,Felipe Rodrigues,080.000.381-02,1952-04-11
8691,Igor Carvalho,126.009.103-10,1956-08-11
8692,Helena Mendes,072.994.474-36,1984-04-15
8693,Julia Costa,696.407.638-70,1984-12-13
8694,Patricia Souza,863.455.547-07,1951-02-02
8695,Gabriel Santos,780.540.712-64,2003-01-24
8696,Paulo Dias,979.011.762-02,1957-04-27
8697,Bruno Mendes,873.145.033-46,1959-10-21
8698,Daniel Pereira,352.532.208-95,1958-03-15
8699,Larissa Nascimento,499.391.900-00,1958-09-07
8700,Eduarda Pereira,840.172.344-29,1985-04-08
8701,Marcos Nascimento,952.689.082-51,1986-03-15
8702,Nicolas Souza,542.382.919-48,1987-05-16
8703,Vinicius Mendes,804.919.817-08,1950-04-30
8704,Antonio Oliveira,591.977.074-06,1974-04-28
8705,Patricia Carvalho,782.173.891-36,1975-06-13
8706,Daniel Ribeiro,056.420.244-42,1987-10-26
8707,Valter Pereira,859.525.292-08,1975-09-05
8708,Helena Santos,904.258.432-70,2003-10-23
8709,Tiago Souza,378.077.224-87,1972-06-22
8710,Fernanda Carvalho,633.278.845-36,1969-08-28
8711,Antonio Gomes,069.987.585-45,1963-07-03
8712,Carlos Nascimento,249.259.876-40,1973-10-05
8713,Antonio Santos,696.469.016-62,1976-05-31
8714,Taina Pereira,370.141.551-05,1953-12-13
8715,Carlos Oliveira,775.786.123-36,1983-06-03
8716,Nicolas Araujo,662.690.911-87,2005-01-11
8717,Henrique Almeida,236.253.786-20,1969-01-24
8718,Beatriz Araujo,013.168.897-93,1997-04-19
8719,Camila Almeida,323.164.958-77,1986-01-09
8720,Sofia Rocha,170.580.307-58,1958-06-15
8721,Valentina Martins,010.995.872-12,1973-12-20
8722,Valentina Souza,113.973.031-23,1955-08-05
8723,Daniel Oliveira,968.146.910-00,1989-11-13
8724,Eduardo Carvalho,326.314.243-79,1998-04-18
8725,Isabela Pereira,442.951.538-77,1976-08-30
8726,Fernanda Santos,240.975.260-81,1985-08-14
8727,Gabriel Ribeiro,431.130.963-59,1989-08-03
8728,Lucas Lima,019.422.852-56,1965-08-08
8729,Beatriz Lima,330.062.305-74,1952-09-08
8730,Taina Araujo,827.734.573-90,1975-06-04
8731,Henrique Gomes,267.499.883-00,1980-05-09
8732,Eduarda Dias,917.737.660-90,1988-06-11
8733,Julia Ribeiro,937.724.574-52,1973-09-21
8734,Gabriela Ribeiro,396.608.604-20,1995-10-21
8735,Vinicius Rocha,401.851.496-42,1999-01-03
8736,Joao Rodrigues,689.456.189-37,1955-10-10
8737,Rafaela Lima,931.675.503-41,1959-08-08
8738,Ana Dias,388.829.563-77,1990-11-02
8739,William Nascimento,367.898.801-60,2002-07-21
8740,Gabriel Costa,231.421.125-10,1971-09-08
8741,Taina Silva,444.407.211-33,1961-01-26
8742,Larissa Gomes,966.795.611-32,1968-12-25
8743,William Rodrigues,530.193.633-65,2001-12-20
8744,Bruno Rocha,757.789.776-03,1959-02-17
8745,Julia Araujo,651.492.410-75,1955-06-01
8746,Tiago Martins,900.418.136-93,1986-07-04
8747,Isabela Santos,666.102.011-37,1990-06-18
8748,Taina Ribeiro,188.934.773-60,1956-04-27
8749,Camila Oliveira,106.003.085-37,2002-06-03
8750,Lucas Almeida,706.124.555-72,1960-06-04
8751,Thiago Ribeiro,132.226.650-60,2004-01-05
8752,Rafael Silva,170.569.490-02,1975-03-18
8753,Andre Araujo,884.714.351-95,1965-09-24
8754,Ana Santos,451.582.843-69,1985-03-01
8755,Bruno Martins,858.697.443-93,1952-08-20
8756,Isabela Araujo,891.174.561-85,1996-06-30
8757,Bruno Souza,205.404.834-86,1981-05-28
8758,Joao Martins,825.413.214-30,1988-05-29
8759,Beatriz Nascimento,781.843.939-03,1983-01-26
8760,Igor Cardoso,476.505.476-47,1994-06-23
8761,Sofia Carvalho,531.386.782-20,1967-11-23
8762,Henrique Costa,784.237.405-87,1958-02-09
8763,Lucas Souza,757.322.836-84,1959-11-12
8764,Mariana Mendes,142.002.873-15,1975-07-15
8765,Ana Rodrigues,627.562.952-56,1961-06-30
8766,Valentina Pereira,932.674.520-15,1996-08-09
8767,Helena Martins,075.981.731-68,1958-11-04
8768,Henrique Silva,124.036.036-35,1950-09-19
8769,Rafael Pereira,781.575.849-57,2000-05-19
8770,Lucas Ribeiro,528.109.319-33,2004-02-26
8771,Patricia Mendes,963.552.313-07,1971-08-17
8772,Bruno Mendes,626.850.385-66,1950-10-18
8773,Taina Carvalho,860.101.632-42,2005-11-18
8774,Camila Silva,042.199.893-82,2003-04-16
8775,Eduardo Santos,733.125.661-00,1973-09-23
8776,Isabela Santos,621.402.499-25,1996-06-21
8777,Rafael Rocha,342.171.152-61,1963-07-31
8778,Mariana Oliveira,284.152.776-01,1982-01-04
8779,Carlos Rocha,253.242.547-46,1982-01-20
8780,Tiago Gomes,762.492.989-91,1987-10-21
8781,Fernanda Mendes,752.882.817-34,1953-07-30
8782,Julia Martins,245.852.243-27,1957-03-25
8783,Henrique Araujo,208.388.846-44,1957-11-22
8784,Antonio Mendes,622.659.194-38,1951-02-18
8785,Gabriel Martins,942.505.562-98,2001-12-22
8786,Igor Gomes,593.384.196-06,1964-11-17
8787,Gabriela Dias,851.553.884-90,1988-09-24
8788,Tiago Araujo,538.473.659-32,1965-05-16
8789,Marcos Martins,611.317.615-02,1994-12-14
8790,Gabriel Ribeiro,048.708.728-38,1975-08-08
8791,Beatriz Oliveira,067.645.405-43,1988-03-08
8792,Beatriz Costa,018.732.856-04,1979-05-03
8793,Samuel Santos,905.380.534-61,1987-08-29
8794,Bruno Silva,324.030.703-00,1953-11-23
8795,Samuel Mendes,542.348.983-09,1992-04-14
8796,Gabriel Almeida,895.608.973-65,1985-08-23
8797,Bruno Lima,774.601.108-09,1973-12-18
8798,Mariana Dias,901.635.875-74,1959-05-09
8799,Sofia Ferreira,002.530.095-45,1996-03-30
8800,Valentina Santos,344.991.954-70,1950-04-16
8801,Gabriela Araujo,749.503.544-77,2004-10-23
8802,Helena Gomes,305.813.551-30,1966-02-21
8803,Gabriel Carvalho,008.938.755-46,2005-12-07
8804,Samuel Ferreira,806.664.306-32,1990-05-04
8805,Mariana Mendes,750.278.736-46,1964-09-02
8806,Fernanda Cardoso,481.774.558-42,1976-02-05
8807,Samuel Rocha,116.617.347-07,1976-02-25
8808,Larissa Costa,199.143.150-38,2001-03-15
8809,Igor Santos,710.202.349-97,1966-01-05
8810,Daniel Santos,961.830.386-10,1965-08-04
8811,Samuel Rocha,818.999.328-36,1973-01-11
8812,Beatriz Santos,782.693.132-03,1973-03-04
8813,Fernanda Rocha,100.225.916-99,1970-02-23
8814,Natalia Carvalho,534.210.558-74,2003-11-18
8815,Fernanda Souza,983.103.052-49,1990-08-03
8816,Antonio Rodrigues,441.844.043-75,1995-10-12
8817,Ana Nascimento,554.055.586-48,1977-04-23
8818,Sofia Gomes,264.650.723-27,1958-03-04
8819,Rafaela Carvalho,191.628.844-84,1998-04-09
8820,Patricia Ribeiro,753.148.081-61,1954-07-19
8821,Julia Ferreira,233.329.619-42,1971-11-06
8822,Antonio Silva,207.906.473-89,2004-03-15
8823,Andre Mendes,008.174.411-07,1991-11-03
8824,Beatriz Araujo,230.894.666-00,1964-01-11
8825,William Mendes,199.788.358-90,1974-08-16
8826,Mariana Carvalho,176.503.602-02,2003-10-29
8827,Eduarda Dias,305.127.198-53,1956-12-23
8828,Camila Rocha,844.652.488-06,1961-11-05
8829,Henrique Ribeiro,234.304.063-07,1961-06-04
8830,Carlos Pereira,956.910.352-31,1975-08-16
8831,Fernanda Ribeiro,447.995.818-56,1978-07-23
8832,Ana Oliveira,208.389.211-91,1986-10-28
8833,Mariana Carvalho,701.654.183-54,1996-03-09
8834,Taina Pereira,936.317.619-37,1992-09-05
8835,Natalia Silva,141.110.949-02,1995-01-27
8836,Tiago Dias,056.798.586-57,1973-04-13
8837,Vinicius Santos,796.184.042-77,1958-11-25
8838,Eduarda Martins,334.016.633-13,1958-08-19
8839,Patricia Dias,337.361.798-71,1976-04-08
8840,Sofia Cardoso,998.358.744-09,1997-03-29
8841,Bruno Rodrigues,124.175.916-26,1976-03-11
8842,Samuel Dias,704.640.014-80,2002-11-27
8843,Eduarda Rodrigues,370.947.262-87,1959-11-16
8844,Eduardo Almeida,157.761.574-39,1969-12-09
8845,Carlos Gomes,136.493.016-10,2005-10-11
8846,Valentina Ribeiro,296.724.347-74,1952-10-28
8847,Eduarda Lima,927.910.269-91,1994-10-20
8848,Valter Pereira,890.669.046-07,1971-07-12
8849,Henrique Lima,304.497.969-22,1994-09-12
8850,Joao Oliveira,576.067.001-84,1965-08-15
8851,Samuel Silva,024.318.100-03,2004-12-20
8852,Nicolas Costa,533.436.594-01,1990-02-21
8853,Ana Costa,816.236.595-82,1988-02-26
8854,Joao Dias,971.468.574-50,2001-10-11
8855,Valter Gomes,288.250.833-60,1985-08-22
8856,Joao Mendes,092.273.558-12,1990-10-02
8857,Thiago Nascimento,729.898.725-90,1986-12-07
8858,Thiago Rodrigues,746.863.984-10,1953-03-31
8859,Daniel Gomes,372.858.393-61,1956-08-16
8860,Natalia Lima,036.073.771-46,1980-09-08
8861,Camila Ferreira,138.064.900-58,1966-05-26
8862,Nicolas Mendes,073.383.040-41,1976-02-05
8863,Marcos Dias,416.123.652-21,1998-05-31
8864,William Rodrigues,933.575.744-62,1983-03-12
8865,Rafael Costa,574.237.720-70,1973-05-16
8866,Rafaela Rocha,345.303.951-38,2001-11-08
8867,Taina Ferreira,878.713.950-25,1971-11-06
8868,Paulo Ribeiro,433.665.819-64,1972-01-31
8869,Julia Silva,966.721.625-00,1988-07-20
8870,Samuel Gomes,788.434.758-00,1981-09-15
8871,Ana Cardoso,086.105.726-09,1979-04-23
8872,Isabela Mendes,461.596.543-57,2001-07-21
8873,Gabriela Silva,510.656.886-28,1989-06-01
8874,Rafaela Mendes,226.559.993-04,1968-11-11
8875,Fernanda Pereira,993.152.300-00,1980-03-19
8876,Eduarda Martins,652.343.194-07,1983-11-01
8877,Bruno Araujo,499.816.484-85,1985-06-12
8878,Larissa Carvalho,314.356.034-78,1956-09-20
8879,Daniela Carvalho,625.954.128-76,1952-05-24
8880,Vinicius Carvalho,930.553.400-78,2003-03-21
8881,Valter Martins,748.041.145-64,1990-12-21
8882,Daniel Rodrigues,395.157.460-78,1987-04-22
8883,Joao Mendes,083.124.653-75,1950-04-21
8884,Marcos Pereira,299.552.157-55,1965-05-29
8885,Patricia Oliveira,488.975.559-42,1987-03-29
8886,Nicolas Carvalho,138.928.887-01,1980-02-09
8887,Eduardo Rocha,990.856.920-16,1963-10-14
8888,Rafael Rodrigues,528.767.566-68,1992-05-07
8889,Natalia Oliveira,584.171.479-18,1984-03-14
8890,Samuel Gomes,199.076.515-75,1962-09-23
8891,Antonio Rodrigues,508.368.606-67,1992-06-04
8892,Paulo Carvalho,496.411.358-21,2002-12-11
8893,Julia Nascimento,006.982.192-52,2004-06-19
8894,Camila Pereira,450.762.486-01,1974-04-11
8895,Sofia Rocha,981.595.177-77,1974-03-10
8896,Rafaela Lima,021.970.206-33,1969-10-07
8897,Taina Mendes,323.486.341-55,1982-10-24
8898,Julia Oliveira,386.741.714-86,1977-03-25
8899,Nicolas Ribeiro,907.138.456-00,1996-10-02
8900,Taina Ribeiro,861.624.843-94,1999-06-11
8901,Nicolas Dias,330.449.818-40,2004-12-12
8902,Andre Mendes,123.867.397-08,2003-10-10
8903,Eduardo Silva,086.078.049-01,2002-03-19
8904,Beatriz Rodrigues,326.312.517-68,1989-04-12
8905,Henrique Dias,836.713.908-91,1999-11-05
8906,Daniel Santos,854.240.128-09,1965-06-30
8907,Lucas Rodrigues,154.212.588-07,1991-11-22
8908,Camila Ferreira,570.244.520-13,2002-04-21
8909,Paulo Oliveira,481.854.805-75,1951-01-09
8910,Camila Dias,851.685.052-87,2001-04-26
8911,Rafaela Gomes,410.737.208-10,1995-09-24
8912,Helena Costa,574.654.480-93,1988-08-23
8913,Mariana Carvalho,468.023.407-55,1952-01-16
8914,Larissa Martins,726.018.803-09,1996-12-23
8915,Gabriela Lima,590.970.782-53,1976-03-15
8916,Samuel Souza,494.411.164-91,2000-09-14
8917,Gabriel Carvalho,948.970.964-64,2001-08-29
8918,Eduardo Gomes,459.000.807-65,1971-09-25
8919,Daniel Santos,153.484.298-56,1955-11-29
8920,Valter Cardoso,978.390.909-66,1952-06-19
8921,Joao Oliveira,702.902.801-50,1970-01-25
8922,Rafaela Pereira,780.911.914-13,1995-11-21
8923,Samuel Rodrigues,773.567.194-60,2004-04-07
8924,Bruno Gomes,682.106.908-50,1998-08-10
8925,Valter Silva,387.535.966-68,1963-09-02
8926,Mariana Gomes,467.953.837-68,1994-09-05
8927,Vinicius Pereira,957.405.793-33,1991-01-27
8928,Eduardo Silva,288.552.980-62,1953-08-09
8929,Helena Carvalho,614.122.580-22,1972-11-10
8930,Nicolas Carvalho,951.105.596-86,1993-09-07
8931,Helena Mendes,784.185.678-48,1996-02-24
8932,Felipe Rodrigues,216.239.265-80,1994-01-02
8933,Larissa Carvalho,443.807.744-30,1966-03-23
8934,Eduarda Lima,950.479.476-96,1975-04-08
8935,Valter Oliveira,507.958.532-38,1989-02-09
8936,Eduardo Pereira,528.716.944-27,1972-12-26
8937,Julia Carvalho,987.963.578-78,1975-09-02
8938,Eduardo Souza,138.451.302-70,2004-02-23
8939,William Rocha,030.372.095-69,1987-03-11
8940,Julia Ribeiro,057.521.497-03,1973-03-13
8941,Helena Souza,066.467.637-55,1985-07-03
8942,Beatriz Araujo,606.942.022-58,1966-06-18
8943,Carlos Cardoso,852.384.164-40,2000-07-17
8944,Igor Rocha,847.401.807-23,1986-09-02
8945,Paulo Oliveira,301.035.614-55,2003-10-04
8946,Sofia Dias,236.116.774-34,1990-03-15
8947,Joao Rodrigues,133.411.702-00,1991-11-29
8948,Helena Rocha,355.973.286-70,1999-04-03
8949,Lucas Souza,775.024.839-00,2002-11-01
8950,Gabriela Pereira,061.559.892-73,1997-02-16
8951,Natalia Araujo,752.235.655-50,1957-04-19
8952,Andre Oliveira,927.541.067-40,1981-12-14
8953,Nicolas Ribeiro,883.462.580-38,1976-03-27
8954,Gabriela Rocha,111.688.028-81,1960-06-23
8955,Larissa Gomes,954.250.434-90,1976-06-03
8956,Helena Martins,204.714.890-18,1995-07-28
8957,Beatriz Carvalho,947.953.433-90,1954-11-02
8958,Eduardo Ferreira,660.452.369-12,1962-01-30
8959,Natalia Cardoso,220.502.580-54,1963-06-30
8960,Samuel Dias,468.305.378-00,2005-08-15
8961,Valter Silva,986.681.986-88,1974-11-15
8962,Paulo Martins,466.593.523-84,1996-11-13
8963,Daniel Nascimento,121.227.011-88,2001-03-10
8964,Helena Almeida,573.739.325-92,1953-07-01
8965,Daniela Dias,227.196.703-16,1960-10-04
8966,Ana Gomes,371.809.820-24,1978-03-10
8967,Rafaela Rodrigues,775.312.847-74,2003-04-29
8968,Sofia Almeida,315.216.644-39,1975-08-25
8969,Bruno Silva,742.178.783-62,1952-06-16
8970,Camila Ribeiro,752.575.836-07,1975-06-17
8971,Vinicius Pereira,896.681.063-26,1950-09-26
8972,Antonio Nascimento,218.265.353-81,1998-09-04
8973,Julia Oliveira,810.886.429-18,1974-06-16
8974,Patricia Costa,147.493.549-45,1977-06-19
8975,Gabriela Silva,975.877.698-38,1993-03-09
8976,Tiago Ferreira,087.099.935-41,1974-01-30
8977,Julia Araujo,629.317.707-01,1990-02-07
8978,Helena Almeida,096.694.162-48,1953-04-23
8979,Rafaela Oliveira,591.573.143-06,1952-10-06
8980,Carlos Dias,616.050.503-34,1979-10-23
8981,Eduarda Mendes,386.040.081-95,2001-02-03
8982,Samuel Pereira,228.328.006-02,1978-04-04
8983,Carlos Ferreira,424.581.972-30,1971-03-01
8984,Tiago Ferreira,124.222.616-80,1989-04-19
8985,Rafaela Almeida,660.538.944-19,1978-06-05
8986,Julia Lima,905.413.237-09,1958-03-14
8987,Carlos Almeida,579.539.455-68,2004-03-12
8988,Helena Cardoso,151.547.365-16,1967-02-06
8989,Eduarda Rocha,336.652.035-38,1974-06-22
8990,Felipe Souza,280.543.913-90,1962-01-30
8991,Julia Ribeiro,560.010.145-74,1977-06-27
8992,Lucas Cardoso,364.374.826-48,1961-12-30
8993,Natalia Pereira,986.188.918-35,1985-05-11
8994,Mariana Ribeiro,912.470.431-85,1963-01-16
8995,Sofia Santos,214.099.149-41,1963-09-15
8996,Eduarda Carvalho,171.019.154-69,1954-11-16
8997,Julia Pereira,480.642.048-44,1999-07-07
8998,Henrique Rodrigues,320.026.839-56,1991-06-12
8999,Camila Silva,734.953.810-31,1960-07-05
9000,Rafaela Martins,115.064.756-63,1985-06-29
9001,Fernanda Rodrigues,961.107.647-95,1970-04-22
9002,Valentina Santos,361.840.614-29,1997-10-26
9003,Andre Carvalho,600.811.846-46,1978-06-08
9004,Ana Rodrigues,207.726.156-08,1998-12-30
9005,Taina Dias,331.476.846-01,1970-05-06
9006,Rafael Cardoso,348.630.188-86,1976-07-30
9007,Valter Gomes,025.284.312-60,2000-09-10
9008,Daniel Carvalho,313.035.294-59,1990-06-01
9009,Larissa Rodrigues,900.672.825-04,1965-03-05
9010,Valentina Carvalho,233.113.277-13,1968-11-04
9011,Taina Pereira,176.979.709-29,2005-04-29
9012,Samuel Carvalho,522.059.798-17,1997-09-19
9013,Taina Ribeiro,542.730.581-54,1986-11-17
9014,Patricia Silva,818.328.159-19,1979-03-11
9015,Joao Costa,676.879.876-67,1953-03-09
9016,Bruno Dias,127.972.882-54,1972-10-10
9017,Henrique Rodrigues,585.932.109-02,1999-11-30
9018,Bruno Ribeiro,657.680.178-52,1962-07-21
9019,Vinicius Costa,688.985.155-29,1959-01-25
9020,Thiago Ferreira,578.169.172-36,1967-06-19
9021,Gabriela Carvalho,041.535.481-11,1966-11-08
9022,Lucas Santos,268.920.058-96,1964-12-09
9023,Camila Dias,357.441.814-07,1987-01-30
9024,Thiago Gomes,071.415.804-68,1987-06-28
9025,Carlos Araujo,211.872.884-03,1968-05-15
9026,Bruno Dias,790.356.511-70,1987-08-26
9027,Vinicius Dias,860.778.403-00,1959-10-26
9028,Antonio Ribeiro,953.250.858-91,1952-06-10
9029,Sofia Pereira,672.696.682-21,1976-10-17
9030,Thiago Carvalho,746.925.976-74,2000-10-25
9031,Helena Carvalho,658.403.526-32,1962-08-05
9032,Daniela Costa,040.784.437-61,1960-01-12
9033,Camila Silva,315.391.204-14,1953-01-03
9034,Samuel Santos,637.631.586-00,2003-07-26
9035,Antonio Lima,513.293.113-88,1990-10-15
9036,Fernanda Cardoso,348.308.637-49,1955-06-14
9037,Fernanda Pereira,677.079.414-46,1961-07-11
9038,Paulo Costa,488.314.468-27,1966-06-25
9039,Camila Carvalho,018.079.498-18,1950-11-01
9040,Ana Martins,595.347.957-39,1984-08-10
9041,Andre Souza,396.013.132-14,1958-01-28
9042,Antonio Nascimento,032.472.712-79,1961-06-27
9043,Valter Ferreira,394.841.849-79,1995-03-23
9044,Henrique Dias,350.285.014-32,1989-02-05
9045,Paulo Dias,773.536.866-69,1988-09-01
9046,Vinicius Martins,170.277.591-79,1957-10-19
9047,Antonio Araujo,248.351.670-07,1959-06-09
9048,Antonio Almeida,775.658.695-62,2002-10-26
9049,Taina Ferreira,738.522.197-10,1988-01-12
9050,Felipe Carvalho,580.719.064-50,1979-12-29
9051,Joao Santos,024.629.566-03,1995-06-04
9052,Antonio Ribeiro,119.472.594-58,1996-03-21
9053,Igor Nascimento,612.685.314-80,1950-04-28
9054,Ana Santos,237.673.605-60,1957-08-17
9055,Igor Souza,364.459.236-58,1973-02-10
9056,Tiago Dias,798.512.461-66,1964-10-11
9057,Bruno Ribeiro,956.923.183-18,1960-02-11
9058,Taina Costa,560.351.837-51,1968-04-14
9059,Rafaela Dias,184.860.615-04,1951-07-23
9060,Taina Mendes,548.743.900-13,1964-07-13
9061,Camila Mendes,914.096.466-37,1974-10-26
9062,Larissa Lima,941.827.543-01,1953-10-17
9063,Joao Oliveira,417.471.574-22,2002-08-19
9064,Thiago Ferreira,472.366.117-43,1986-01-16
9065,Daniela Carvalho,702.794.049-30,1997-01-21
9066,Eduardo Souza,117.247.891-04,1972-12-13
9067,Gabriel Ribeiro,346.192.400-87,1958-03-13
9068,Helena Santos,298.955.481-50,1991-04-20
9069,Larissa Ferreira,731.293.404-83,1990-10-30
9070,Julia Souza,174.560.267-42,1955-12-27
9071,Valter Santos,620.963.178-94,1984-02-29
9072,Sofia Cardoso,971.439.660-37,1950-03-20
9073,Tiago Mendes,678.000.133-32,1953-07-11
9074,Mariana Lima,902.575.108-34,1957-03-09
9075,Thiago Rodrigues,901.540.562-00,1986-09-16
9076,Tiago Gomes,951.975.398-28,2000-10-28
9077,Carlos Lima,769.094.158-33,1984-06-16
9078,Patricia Oliveira,959.035.790-35,1986-06-27
9079,Larissa Costa,481.392.942-76,1996-07-14
9080,Lucas Pereira,765.114.020-61,1951-08-15
9081,Marcos Rodrigues,106.526.776-22,1991-03-03
9082,Henrique Almeida,917.104.341-12,1953-01-06
9083,Felipe Pereira,864.792.317-08,1984-07-05
9084,Eduarda Oliveira,478.824.481-09,1979-04-29
9085,Henrique Carvalho,264.396.945-61,2003-10-12
9086,Fernanda Ribeiro,116.131.489-09,1989-06-18
9087,Daniela Rocha,551.462.301-70,1969-07-15
9088,Marcos Oliveira,893.276.652-52,1986-12-04
9089,Nicolas Ribeiro,307.440.143-52,1985-12-28
9090,Henrique Carvalho,469.024.666-10,1975-01-14
9091,Carlos Santos,299.718.933-04,1961-03-15
9092,Vinicius Carvalho,723.524.880-79,1992-11-12
9093,Fernanda Dias,631.429.185-23,1956-09-22
9094,Eduardo Mendes,621.243.908-72,1960-05-27
9095,Carlos Dias,732.483.191-51,1978-10-23
9096,Thiago Carvalho,296.894.572-68,2002-09-18
9097,William Mendes,726.071.870-60,2003-06-26
9098,Igor Gomes,285.132.909-04,1991-08-22
9099,Gabriela Almeida,738.849.583-56,1973-01-30
9100,Rafaela Gomes,849.727.791-01,1969-01-09
9101,Valter Ribeiro,094.832.616-60,1992-11-16
9102,Eduardo Carvalho,568.794.685-35,1989-08-17
9103,Eduardo Araujo,863.405.829-82,1953-02-28
9104,William Araujo,046.832.273-63,1982-04-10
9105,Thiago Lima,714.553.401-03,1954-04-03
9106,Tiago Rocha,866.479.907-55,1967-03-12
9107,Lucas Silva,743.487.500-33,1966-01-17
9108,Tiago Mendes,096.559.042-96,1955-10-25
9109,Eduardo Mendes,516.357.720-44,1996-12-04
9110,Thiago Araujo,918.836.164-09,1983-08-14
9111,Felipe Dias,398.216.119-31,2001-10-09
9112,Bruno Mendes,824.278.108-78,1972-02-06
9113,Camila Santos,075.371.422-11,1992-05-10
9114,Felipe Dias,036.264.433-02,1961-08-09
9115,Joao Cardoso,855.749.262-61,1993-07-26
9116,Joao Araujo,302.360.316-27,1982-04-12
9117,Beatriz Mendes,755.173.992-07,1953-03-27
9118,Andre Souza,771.888.749-99,1972-12-11
9119,Sofia Costa,318.114.073-23,1958-09-15
9120,William Oliveira,975.683.267-30,1951-06-19
9121,Taina Ribeiro,698.763.486-63,1979-12-16
9122,Sofia Araujo,223.030.859-93,1970-01-25
9123,Samuel Cardoso,705.676.802-40,1951-09-12
9124,Mariana Carvalho,723.312.278-45,1955-02-19
9125,Nicolas Souza,088.870.344-94,1977-11-25
9126,Paulo Santos,773.834.536-54,1979-02-13
9127,Patricia Gomes,968.568.389-13,1951-04-23
9128,Carlos Santos,526.866.765-31,1986-10-11
9129,Taina Silva,600.930.374-57,1953-12-08
9130,Antonio Martins,392.494.840-20,1970-12-21
9131,Fernanda Almeida,383.774.284-90,1965-05-08
9132,Paulo Gomes,177.565.658-60,1996-05-24
9133,Sofia Martins,918.165.463-48,1983-11-01
9134,Nicolas Santos,524.579.517-55,1954-02-02
9135,Eduardo Lima,952.761.655-72,1972-01-28
9136,Helena Costa,664.265.197-90,1988-08-30
9137,Helena Oliveira,266.350.570-64,1979-09-16
9138,Tiago Oliveira,787.663.428-13,1970-03-03
9139,Mariana Pereira,383.562.737-65,1958-05-31
9140,Eduarda Rocha,182.060.454-30,1952-08-31
9141,Vinicius Martins,823.011.348-30,1965-05-15
9142,Gabriel Ribeiro,512.878.348-09,1956-05-01
9143,Tiago Gomes,714.639.709-27,1951-03-06
9144,Mariana Gomes,529.709.650-20,1957-07-03
9145,Joao Nascimento,273.383.297-29,1987-07-05
9146,William Oliveira,131.883.365-51,1999-09-10
9147,Vinicius Carvalho,278.381.645-83,1970-05-13
9148,Lucas Ferreira,614.180.137-49,1977-02-23
9149,Larissa Ribeiro,871.167.142-43,1965-03-30
9150,Igor Ribeiro,410.959.756-09,1995-03-18
9151,Bruno Lima,206.671.249-34,1974-04-16
9152,Taina Almeida,485.420.986-09,1951-07-07
9153,Tiago Nascimento,848.389.392-48,1977-04-01
9154,Julia Mendes,112.362.938-27,1963-08-18
9155,Nicolas Mendes,777.873.135-52,1951-03-15
9156,Patricia Ribeiro,743.395.039-75,1989-08-06
9157,Paulo Mendes,630.407.419-00,1995-03-03
9158,Nicolas Mendes,866.318.367-43,1976-03-19
9159,Gabriel Rodrigues,303.494.670-80,1961-11-15
9160,Marcos Ferreira,806.704.803-71,1997-12-31
9161,Natalia Lima,306.903.556-61,1973-12-17
9162,Daniela Ferreira,720.906.912-71,1965-03-30
9163,Fernanda Cardoso,980.326.310-20,1957-07-26
9164,Rafaela Mendes,808.629.662-80,2004-05-29
9165,Isabela Rodrigues,191.226.675-04,1983-07-15
9166,Carlos Almeida,837.357.998-25,1994-04-11
9167,Rafaela Lima,689.391.852-69,1960-03-16
9168,Sofia Araujo,959.938.693-05,1999-09-26
9169,Natalia Santos,385.472.895-69,2005-03-03
9170,Sofia Pereira,114.585.619-50,1993-06-21
9171,Nicolas Silva,481.890.290-02,1958-09-04
9172,Paulo Souza,814.072.948-57,1997-11-27
9173,Natalia Souza,810.070.573-94,1994-06-13
9174,Lucas Almeida,398.714.096-80,1956-06-17
9175,Thiago Mendes,432.203.254-08,1975-05-20
9176,Beatriz Cardoso,137.277.631-16,1958-08-11
9177,Andre Souza,366.513.067-07,2003-09-22
9178,Eduarda Rodrigues,384.346.318-22,1975-08-22
9179,Igor Ferreira,124.062.937-00,1995-05-12
9180,Thiago Gomes,404.777.932-66,1955-01-13
9181,Nicolas Pereira,841.889.469-54,1979-01-20
9182,Samuel Carvalho,713.686.436-47,2000-04-08
9183,Gabriela Pereira,811.731.052-04,1957-03-07
9184,Bruno Martins,278.312.342-84,2005-02-08
9185,Vinicius Costa,647.696.503-45,1951-02-17
9186,Daniela Mendes,507.730.955-86,2004-09-27
9187,Marcos Araujo,143.691.715-80,2004-08-04
9188,Eduarda Pereira,046.444.627-99,1973-08-17
9189,Daniela Rodrigues,974.669.934-27,1988-11-22
9190,Valter Dias,057.520.724-84,1999-10-18
9191,Gabriel Rodrigues,113.433.813-98,1963-09-14
9192,Ana Oliveira,607.626.506-05,1978-01-11
9193,Antonio Rodrigues,684.069.722-38,1981-12-15
9194,Joao Costa,312.107.264-16,1963-07-11
9195,Marcos Costa,516.096.477-00,1957-07-21
9196,Felipe Gomes,354.346.994-08,1996-11-20
9197,Ana Gomes,718.187.817-43,1991-02-24
9198,Beatriz Dias,763.292.373-01,1961-12-15
9199,Natalia Ribeiro,142.354.432-32,1975-10-07
9200,Ana Mendes,632.831.682-88,1984-05-03
9201,Samuel Mendes,270.865.021-11,1969-09-03
9202,Henrique Santos,806.083.174-70,1962-04-10
9203,Marcos Carvalho,489.988.168-14,1999-06-24
9204,Rafaela Lima,842.625.041-66,1961-03-05
9205,Samuel Gomes,565.761.082-22,1996-09-14
9206,Paulo Almeida,469.090.695-52,1979-04-07
9207,Sofia Ribeiro,633.525.261-92,1978-06-13
9208,Tiago Cardoso,268.105.625-08,1954-01-09
9209,Henrique Ferreira,803.602.651-11,1984-04-15
9210,Patricia Gomes,373.234.290-56,1951-08-10
9211,Ana Carvalho,766.945.926-39,1995-03-07
9212,Antonio Cardoso,730.909.523-51,1969-09-17
9213,Eduardo Rodrigues,145.461.522-21,1981-02-01
9214,Daniel Gomes,196.757.761-70,1989-03-04
9215,Taina Mendes,042.100.062-70,1961-02-04
9216,Samuel Costa,358.636.387-70,1999-07-27
9217,Tiago Rodrigues,148.904.495-74,1966-04-27
9218,Gabriel Ferreira,645.702.691-50,1977-11-23
9219,Nicolas Silva,405.412.733-96,1975-09-28
9220,Daniel Santos,563.538.476-53,1965-06-19
9221,Natalia Ferreira,228.829.607-00,1960-12-31
9222,Patricia Gomes,796.699.435-07,1985-03-16
9223,Vinicius Ribeiro,139.475.943-64,1974-05-20
9224,William Ferreira,778.737.152-80,1994-11-03
9225,Mariana Almeida,006.277.271-66,1955-09-12
9226,Rafaela Gomes,694.712.673-82,1987-10-21
9227,Bruno Santos,733.140.749-05,1950-09-17
9228,Ana Martins,832.620.212-61,1969-10-31
9229,Antonio Rocha,086.120.885-42,2000-05-08
9230,Natalia Santos,656.335.368-19,1982-10-23
9231,Mariana Santos,241.865.723-05,1988-09-20
9232,Valentina Silva,306.750.991-96,2000-07-16
9233,Igor Gomes,554.904.766-72,1969-08-20
9234,Thiago Santos,565.295.263-66,1983-04-03
9235,Vinicius Santos,434.207.577-60,1985-04-30
9236,Eduardo Souza,303.060.195-15,1984-07-23
9237,Igor Nascimento,318.842.247-41,1998-04-02
9238,Vinicius Rodrigues,069.290.554-50,1968-02-21
9239,Paulo Souza,285.829.438-06,1953-05-17
9240,Ana Costa,412.603.542-70,1978-11-24
9241,Samuel Ribeiro,958.013.264-05,1976-10-08
9242,Marcos Rodrigues,984.709.748-82,1986-11-07
9243,Daniel Rodrigues,128.552.799-25,1967-11-09
9244,Eduardo Ferreira,254.801.031-72,1990-12-18
9245,Sofia Mendes,704.187.786-80,1972-01-26
9246,Antonio Araujo,818.065.973-90,1969-07-28
9247,Paulo Souza,435.973.351-87,1957-03-11
9248,Bruno Ribeiro,241.577.925-30,1998-08-21
9249,Andre Rodrigues,092.266.582-69,1971-02-27
9250,Nicolas Oliveira,449.328.955-42,1990-05-30
9251,Vinicius Oliveira,805.337.851-03,1965-01-19
9252,Isabela Costa,959.356.460-80,1951-03-10
9253,Daniel Martins,141.048.868-31,2002-01-01
9254,Felipe Gomes,714.684.728-44,2003-02-09
9255,Felipe Almeida,081.219.673-25,2004-06-05
9256,Lucas Oliveira,263.772.730-61,1959-03-22
9257,Valentina Silva,850.708.517-21,1986-04-06
9258,Igor Gomes,161.027.798-86,1995-07-24
9259,Bruno Almeida,396.193.810-50,1993-02-08
9260,Samuel Pereira,836.796.120-01,1994-02-02
9261,Tiago Ribeiro,970.932.141-26,1999-05-06
9262,Eduarda Cardoso,439.790.174-00,1952-01-04
9263,Rafaela Dias,722.342.154-12,1969-06-20
9264,Rafael Santos,072.923.657-95,2004-01-13
9265,Paulo Rocha,146.856.492-73,1963-11-04
9266,Henrique Santos,421.725.401-61,1972-11-05
9267,Samuel Martins,127.139.053-11,1987-01-20
9268,Helena Martins,177.135.389-92,2004-05-12
9269,Camila Rocha,695.946.962-73,2000-12-05
9270,Isabela Lima,058.073.656-31,1957-02-24
9271,Eduarda Mendes,740.749.911-01,1982-06-08
9272,Carlos Rodrigues,901.599.736-51,1976-01-25
9273,Patricia Gomes,070.192.950-29,1981-10-03
9274,Beatriz Mendes,661.091.650-00,1975-06-30
9275,William Rodrigues,980.504.421-10,1997-01-13
9276,Andre Oliveira,203.626.533-21,1983-10-17
9277,Bruno Martins,436.942.075-03,1975-04-06
9278,Isabela Gomes,523.493.241-92,1979-02-07
9279,Felipe Mendes,807.285.600-62,1993-10-10
9280,Patricia Cardoso,895.018.051-07,1950-10-28
9281,Daniel Oliveira,193.145.041-23,1958-04-26
9282,Daniel Mendes,228.258.577-18,1950-10-13
9283,Julia Rocha,807.195.605-86,1961-11-11
9284,Nicolas Ribeiro,625.581.366-58,1986-08-28
9285,Eduarda Cardoso,800.972.459-92,1983-06-04
9286,Andre Pereira,122.155.631-25,1974-11-22
9287,Sofia Silva,456.847.756-59,1964-06-29
9288,Eduardo Dias,142.292.710-50,1984-07-06
9289,Thiago Nascimento,675.583.110-71,1997-10-08
9290,Fernanda Costa,348.932.364-58,1980-01-01
9291,Eduarda Oliveira,865.981.760-50,1999-08-23
9292,Camila Nascimento,946.613.030-75,1971-04-05
9293,Carlos Ferreira,221.350.647-77,1961-12-16
9294,Antonio Rocha,587.601.213-00,1969-12-22
9295,Camila Gomes,715.195.933-84,1992-12-31
9296,Helena Ribeiro,133.863.997-89,1981-03-27
9297,Valentina Martins,823.857.312-23,1983-02-06
9298,Igor Rodrigues,340.533.990-17,1965-05-01
9299,Gabriel Gomes,926.650.937-07,1968-01-05
9300,Beatriz Santos,163.881.772-39,1963-08-26
9301,Ana Souza,032.831.110-30,1966-11-05
9302,William Araujo,472.956.469-30,1976-08-01
9303,Marcos Souza,307.206.102-57,1995-04-11
9304,Rafaela Carvalho,960.616.483-75,1960-04-30
9305,Larissa Rodrigues,068.125.878-00,1960-02-15
9306,Eduarda Santos,252.706.122-24,1985-01-14
9307,Beatriz Martins,142.458.641-09,1976-08-04
9308,Bruno Mendes,231.384.287-89,1967-10-28
9309,Patricia Rodrigues,077.375.347-84,1974-05-08
9310,Joao Carvalho,640.230.554-50,1957-04-07
9311,Helena Oliveira,242.835.946-01,1956-01-15
9312,Camila Martins,014.033.676-12,2003-02-20
9313,Gabriela Pereira,357.910.033-58,1958-09-27
9314,Felipe Araujo,590.620.709-06,1997-02-01
9315,Eduardo Araujo,951.431.658-49,1982-05-29
9316,Andre Nascimento,754.481.607-94,1957-10-23
9317,Marcos Costa,156.639.627-19,2003-05-15
9318,Daniel Carvalho,930.406.487-21,1956-11-15
9319,Ana Pereira,704.939.641-93,1959-01-04
9320,Lucas Nascimento,449.401.361-75,1986-10-23
9321,Beatriz Araujo,599.110.001-25,1962-12-03
9322,Rafael Rodrigues,702.562.028-93,1970-10-17
9323,Daniel Ferreira,204.389.500-11,1979-12-19
9324,Taina Souza,316.587.120-56,1981-09-27
9325,Camila Oliveira,223.271.320-29,2003-10-07
9326,Camila Lima,661.296.311-54,1982-10-17
9327,Felipe Rocha,717.162.678-46,1961-09-07
9328,Eduarda Carvalho,567.475.026-20,1960-12-29
9329,Carlos Mendes,618.613.471-70,1994-08-20
9330,Felipe Souza,379.886.744-55,2002-06-28
9331,Carlos Dias,737.862.659-76,1960-10-30
9332,Gabriela Nascimento,996.391.179-00,1965-06-19
9333,Natalia Cardoso,883.402.586-56,1964-09-12
9334,Gabriel Rodrigues,808.692.732-64,1960-03-23
9335,Ana Mendes,737.742.443-59,1978-08-02
9336,Henrique Lima,807.894.062-92,1989-04-12
9337,Tiago Almeida,057.964.388-32,1990-03-31
9338,Mariana Rodrigues,462.246.442-09,1998-03-03
9339,Joao Costa,231.304.005-40,1955-10-27
9340,Julia Dias,486.935.049-16,1982-03-11
9341,Mariana Martins,403.527.032-61,1950-07-16
9342,Mariana Martins,136.263.983-40,1995-02-02
9343,Taina Costa,481.200.895-61,1974-03-24
9344,Eduarda Almeida,526.228.981-93,1951-07-28
9345,Samuel Ribeiro,000.919.765-61,1992-01-07
9346,Vinicius Lima,105.031.971-06,1957-05-05
9347,Gabriela Araujo,087.822.385-10,1979-12-07
9348,Valentina Nascimento,684.767.506-33,1967-10-28
9349,Taina Carvalho,709.444.274-21,1954-09-04
9350,Lucas Ferreira,644.410.619-27,1964-11-24
9351,Beatriz Mendes,412.220.387-22,1988-10-26
9352,Igor Rodrigues,842.918.461-93,1962-10-12
9353,Helena Almeida,918.245.140-00,1986-11-26
9354,Daniel Almeida,402.926.673-88,1959-06-22
9355,Henrique Araujo,850.437.443-24,1956-02-27
9356,Vinicius Araujo,542.397.280-96,1959-06-14
9357,Samuel Nascimento,052.845.311-40,1981-12-22
9358,Paulo Araujo,079.148.139-58,1996-06-25
9359,Julia Rocha,810.860.441-93,1981-01-21
9360,Thiago Almeida,850.981.814-29,2002-06-19
9361,Eduardo Rocha,645.337.159-66,1992-02-23
9362,Sofia Almeida,334.341.182-50,1982-07-24
9363,Fernanda Carvalho,864.022.948-10,1971-06-20
9364,Camila Pereira,204.872.874-01,1970-02-28
9365,William Lima,358.621.318-25,1974-04-04
9366,Eduarda Cardoso,071.780.988-99,1985-04-05
9367,Daniel Rocha,854.173.234-70,1964-03-04
9368,Bruno Oliveira,386.175.565-36,1955-10-22
9369,Joao Rodrigues,942.620.619-14,1976-04-28
9370,Patricia Carvalho,852.058.470-50,1998-06-02
9371,Bruno Lima,124.478.843-03,1954-11-07
9372,Antonio Gomes,073.535.324-75,1977-09-15
9373,Sofia Dias,295.797.861-00,1961-12-23
9374,Samuel Ferreira,003.422.256-18,1961-08-31
9375,Taina Ferreira,775.166.630-77,1971-10-24
9376,Daniela Nascimento,211.624.421-82,1987-03-28
9377,Tiago Ferreira,176.000.408-16,1966-11-04
9378,Tiago Rodrigues,666.662.608-72,2005-02-07
9379,Bruno Gomes,883.710.355-78,2000-04-08
9380,Taina Ribeiro,377.973.417-61,1977-10-10
9381,Ana Carvalho,715.929.121-25,1972-03-17
9382,Carlos Mendes,870.432.080-84,1973-10-21
9383,Gabriel Mendes,990.098.865-57,1988-09-12
9384,Lucas Rodrigues,345.984.071-40,1991-07-07
9385,Andre Costa,476.938.950-78,1963-07-18
9386,Ana Silva,529.564.262-30,1976-07-02
9387,Bruno Cardoso,613.476.154-07,1950-08-09
9388,Ana Oliveira,288.014.341-11,1997-12-14
9389,Larissa Lima,538.806.772-63,1964-03-05
9390,Valter Rodrigues,390.695.422-69,1970-02-12
9391,Fernanda Silva,125.128.337-39,1951-07-26
9392,Igor Dias,003.022.427-67,2000-10-13
9393,Natalia Oliveira,663.241.808-24,1957-12-19
9394,Taina Nascimento,841.523.588-74,1963-11-13
9395,Nicolas Silva,312.438.701-50,1990-01-08
9396,Felipe Dias,314.027.849-70,1957-04-08
9397,Vinicius Pereira,933.729.745-06,2003-05-22
9398,Patricia Ribeiro,506.294.204-75,1994-01-06
9399,Gabriel Rodrigues,301.120.514-05,1973-10-06
9400,Tiago Mendes,427.788.571-33,1952-09-01
9401,Gabriela Pereira,739.786.451-14,1985-11-23
9402,Marcos Cardoso,850.518.097-66,1954-05-02
9403,Eduarda Almeida,150.806.272-20,2001-06-23
9404,Lucas Lima,127.822.234-02,1966-04-06
9405,Patricia Costa,230.970.126-21,1999-04-06
9406,Helena Oliveira,334.237.436-54,1963-04-22
9407,Helena Rodrigues,982.700.662-22,2005-02-26
9408,Taina Rodrigues,972.422.793-64,1976-06-30
9409,Henrique Costa,907.522.775-29,1997-06-24
9410,Nicolas Mendes,714.365.393-40,1973-07-15
9411,Joao Dias,703.288.404-08,1975-12-20
9412,Henrique Ribeiro,659.483.679-08,1961-10-04
9413,Camila Cardoso,945.612.107-09,1980-01-01
9414,Lucas Rocha,188.266.170-23,1957-12-22
9415,Patricia Martins,353.004.652-32,1964-03-11
9416,Vinicius Araujo,828.075.359-17,1974-05-02
9417,Nicolas Costa,716.821.338-50,1981-10-25
9418,Fernanda Ferreira,631.849.834-63,1960-12-07
9419,Mariana Lima,570.817.753-57,1976-02-22
9420,Natalia Almeida,747.994.553-11,1952-05-20
9421,Thiago Ribeiro,276.138.005-39,1986-09-06
9422,Rafaela Carvalho,743.828.825-08,2001-01-20
9423,Vinicius Nascimento,854.555.041-34,1978-03-29
9424,Samuel Nascimento,904.806.067-22,2003-06-11
9425,Larissa Carvalho,493.923.182-86,1950-08-25
9426,Bruno Dias,046.840.894-01,1950-03-08
9427,William Carvalho,347.479.797-27,1996-04-06
9428,Isabela Martins,862.458.314-40,1953-02-22
9429,Tiago Oliveira,714.727.039-87,1967-10-08
9430,Thiago Ribeiro,498.353.362-10,1963-05-14
9431,William Martins,775.063.793-17,1965-08-08
9432,Bruno Ribeiro,490.418.458-01,1985-10-20
9433,Julia Rodrigues,913.967.743-51,1972-12-30
9434,Fernanda Carvalho,671.701.645-07,1965-03-22
9435,Lucas Rodrigues,529.013.343-77,1984-07-12
9436,Thiago Lima,645.944.500-16,1977-01-08
9437,Antonio Oliveira,776.752.003-06,1977-07-30
9438,Tiago Dias,411.529.926-60,1976-03-30
9439,Valter Santos,841.086.724-96,1952-08-15
9440,Natalia Silva,546.587.874-66,1989-08-18
9441,Henrique Mendes,519.329.863-08,1966-09-21
9442,Joao Rodrigues,112.982.988-06,1971-01-19
9443,Nicolas Silva,416.993.769-48,1989-08-24
9444,Ana Mendes,632.956.758-13,1973-11-08
9445,Thiago Almeida,197.436.271-03,1973-01-22
9446,Gabriela Nascimento,222.830.486-72,1991-03-22
9447,Paulo Pereira,885.378.381-87,1976-09-30
9448,Thiago Ferreira,234.021.646-04,1988-01-27
9449,Igor Oliveira,934.298.624-26,1997-10-03
9450,Helena Dias,229.432.271-10,1956-12-17
9451,Andre Pereira,357.814.818-00,1955-06-28
9452,Larissa Santos,540.582.799-15,1955-12-24
9453,Taina Silva,418.690.563-02,1995-01-03
9454,Antonio Lima,004.552.526-96,1978-02-04
9455,Taina Ferreira,067.926.888-00,1970-10-07
9456,Rafaela Lima,580.969.630-90,2001-07-07
9457,Andre Ferreira,755.037.647-65,1996-01-29
9458,Thiago Oliveira,339.007.462-73,1996-06-03
9459,Felipe Rocha,110.506.835-87,1994-12-05
9460,Lucas Nascimento,663.161.986-63,1972-07-26
9461,Camila Ribeiro,376.704.151-00,1950-11-25
9462,Felipe Souza,252.060.579-08,2003-11-01
9463,Patricia Carvalho,121.488.514-46,1980-06-14
9464,Marcos Rocha,560.560.737-50,1989-06-01
9465,Eduarda Oliveira,882.420.512-75,1983-08-03
9466,Rafaela Costa,206.194.173-74,1992-09-17
9467,Fernanda Lima,421.402.092-81,1955-09-30
9468,Camila Pereira,834.863.557-24,1994-03-24
9469,Andre Carvalho,372.954.125-06,1965-10-01
9470,Fernanda Souza,169.736.654-62,1950-04-26
9471,Paulo Santos,043.865.268-11,1975-08-26
9472,Eduarda Cardoso,605.390.090-75,1982-05-04
9473,Samuel Carvalho,813.695.656-15,1980-10-25
9474,Gabriel Ferreira,633.080.254-85,1969-04-04
9475,Joao Rodrigues,167.698.751-79,1977-10-21
9476,Felipe Carvalho,606.251.048-20,1965-09-09
9477,Nicolas Santos,174.546.966-43,1965-12-29
9478,Henrique Lima,897.301.231-28,2005-05-03
9479,Tiago Ribeiro,662.697.955-83,1968-06-27
9480,Eduardo Silva,649.621.976-14,1981-03-11
9481,Nicolas Mendes,608.125.113-60,1970-06-14
9482,William Mendes,977.270.941-45,1984-02-03
9483,Samuel Lima,061.573.635-17,1987-01-17
9484,Eduarda Dias,062.836.006-11,1978-07-01
9485,Gabriela Oliveira,680.314.137-38,1983-01-02
9486,Thiago Pereira,612.640.407-68,2002-03-29
9487,Samuel Costa,063.315.067-30,2004-10-24
9488,Julia Martins,420.712.113-75,1996-06-08
9489,Joao Oliveira,270.839.715-01,1967-08-19
9490,Valter Mendes,713.408.397-76,1981-11-14
9491,Joao Souza,349.552.257-30,1988-12-14
9492,Andre Silva,074.491.422-10,1970-05-23
9493,Taina Araujo,190.574.179-01,1968-08-26
9494,Larissa Souza,544.098.741-01,1996-03-11
9495,Helena Martins,199.890.526-89,2001-06-19
9496,Samuel Oliveira,488.710.695-52,1985-01-04
9497,Larissa Gomes,146.589.269-97,1985-03-29
9498,Rafaela Souza,777.181.306-22,1961-01-16
9499,Julia Souza,268.342.319-51,1989-02-10
9500,Henrique Santos,058.749.945-13,1971-10-08
9501,Fernanda Oliveira,029.036.684-42,1950-07-15
9502,Lucas Lima,198.387.731-07,1997-08-16
9503,Lucas Rocha,878.111.327-70,1999-08-04
9504,Carlos Cardoso,210.626.126-80,1963-03-19
9505,Valentina Silva,892.602.624-88,2005-03-12
9506,Rafael Nascimento,249.580.695-34,1969-01-31
9507,Ana Pereira,033.154.139-40,1968-01-07
9508,Nicolas Ribeiro,037.970.354-89,2002-06-11
9509,Fernanda Ribeiro,751.404.445-00,1968-06-27
9510,Marcos Ferreira,006.773.306-93,1986-02-18
9511,Daniel Ribeiro,621.261.371-04,1985-06-21
9512,Valter Silva,324.873.570-88,1953-09-07
9513,Beatriz Araujo,116.917.418-33,1989-05-13
9514,Nicolas Martins,148.731.460-46,1960-07-28
9515,Camila Carvalho,757.531.430-08,1957-02-04
9516,Lucas Souza,106.583.852-24,1990-03-31
9517,Joao Pereira,828.975.855-36,1958-07-25
9518,Helena Costa,449.488.709-94,1969-03-01
9519,Taina Ferreira,744.846.909-69,1967-10-29
9520,Eduardo Almeida,662.057.042-93,1990-07-12
9521,Rafael Araujo,711.278.161-28,1967-10-13
9522,Fernanda Ferreira,888.139.901-62,1989-10-07
9523,Nicolas Ribeiro,566.572.007-06,1957-10-27
9524,Julia Santos,813.324.125-13,1975-08-01
9525,Tiago Martins,013.348.536-65,1997-02-12
9526,Fernanda Rocha,098.776.749-63,1987-01-21
9527,Igor Souza,947.125.093-50,1992-05-14
9528,Camila Santos,911.165.377-96,1979-07-07
9529,Valentina Martins,284.061.632-75,1995-02-14
9530,Natalia Rocha,677.572.985-55,1972-10-24
9531,Antonio Araujo,149.918.916-80,1964-03-23
9532,Eduarda Ribeiro,293.823.141-56,1950-05-15
9533,Valentina Ferreira,871.561.220-10,1988-02-24
9534,Henrique Araujo,155.565.046-52,1989-08-30
9535,Eduardo Ribeiro,505.605.723-10,1983-11-17
9536,Valentina Nascimento,483.092.907-30,1987-11-12
9537,Lucas Souza,462.351.182-01,1965-01-24
9538,Julia Carvalho,884.581.952-32,1989-10-19
9539,Joao Oliveira,131.517.678-50,1999-01-26
9540,Isabela Almeida,551.353.275-17,2002-12-12
9541,Helena Almeida,519.940.380-04,2004-10-15
9542,Lucas Cardoso,785.145.388-70,1978-01-20
9543,Larissa Mendes,386.647.098-31,1987-02-07
9544,Rafaela Martins,794.339.595-66,1984-03-04
9545,Taina Pereira,231.449.081-93,1991-07-24
9546,Larissa Pereira,580.397.278-98,1959-11-23
9547,William Martins,236.495.691-91,1991-11-05
9548,Andre Nascimento,840.136.622-48,1955-01-09
9549,Henrique Rodrigues,360.660.275-81,2003-12-15
9550,Taina Ribeiro,425.337.980-02,1978-08-31
9551,Rafaela Santos,816.957.872-85,1968-11-16
9552,Antonio Araujo,445.983.051-50,1962-03-12
9553,Larissa Silva,638.707.815-64,2003-10-21
9554,Larissa Souza,816.977.525-60,1989-12-14
9555,Valentina Ferreira,415.748.086-48,1984-05-09
9556,Mariana Souza,648.959.353-02,1986-08-01
9557,Gabriela Santos,387.487.164-99,1976-10-08
9558,Carlos Ferreira,902.005.331-00,1987-11-16
9559,Valentina Silva,079.658.914-33,2000-08-05
9560,Igor Ferreira,519.017.499-91,1969-09-11
9561,Paulo Rodrigues,797.857.084-38,1993-02-16
9562,Camila Araujo,977.004.252-80,1991-08-19
9563,Eduardo Dias,595.341.074-33,1977-05-21
9564,Patricia Santos,320.814.018-51,1975-02-12
9565,Gabriela Cardoso,642.235.960-80,1980-11-23
9566,Natalia Rocha,624.897.548-58,1964-11-06
9567,William Lima,871.263.426-32,1991-02-10
9568,Isabela Carvalho,371.408.286-79,1985-11-19
9569,Rafaela Souza,892.901.544-11,1952-09-07
9570,Daniela Lima,015.250.300-51,1985-09-28
9571,Sofia Ferreira,417.313.580-75,2003-08-27
9572,William Lima,567.268.111-52,1952-04-25
9573,Valentina Souza,451.749.064-50,1989-01-01
9574,Mariana Ribeiro,114.019.084-97,2000-05-26
9575,Carlos Rodrigues,931.389.557-97,1957-03-08
9576,Joao Dias,436.553.232-47,1989-10-26
9577,Patricia Rodrigues,791.802.502-46,1963-10-04
9578,Henrique Ferreira,528.264.813-04,1960-08-16
9579,Isabela Pereira,430.496.856-46,1976-09-03
9580,Valentina Souza,322.071.084-06,1963-04-07
9581,Carlos Ferreira,589.284.881-76,1981-09-03
9582,Vinicius Santos,619.292.214-44,1964-10-13
9583,Felipe Lima,847.641.731-40,1974-05-02
9584,Fernanda Santos,887.834.618-76,1995-08-21
9585,Valter Ribeiro,243.452.436-29,1995-10-11
9586,Ana Souza,708.387.970-24,1953-06-08
9587,Taina Silva,853.217.575-93,1956-04-02
9588,Valentina Ferreira,954.607.682-17,1967-08-10
9589,Fernanda Lima,576.110.225-04,1957-08-08
9590,Valentina Lima,648.413.269-01,1990-08-07
9591,Daniela Nascimento,932.858.642-90,1993-09-18
9592,Daniela Gomes,701.639.436-05,1986-06-01
9593,Andre Oliveira,122.747.319-26,1997-05-09
9594,Lucas Lima,062.152.738-64,1957-09-27
9595,Rafael Ribeiro,569.545.717-33,1982-04-28
9596,Julia Ferreira,142.207.982-18,1994-01-02
9597,Patricia Santos,722.070.534-40,1965-08-10
9598,Ana Pereira,634.960.708-20,1979-07-11
9599,Fernanda Rocha,412.103.155-56,1968-09-11
9600,Samuel Rodrigues,161.539.083-90,1954-03-25
9601,Julia Costa,377.964.439-86,1958-04-17
9602,Larissa Silva,923.717.035-16,1975-04-23
9603,Nicolas Silva,719.993.196-48,1973-01-14
9604,Camila Nascimento,601.500.438-05,1982-08-01
9605,Larissa Mendes,691.413.270-47,1977-04-12
9606,Rafaela Dias,179.830.323-07,1959-04-12
9607,Gabriela Santos,938.788.129-65,1982-07-23
9608,Eduardo Gomes,635.972.931-82,1966-06-08
9609,Mariana Martins,892.975.698-03,1999-01-01
9610,Felipe Lima,714.949.746-22,2001-01-23
9611,Julia Almeida,760.179.434-21,1970-03-14
9612,Natalia Nascimento,804.890.729-17,1968-10-01
9613,Fernanda Pereira,286.835.120-45,1972-10-14
9614,Julia Ribeiro,634.431.216-59,2002-06-25
9615,Antonio Rocha,079.396.906-98,1998-11-12
9616,Isabela Cardoso,700.762.599-19,1986-07-24
9617,Larissa Oliveira,492.614.251-19,2004-02-12
9618,Valentina Mendes,675.683.633-17,1972-05-22
9619,Eduarda Dias,333.824.660-90,2004-08-03
9620,Mariana Nascimento,328.201.550-06,1989-03-14
9621,Marcos Ribeiro,201.860.321-37,1977-05-07
9622,Valter Ferreira,544.998.690-48,1985-02-09
9623,Bruno Costa,272.043.814-67,1957-12-22
9624,Isabela Souza,455.664.457-72,1991-02-17
9625,Isabela Santos,080.508.045-77,1998-01-28
9626,William Ribeiro,428.523.158-15,2003-01-04
9627,Vinicius Mendes,322.428.497-86,1968-11-14
9628,Rafael Ferreira,661.601.079-17,1977-11-12
9629,Carlos Silva,985.499.157-18,2005-03-06
9630,Carlos Ferreira,195.721.789-89,1973-12-03
9631,Ana Pereira,667.654.388-58,1979-05-21
9632,Mariana Mendes,053.343.265-02,1995-04-18
9633,Samuel Costa,768.815.088-40,1981-11-17
9634,Camila Santos,299.907.765-39,1998-07-02
9635,Helena Cardoso,072.735.867-73,1976-10-08
9636,Isabela Mendes,058.869.150-01,1967-04-09
9637,Ana Rocha,137.128.379-68,1953-06-04
9638,Beatriz Silva,273.637.935-73,1999-01-10
9639,Thiago Lima,414.372.598-39,1972-07-26
9640,Thiago Carvalho,192.289.285-81,1952-11-02
9641,Larissa Nascimento,494.060.678-38,1971-03-31
9642,Joao Santos,393.968.767-71,1958-10-14
9643,Larissa Pereira,373.922.030-96,1991-11-16
9644,Daniel Silva,570.266.079-01,1953-04-29
9645,Larissa Dias,807.812.160-10,1977-07-31
9646,Thiago Santos,189.265.003-73,2000-07-14
9647,Daniela Ribeiro,683.434.711-99,1968-08-22
9648,Andre Oliveira,395.927.468-85,1958-09-28
9649,Henrique Pereira,026.883.715-50,1993-03-18
9650,Eduarda Carvalho,069.247.112-00,1972-03-15
9651,Bruno Oliveira,735.957.244-45,2004-02-06
9652,Mariana Araujo,631.310.855-84,1988-09-07
9653,Beatriz Lima,991.765.494-10,1956-02-29
9654,Igor Nascimento,758.231.658-46,1987-08-09
9655,Taina Araujo,026.016.804-15,1992-08-30
9656,Taina Rodrigues,694.680.546-16,1970-08-02
9657,Bruno Carvalho,153.053.863-73,1993-01-22
9658,Joao Costa,539.291.469-16,1988-03-04
9659,Paulo Ribeiro,126.739.086-76,2002-10-22
9660,Sofia Almeida,837.402.552-26,1997-10-04
9661,Taina Santos,035.324.457-00,1986-09-29
9662,Nicolas Cardoso,335.166.077-42,1966-11-10
9663,Paulo Martins,673.788.686-80,1990-06-26
9664,Fernanda Dias,713.209.232-40,1986-12-10
9665,Marcos Nascimento,227.672.323-82,1965-01-09
9666,Tiago Silva,756.818.819-11,1981-10-20
9667,Andre Nascimento,744.769.619-67,1953-05-30
9668,Fernanda Martins,921.098.309-21,1962-11-07
9669,Valentina Ribeiro,004.968.708-58,2001-06-21
9670,Patricia Martins,162.227.002-92,1986-03-26
9671,Eduarda Martins,695.343.295-09,1955-06-27
9672,Eduardo Carvalho,600.155.166-95,1950-08-19
9673,Lucas Costa,898.658.309-73,1996-03-07
9674,Patricia Martins,641.650.765-03,1985-03-02
9675,Lucas Almeida,857.517.145-39,1965-04-24
9676,Julia Lima,149.109.053-75,2001-06-07
9677,Antonio Lima,004.441.817-50,1987-12-13
9678,Tiago Almeida,508.370.065-46,1996-01-02
9679,Henrique Mendes,923.379.206-40,1967-12-24
9680,Rafael Silva,769.697.290-10,1955-02-01
9681,Eduardo Carvalho,384.282.396-73,1970-10-30
9682,Thiago Oliveira,638.888.705-85,1961-11-16
9683,Lucas Ferreira,837.354.866-14,2001-04-03
9684,Fernanda Lima,255.425.559-85,2002-07-16
9685,Isabela Mendes,533.876.575-60,1999-11-09
9686,Isabela Carvalho,083.415.858-20,1968-10-29
9687,Thiago Rodrigues,660.553.782-30,2001-06-21
9688,Fernanda Gomes,950.716.278-09,1983-05-22
9689,Valentina Nascimento,429.057.895-06,1996-04-26
9690,Sofia Pereira,952.496.726-04,2002-07-25
9691,Eduardo Souza,912.380.508-08,1972-05-15
9692,Patricia Gomes,042.585.386-12,1995-03-30
9693,Mariana Gomes,119.035.937-51,1982-07-03
9694,Felipe Almeida,885.685.319-11,1971-04-10
9695,Carlos Ribeiro,642.927.782-80,1967-10-23
9696,Felipe Cardoso,131.434.204-56,1965-04-03
9697,Valter Dias,397.684.849-26,1952-05-15
9698,Beatriz Silva,603.229.698-91,2005-02-25
9699,Natalia Oliveira,456.625.282-50,1982-03-17
9700,Fernanda Ferreira,465.301.938-04,1976-09-29
9701,Sofia Silva,477.515.256-49,1984-06-08
9702,Larissa Cardoso,852.530.216-39,1993-03-11
9703,Mariana Cardoso,047.677.839-50,1954-11-28
9704,Eduarda Mendes,384.403.901-57,1954-07-25
9705,Mariana Lima,902.255.906-89,1956-01-14
9706,Paulo Cardoso,722.353.033-23,1986-11-12
9707,Lucas Rocha,832.891.661-47,1961-09-25
9708,Eduardo Mendes,118.249.328-98,1968-12-12
9709,Julia Gomes,574.445.693-71,1983-04-12
9710,Rafael Almeida,541.032.678-44,1999-04-08
9711,Joao Dias,661.130.144-52,1976-11-14
9712,Valentina Oliveira,048.689.063-56,1991-01-04
9713,Felipe Ferreira,144.890.659-81,1970-07-29
9714,Joao Dias,301.310.571-20,1988-08-26
9715,Tiago Dias,439.185.686-79,1992-05-25
9716,Valter Cardoso,475.862.187-06,1979-08-28
9717,Valentina Silva,657.022.458-14,1980-12-30
9718,Isabela Araujo,713.059.761-50,1998-08-11
9719,Beatriz Oliveira,551.334.123-98,1955-09-15
9720,Carlos Santos,337.774.746-06,1992-06-19
9721,Rafaela Mendes,960.003.206-80,1985-07-11
9722,Patricia Souza,771.228.044-45,1961-04-13
9723,Taina Oliveira,660.729.989-09,1981-09-06
9724,Bruno Rodrigues,457.568.348-50,1966-02-24
9725,Isabela Araujo,789.348.433-06,1969-06-21
9726,Mariana Ferreira,248.900.019-56,1952-08-03
9727,Tiago Rodrigues,876.147.332-40,1961-04-06
9728,Camila Ferreira,339.953.410-80,1971-02-20
9729,Sofia Ribeiro,550.145.307-02,1969-08-03
9730,Camila Silva,229.007.737-25,1988-11-24
9731,Andre Ribeiro,504.462.203-61,1985-11-15
9732,Vinicius Dias,957.538.029-07,2002-06-05
9733,Thiago Oliveira,202.802.132-20,1986-04-04
9734,Taina Silva,116.628.927-30,2001-05-09
9735,Rafaela Santos,815.550.786-64,1958-08-16
9736,Rafaela Santos,858.500.176-31,2001-08-16
9737,Julia Santos,990.727.809-22,1951-02-21
9738,Nicolas Ribeiro,259.463.089-63,1988-06-01
9739,Valter Martins,962.434.134-62,2005-09-20
9740,Tiago Dias,255.495.952-81,2000-06-01
9741,William Pereira,167.223.402-60,1999-02-17
9742,Joao Rocha,573.637.599-01,1979-02-16
9743,Patricia Pereira,466.896.761-02,1969-05-30
9744,Gabriel Souza,736.965.403-66,1978-11-10
9745,Henrique Mendes,742.912.930-70,1976-02-29
9746,Mariana Souza,130.121.550-31,1953-03-06
9747,Gabriela Nascimento,922.566.418-48,1992-12-02
9748,Sofia Pereira,948.806.406-46,1996-08-01
9749,Andre Cardoso,069.843.495-16,2004-01-18
9750,Lucas Dias,582.324.711-74,1974-05-25
9751,Henrique Pereira,772.080.794-47,1999-01-22
9752,Mariana Gomes,538.106.661-90,1965-11-29
9753,Samuel Oliveira,641.320.963-19,1978-09-17
9754,Rafael Araujo,921.295.916-47,1951-04-04
9755,Patricia Rocha,989.890.521-22,1980-04-26
9756,Helena Ribeiro,741.922.915-50,1967-08-09
9757,Taina Martins,191.987.875-00,2000-02-08
9758,Helena Araujo,356.232.610-60,1950-11-17
9759,Larissa Nascimento,031.442.510-11,1959-10-28
9760,Eduarda Santos,900.537.098-02,1984-03-27
9761,Gabriela Nascimento,292.883.229-73,1997-07-02
9762,Rafaela Nascimento,461.220.707-69,1968-05-16
9763,Daniela Dias,717.576.283-63,1989-05-29
9764,Vinicius Ferreira,756.637.637-32,1967-12-06
9765,Mariana Gomes,472.401.891-71,1982-05-17
9766,William Dias,108.568.861-57,1979-07-30
9767,Daniel Ribeiro,351.359.207-81,1985-07-22
9768,Gabriel Nascimento,988.996.842-86,1994-05-02
9769,Bruno Cardoso,466.234.496-47,1966-05-07
9770,Helena Araujo,876.187.057-98,1952-09-15
9771,Paulo Oliveira,091.343.429-90,1987-07-22
9772,Gabriel Lima,312.188.518-99,1963-08-27
9773,Eduarda Ferreira,420.009.098-84,1990-01-04
9774,Rafael Ferreira,972.809.957-64,1997-05-18
9775,Gabriela Silva,103.530.484-88,1993-01-25
9776,Gabriel Rocha,739.716.479-01,2005-03-16
9777,Ana Dias,742.235.029-64,1960-10-08
9778,Mariana Dias,302.392.914-92,2000-12-08
9779,Henrique Araujo,331.060.096-32,1963-12-30
9780,Eduarda Ribeiro,948.058.691-60,2005-04-11
9781,Andre Ferreira,393.865.160-12,1973-01-13
9782,Rafael Ferreira,912.906.582-85,1998-07-23
9783,Larissa Oliveira,135.916.136-81,1981-01-14
9784,Marcos Silva,594.829.298-37,1973-01-05
9785,Joao Cardoso,350.169.393-14,1968-02-24
9786,Henrique Oliveira,590.726.671-66,1986-12-17
9787,Helena Gomes,626.657.816-62,1983-02-01
9788,Joao Lima,580.282.402-67,1959-02-09
9789,Beatriz Souza,923.702.669-29,1959-05-20
9790,Vinicius Oliveira,572.652.136-61,1980-11-24
9791,Julia Carvalho,394.356.840-76,1953-06-12
9792,Felipe Ribeiro,861.584.358-99,1960-07-07
9793,Valter Dias,188.243.675-00,1999-10-19
9794,Beatriz Santos,662.277.121-91,1950-12-12
9795,Julia Santos,743.210.569-34,1952-10-27
9796,Gabriela Araujo,164.544.112-14,1980-03-10
9797,Daniela Araujo,384.175.022-20,1993-04-24
9798,Rafael Almeida,116.952.359-59,1967-06-02
9799,Tiago Costa,209.032.400-76,1990-07-26
9800,Julia Oliveira,218.785.427-29,1950-02-04
9801,Larissa Silva,945.574.639-59,2000-11-21
9802,Antonio Lima,331.682.077-99,1996-11-07
9803,Daniel Costa,753.206.134-58,1960-10-13
9804,Vinicius Costa,713.397.450-97,1964-07-31
9805,Gabriela Lima,531.159.749-65,1992-03-30
9806,Samuel Martins,643.913.261-08,1975-10-24
9807,Daniel Gomes,092.540.834-45,1981-04-11
9808,Daniela Pereira,919.587.095-49,1965-06-04
9809,Henrique Rodrigues,627.422.585-40,1969-05-07
9810,Tiago Martins,350.299.835-38,1979-08-01
9811,Lucas Silva,874.765.286-11,1999-10-08
9812,Natalia Cardoso,432.476.114-01,1970-04-27
9813,Sofia Almeida,833.506.897-60,1975-03-19
9814,Valentina Carvalho,687.174.909-87,1979-03-03
9815,Andre Costa,980.717.965-30,1968-05-21
9816,Larissa Souza,709.117.786-08,1975-11-28
9817,Vinicius Ferreira,465.889.492-00,1956-09-14
9818,Valter Nascimento,585.704.099-07,1964-03-23
9819,Felipe Carvalho,369.025.855-39,1966-03-18
9820,Carlos Souza,612.954.017-54,2004-06-26
9821,Daniel Ribeiro,989.834.370-22,1965-04-26
9822,Valentina Souza,052.835.963-03,1968-02-22
9823,Camila Santos,374.172.714-80,1993-02-26
9824,Joao Cardoso,096.020.158-02,1959-10-24
9825,Larissa Mendes,704.793.200-39,1961-10-18
9826,Taina Pereira,636.326.184-88,1991-04-16
9827,Henrique Silva,693.712.183-04,1978-06-20
9828,Natalia Cardoso,412.731.063-42,2000-05-16
9829,Fernanda Gomes,180.496.377-19,1953-09-17
9830,Julia Nascimento,002.100.580-05,2002-05-22
9831,Vinicius Mendes,262.665.680-12,1975-07-18
9832,Isabela Cardoso,503.885.367-64,1956-05-10
9833,Joao Ferreira,534.738.352-69,1959-07-02
9834,Valentina Souza,804.718.830-50,1970-11-16
9835,Fernanda Santos,112.747.054-01,1955-02-07
9836,Vinicius Mendes,567.062.154-90,1972-07-25
9837,Felipe Lima,797.618.574-84,1971-09-13
9838,Nicolas Martins,625.028.451-65,1998-12-26
9839,Eduarda Mendes,538.124.383-99,1957-11-09
9840,Fernanda Carvalho,100.957.829-40,1974-01-01
9841,Eduarda Dias,976.530.482-00,1990-10-12
9842,Helena Souza,550.396.801-80,1956-04-14
9843,Gabriel Cardoso,218.740.649-03,1963-11-07
9844,Julia Santos,735.562.022-39,2002-07-21
9845,Sofia Rocha,451.319.894-00,1997-03-04
9846,Valter Nascimento,071.730.215-61,1986-03-29
9847,Antonio Oliveira,399.476.598-60,1974-12-27
9848,Carlos Araujo,621.052.068-59,1960-10-16
9849,Ana Martins,961.387.343-00,1979-01-10
9850,Lucas Souza,102.347.704-14,1992-02-28
9851,Helena Rocha,023.881.393-25,1989-12-18
9852,Helena Rocha,981.876.322-08,1959-01-25
9853,Camila Mendes,144.093.069-44,1974-05-28
9854,Rafael Costa,721.484.634-97,1985-09-07
9855,Larissa Araujo,714.254.633-63,1954-08-07
9856,Marcos Pereira,731.256.966-82,1958-07-14
9857,Valentina Ferreira,956.142.660-97,1978-03-13
9858,Patricia Rodrigues,920.330.098-82,2003-05-03
9859,Rafael Dias,396.157.443-01,1973-08-24
9860,Helena Cardoso,811.846.298-62,1965-09-11
9861,Ana Oliveira,072.287.116-37,1975-08-31
9862,Paulo Mendes,789.833.732-88,1952-10-16
9863,Larissa Ribeiro,353.965.402-06,1991-11-26
9864,Rafael Martins,560.741.688-73,1957-08-11
9865,Daniela Almeida,469.841.985-93,1982-12-30
9866,Mariana Mendes,931.750.095-14,1986-08-30
9867,Eduarda Carvalho,880.193.943-46,1975-12-16
9868,Vinicius Almeida,871.344.391-78,1980-08-24
9869,Vinicius Rodrigues,675.359.464-70,1978-08-02
9870,Lucas Ribeiro,262.133.879-86,1986-03-29
9871,Ana Pereira,041.558.301-24,2003-11-29
9872,Fernanda Martins,463.121.283-77,1969-12-28
9873,Eduarda Silva,906.929.512-10,1974-03-14
9874,William Silva,921.890.009-98,1956-01-01
9875,Rafaela Pereira,531.129.047-10,1965-03-14
9876,Joao Silva,031.851.325-05,1952-05-05
9877,Daniel Almeida,034.658.555-40,1952-02-13
9878,Larissa Lima,360.411.037-80,1972-08-27
9879,Beatriz Cardoso,600.451.266-40,1974-01-03
9880,Vinicius Nascimento,844.376.109-11,1963-05-10
9881,Daniel Rocha,445.287.914-47,1996-11-22
9882,Paulo Souza,341.579.192-03,2002-12-24
9883,Eduarda Costa,684.716.711-40,1953-06-03
9884,Beatriz Araujo,985.192.180-75,1974-02-11
9885,Rafaela Rocha,969.271.769-00,1967-09-06
9886,Sofia Rodrigues,175.230.352-05,1987-05-14
9887,Ana Costa,486.966.357-01,1967-07-19
9888,Valter Martins,232.168.241-87,2002-05-23
9889,Igor Gomes,332.840.939-40,1973-01-31
9890,Isabela Almeida,503.336.564-90,1958-01-21
9891,Rafael Oliveira,623.092.707-17,1995-11-06
9892,Eduardo Cardoso,910.087.292-05,1973-01-29
9893,Helena Rocha,990.639.677-64,1970-02-03
9894,Vinicius Costa,325.112.683-02,1971-08-02
9895,Eduarda Araujo,430.171.991-18,1953-12-25
9896,Gabriel Gomes,174.580.997-04,1976-11-26
9897,Eduarda Martins,492.730.559-74,1968-11-05
9898,Gabriela Dias,426.021.812-34,2002-11-23
9899,Thiago Ribeiro,785.890.016-10,1990-08-09
9900,Samuel Silva,739.562.381-92,1964-12-14
9901,Lucas Nascimento,840.168.897-31,1962-12-11
9902,Igor Lima,856.136.626-57,1965-10-22
9903,Samuel Araujo,344.876.219-92,1996-12-16
9904,Helena Souza,121.785.901-28,1961-12-25
9905,Felipe Silva,253.248.405-56,2002-07-08
9906,Thiago Oliveira,470.926.506-23,1974-10-31
9907,Rafael Pereira,379.613.578-15,1966-03-16
9908,Gabriel Souza,832.941.116-81,1997-06-14
9909,Henrique Ferreira,989.094.951-20,1988-10-06
9910,Nicolas Santos,405.092.277-08,1965-02-14
9911,Rafael Ferreira,634.530.047-01,1954-02-08
9912,Patricia Oliveira,941.644.433-24,1979-04-30
9913,Samuel Lima,246.708.450-71,1974-08-23
9914,Rafaela Nascimento,371.256.981-58,1958-11-05
9915,Ana Carvalho,748.531.824-11,1987-04-08
9916,Lucas Santos,178.813.543-13,1962-03-14
9917,Eduarda Cardoso,126.415.079-27,1979-06-18
9918,Gabriel Nascimento,576.912.013-46,1979-07-22
9919,Nicolas Rodrigues,422.982.696-61,1958-09-07
9920,Thiago Gomes,254.587.281-49,1967-04-12
9921,Henrique Pereira,276.792.790-98,1980-04-13
9922,Sofia Souza,331.794.623-70,1997-06-25
9923,Rafaela Martins,369.050.731-64,1977-10-23
9924,Taina Oliveira,204.746.395-50,1966-03-23
9925,Sofia Ferreira,632.160.380-50,1996-06-11
9926,Ana Araujo,365.113.327-30,1973-11-07
9927,Sofia Dias,750.148.218-71,1997-11-21
9928,Beatriz Rocha,790.143.735-97,1990-07-21
9929,Taina Silva,012.263.300-88,1956-11-14
9930,Vinicius Costa,988.092.882-20,1953-04-26
9931,Beatriz Ribeiro,508.569.187-33,1982-12-29
9932,William Carvalho,626.132.216-31,1997-04-24
9933,Larissa Cardoso,081.621.730-05,1950-05-06
9934,Julia Araujo,134.625.384-62,1975-10-05
9935,Patricia Martins,652.041.026-80,1996-07-10
9936,Antonio Almeida,307.695.008-89,1991-10-07
9937,Julia Almeida,395.178.801-11,1973-05-31
9938,Natalia Souza,222.881.982-49,1985-08-04
9939,Valentina Pereira,582.624.486-00,1967-02-10
9940,Vinicius Mendes,771.565.100-10,1960-08-24
9941,Paulo Silva,356.721.524-81,1952-01-14
9942,Tiago Almeida,835.275.617-65,1957-05-04
9943,Mariana Rocha,796.727.704-05,1957-02-16
9944,Larissa Gomes,624.878.199-01,1968-03-21
9945,Carlos Nascimento,256.370.082-56,1978-08-20
9946,Gabriela Costa,381.962.633-68,1988-05-12
9947,Carlos Rodrigues,847.773.362-71,1968-08-09
9948,Valentina Costa,528.966.064-08,1990-04-26
9949,Bruno Rodrigues,255.738.240-07,1990-06-09
9950,Thiago Rodrigues,652.899.885-05,1979-04-13
9951,Beatriz Ribeiro,920.633.706-80,1990-11-21
9952,William Oliveira,042.855.798-80,1993-01-12
9953,Mariana Pereira,162.823.088-60,1953-01-06
9954,Patricia Ribeiro,598.871.421-82,2005-01-31
9955,Julia Almeida,646.660.458-64,2003-06-24
9956,Sofia Gomes,328.435.788-25,1973-07-12
9957,Joao Oliveira,541.597.054-13,1957-08-20
9958,Patricia Lima,530.453.356-91,1987-09-24
9959,Daniel Araujo,262.562.658-58,1979-11-05
9960,Tiago Ferreira,256.081.085-90,1989-08-10
9961,Samuel Mendes,004.598.893-54,1974-09-01
9962,Eduarda Dias,961.764.432-02,2004-05-08
9963,Ana Nascimento,658.244.898-66,1993-08-01
9964,Joao Carvalho,985.485.067-68,1996-01-23
9965,Daniela Carvalho,464.945.992-30,1973-07-14
9966,Samuel Ribeiro,910.615.343-75,1970-10-28
9967,Felipe Ferreira,712.881.079-00,1956-07-26
9968,Antonio Mendes,482.417.946-73,1983-07-11
9969,Larissa Costa,566.295.230-24,1982-09-26
9970,Patricia Silva,513.270.872-27,1979-02-09
9971,Valter Ferreira,622.308.861-26,1980-01-17
9972,Paulo Rocha,250.713.339-29,1980-06-19
9973,Vinicius Araujo,523.579.659-40,1968-09-28
9974,Eduarda Lima,917.077.574-53,1953-05-17
9975,William Almeida,602.420.119-26,1989-04-06
9976,Beatriz Pereira,562.364.063-08,1996-01-24
9977,Gabriel Rodrigues,605.747.076-11,1992-06-08
9978,Camila Almeida,100.511.127-87,1990-12-16
9979,Henrique Oliveira,386.729.383-05,1982-02-11
9980,Samuel Martins,558.128.485-72,1980-02-16
9981,Beatriz Gomes,635.306.787-91,1969-12-03
9982,Samuel Lima,110.734.294-58,1983-12-13
9983,Valentina Souza,171.393.863-40,1955-01-04
9984,Nicolas Ribeiro,825.929.828-76,1960-07-21
9985,Julia Pereira,816.182.332-46,2000-12-26
9986,Sofia Oliveira,946.007.851-69,1996-12-14
9987,Fernanda Gomes,775.041.190-91,1979-04-24
9988,Ana Nascimento,831.269.223-17,2001-09-25
9989,Henrique Martins,872.936.317-90,1996-01-03
9990,Henrique Cardoso,088.882.390-81,1954-05-13
9991,Carlos Pereira,238.924.125-53,1987-08-07
9992,Mariana Araujo,476.266.184-83,1953-12-25
9993,Marcos Santos,873.711.617-77,1972-12-22
9994,Gabriela Almeida,527.008.780-43,1969-02-17
9995,Larissa Lima,097.162.834-31,1994-06-19
9996,Bruno Lima,800.291.467-80,1964-10-15
9997,Gabriel Silva,886.016.072-33,1966-03-09
9998,Natalia Mendes,970.895.209-51,1995-12-05
9999,Fernanda Oliveira,490.018.710-03,2004-03-17
10000,Gabriela Costa,676.181.828-17,1967-02-18
